Head,Neck,Shoulders,Chest,Waist,Legs,Feet,Wrist,Hands,Ring 1,Ring 2,Trinket 1,Trinket 2,Back,Main Hand,Off Hand,character.id,Tabard,Shirt
Wing Commander's Helmet,Sin Stained Pendant,Shadowghast Pauldrons,Breastplate of Otherworldly Influence,Fused Bone Greatbelt,Galvanized Oxxein Legguards,Muckwallow Stompers,Thunderous Echo Vambraces,Colossal Plate Gauntlets,Bloodoath Signet,Signet of the False Accuser,Anima Field Emitter,Blood-Spattered Scale,Dealer Xy'exa's Cape,Supercollider,Acidslough Bulwark,148078900,,
Wrathbark Greathelm,Sinful Gladiator's Necklace,Prankster's Pauldrons,Breastplate of Otherworldly Influence,Sinful Gladiator's Plate Greatbelt,Sinful Gladiator's Plate Legguards,Shadowghast Sabatons,Hellhound Cuffs,Fleshfused Crushers,Ritualist's Treasured Ring,Bloodoath Signet,Inscrutable Quantum Device,Splintered Heart of Al'ar,Drape of Twisted Loyalties,Sinful Gladiator's Swordbreaker,Barricade of the Endless Empire,150451053,Warsong Battle Tabard,
Darkfrost Helmet,Azure-Venom Choker,Shadowghast Pauldrons,Abdominal Securing Chestguard,Girdle of the Soulflayer,Gormshell Greaves,Muckwallow Stompers,Thunderous Echo Vambraces,Fogweaver Gauntlets,Most Regal Signet of Sire Denathrius,Ritual Bone Band,Anima Field Emitter,Blood-Spattered Scale,Dealer Xy'exa's Cape,Engorged Worm Smasher,Encrusted Canopic Lid,192835377,Tabard of the Ascended,
Darkfrost Helmet,Sinful Gladiator's Necklace,Shadowghast Pauldrons,Rampaging Giant's Chestplate,Scarred Bloodbound Girdle,Ceremonial Parade Legguards,Sinful Gladiator's Plate Warboots,Vambraces of the Depraved Warden,Fleshfused Crushers,Hyperlight Band,Stitchflesh's Misplaced Signet,Blood-Spattered Scale,Sinful Gladiator's Insignia of Alacrity,Blighted Margrave's Cloak,Sinful Gladiator's Xiphos,Barricade of the Endless Empire,198291286,,
Shadowghast Helm,Sin Stained Pendant,Pauldrons of Unleashed Pride,Breastplate of Otherworldly Influence,Girdle of the Soulflayer,Gormshell Greaves,Errant Crusader's Greaves,Vambraces of the Depraved Warden,Fleshfused Crushers,Ritual Bone Band,Most Regal Signet of Sire Denathrius,Blood-Spattered Scale,Stone Legion Heraldry,Cowled Batwing Cloak,Sophisticated Bonecracker,Encrusted Canopic Lid,106800348,Tabard of the Lightbringer,
Shadowghast Helm,Sinful Gladiator's Necklace,Epaulettes of Overwhelming Force,Abdominal Securing Chestguard,Stoic Guardsman's Belt,Ceremonial Parade Legguards,Sinful Gladiator's Plate Warboots,Hellhound Cuffs,Fallen Templar's Gauntlets,Ritualist's Treasured Ring,Hyperlight Band,Blood-Spattered Scale,Sinful Gladiator's Insignia of Alacrity,Decadent Nathrian Shawl,Axe of the Deadgrove,Sinful Gladiator's Guard,33356986,Wrathful Gladiator's Tabard,Precious' Ribbon
Wing Commander's Helmet,Sin Stained Pendant,Sinful Gladiator's Plate Pauldrons,Sinful Gladiator's Plate Chestguard,Girdle of the Soulflayer,Legplates of Unholy Frenzy,Muckwallow Stompers,Sinful Gladiator's Plate Vambraces,Fleshfused Crushers,Stitchflesh's Misplaced Signet,Shadowghast Ring,Blood-Spattered Scale,Sinful Gladiator's Insignia of Alacrity,Drape of Twisted Loyalties,Sinsmasher,Encrusted Canopic Lid,157662037,Huojin Tabard,Fashionable Undershirt
Shadowghast Helm,Sin Stained Pendant,Prankster's Pauldrons,Breastplate of Fatal Contrivances,Scarred Bloodbound Girdle,Legplates of Unholy Frenzy,Dynamo Doomstompers,Soldier's Stoneband Wristguards,Fallen Templar's Gauntlets,Stitchflesh's Misplaced Signet,Ardent Sunstar Signet,Splintered Heart of Al'ar,Blood-Spattered Scale,Crest of the Legionnaire General,Ascended Gladius of Glory,Acidslough Bulwark,89907460,,
Diadem of Imperious Desire,Sin Stained Pendant,Pauldrons of Unleashed Pride,Breastplate of Otherworldly Influence,Shadowghast Waistguard,Galvanized Oxxein Legguards,Sinful Gladiator's Plate Warboots,Pit Fighter's Wristguards,Fleshfused Crushers,Sinful Gladiator's Ring,Stitchflesh's Misplaced Signet,Inscrutable Quantum Device,Sinful Gladiator's Insignia of Alacrity,Sinful Gladiator's Drape,Axe of the Deadgrove,Sinful Gladiator's Guard,147483914,,
Diadem of Imperious Desire,Sinful Gladiator's Necklace,Unyielding Combatant's Pauldrons,Sinful Gladiator's Plate Chestguard,Shadowghast Waistguard,Gormshell Greaves,Sinful Gladiator's Plate Warboots,Pit Fighter's Wristguards,Fleshfused Crushers,Stitchflesh's Misplaced Signet,Sinful Gladiator's Ring,Anima Field Emitter,Blood-Spattered Scale,Blighted Margrave's Cloak,Engorged Worm Smasher,Acidslough Bulwark,158487277,Bilgewater Cartel Tabard,
Wrathbark Greathelm,Charm of Eternal Winter,Shadowghast Pauldrons,Breastplate of Fatal Contrivances,Stoic Guardsman's Belt,Halkias's Towering Pillars,Sabatons of the Rushing Juggernaut,Soldier's Stoneband Wristguards,Guilewind Stone Talons,Fleshfused Circle,Ritualist's Treasured Ring,Gluttonous Spike,Skulker's Wing,Cowled Batwing Cloak,Axe of the Deadgrove,Acidslough Bulwark,179027754,,
Wrathbark Greathelm,Sin Stained Pendant,Vile Butcher's Pauldrons,Breastplate of Otherworldly Influence,Shadowghast Waistguard,Galvanized Oxxein Legguards,Warboots of Ruthless Conviction,Shoulderblade Vambraces,Fogweaver Gauntlets,Ritualist's Treasured Ring,Band of the Risen Bonelord,Sinful Gladiator's Insignia of Alacrity,Blood-Spattered Scale,Sinful Gladiator's Drape,Supercollider,Sinful Gladiator's Bulwark,143372979,,Sharkskin Tunic
Wing Commander's Helmet,Sin Stained Pendant,Shadowghast Pauldrons,Breastplate of Brutal Dissonance,Stoic Guardsman's Belt,Galvanized Oxxein Legguards,Dynamo Doomstompers,Soldier's Stoneband Wristguards,Fleshfused Crushers,Signet of the False Accuser,Ritual Bone Band,Blood-Spattered Scale,Anima Field Emitter,Decadent Nathrian Shawl,Ascended Gladius of Glory,Acidslough Bulwark,184277328,Undercity Tabard,Croc-Tooth Harness
Wing Commander's Helmet,Sin Stained Pendant,Shadowghast Pauldrons,Breastplate of Cautious Calculation,Binding of Warped Desires,Halkias's Towering Pillars,Errant Crusader's Greaves,Pit Fighter's Wristguards,Guilewind Stone Talons,Ritualist's Treasured Ring,Death God's Signet,Stone Legion Heraldry,Sinful Gladiator's Insignia of Alacrity,Crest of the Legionnaire General,Sinful Gladiator's Xiphos,Encrusted Canopic Lid,113646499,Tabard of the Lightbringer,Precious' Ribbon
Wing Commander's Helmet,Azure-Venom Choker,Epaulettes of Overwhelming Force,Breastplate of Cautious Calculation,Girdle of the Soulflayer,Gormshell Greaves,Stoneguard Attendant's Boots,Soldier's Stoneband Wristguards,Fallen Templar's Gauntlets,Shadowghast Ring,Most Regal Signet of Sire Denathrius,Inscrutable Quantum Device,Macabre Sheet Music,Cowled Batwing Cloak,Supercollider,Encrusted Canopic Lid,136574123,,Wraps of the Blood-Soaked Brawler
Shadowghast Helm,Sin Stained Pendant,Unyielding Combatant's Pauldrons,Abdominal Securing Chestguard,Girdle of the Soulflayer,Galvanized Oxxein Legguards,Muckwallow Stompers,Vambraces of the Depraved Warden,Fleshfused Crushers,Ritual Bone Band,Arachnid Cipher Ring,Blood-Spattered Scale,Inscrutable Quantum Device,Blighted Margrave's Cloak,Axe of the Deadgrove,Barricade of the Endless Empire,110447787,Champions of Azeroth Tabard,
Darkfrost Helmet,Trailspinner Pendant,Shadowghast Pauldrons,Breastplate of Brutal Dissonance,Stoic Guardsman's Belt,Gormshell Greaves,Errant Crusader's Greaves,Pit Fighter's Wristguards,Guilewind Stone Talons,Stitchflesh's Misplaced Signet,Death God's Signet,Inscrutable Quantum Device,Splintered Heart of Al'ar,Mantle of Manifest Sins,Gorestained Cleaver,Elysian Sentinel's Aegis,145980831,Illustrious Guild Tabard,Amber Filigreed Doublet
Shadowghast Helm,Sin Stained Pendant,Unyielding Combatant's Pauldrons,Breastplate of Otherworldly Influence,Stoic Guardsman's Belt,Gormshell Greaves,Muckwallow Stompers,Vambraces of the Depraved Warden,Fleshfused Crushers,Ritual Bone Band,Ritualist's Treasured Ring,Bargast's Leash,Anima Field Emitter,Cowled Batwing Cloak,Sinful Gladiator's Xiphos,Elysian Sentinel's Aegis,42015450,Argent Crusader's Tabard,Paper Shirt
Darkfrost Helmet,Sinful Gladiator's Necklace,Shadowghast Pauldrons,Breastplate of Brutal Dissonance,Sinful Gladiator's Plate Greatbelt,Halkias's Towering Pillars,Sinful Gladiator's Plate Warboots,Sinful Gladiator's Plate Vambraces,Hardened Castle Crushers,Signet of the False Accuser,Stitchflesh's Misplaced Signet,Anima Field Emitter,Blood-Spattered Scale,Drape of Twisted Loyalties,Sophisticated Bonecracker,Sinful Gladiator's Guard,174023878,Renowned Guild Tabard,Artisan Officer's Shirt
Diadem of Imperious Desire,Sin Stained Pendant,Shadowghast Pauldrons,Abdominal Securing Chestguard,Scarred Bloodbound Girdle,Ceremonial Parade Legguards,Sinful Gladiator's Plate Warboots,Thunderous Echo Vambraces,Fallen Templar's Gauntlets,Arachnid Cipher Ring,Ritualist's Treasured Ring,Stone Legion Heraldry,Slimy Consumptive Organ,Drape of Twisted Loyalties,Sinful Gladiator's Swordbreaker,Acidslough Bulwark,195442580,,
Darkfrost Helmet,Sin Stained Pendant,Shadowghast Pauldrons,Breastplate of Otherworldly Influence,Girdle of the Soulflayer,Galvanized Oxxein Legguards,Warboots of Ruthless Conviction,Thunderous Echo Vambraces,Fleshfused Crushers,Hyperlight Band,Stitchflesh's Misplaced Signet,Blood-Spattered Scale,Anima Field Emitter,Crest of the Legionnaire General,Axe of the Deadgrove,Acidslough Bulwark,147395689,,
Plague Handler's Greathelm,Sinful Gladiator's Necklace,Shadowghast Pauldrons,Sinful Gladiator's Plate Chestguard,Girdle of the Soulflayer,Sinful Gladiator's Plate Wargreaves,Errant Crusader's Greaves,Vambraces of the Depraved Warden,Fleshfused Crushers,Stitchflesh's Misplaced Signet,Sinful Gladiator's Ring,Sinful Gladiator's Badge of Ferocity,Blood-Spattered Scale,Blighted Margrave's Cloak,Sinful Gladiator's Xiphos,Acidslough Bulwark,171439082,,
Darkfrost Helmet,Sin Stained Pendant,Shadowghast Pauldrons,Breastplate of Cautious Calculation,Girdle of the Soulflayer,Halkias's Towering Pillars,Sabatons of the Rushing Juggernaut,Reality-Shatter Vambraces,Selfless Collector's Gauntlets,Most Regal Signet of Sire Denathrius,Ardent Sunstar Signet,Inscrutable Quantum Device,Blood-Spattered Scale,Cowled Batwing Cloak,Gorestained Cleaver,Encrusted Canopic Lid,105455006,Blood Knight Tabard,White Swashbuckler's Shirt
Darkfrost Helmet,Sinful Gladiator's Necklace,Prankster's Pauldrons,Breastplate of Otherworldly Influence,Shadowghast Waistguard,Sinful Gladiator's Plate Legguards,Errant Crusader's Greaves,Soldier's Stoneband Wristguards,Fleshfused Crushers,Signet of the False Accuser,Stitchflesh's Misplaced Signet,Blood-Spattered Scale,Anima Field Emitter,Blighted Margrave's Cloak,Sophisticated Bonecracker,Barricade of the Endless Empire,160367283,,
Darkfrost Helmet,Sinful Gladiator's Amulet,Shadowghast Pauldrons,Sinful Gladiator's Plate Chestguard,Sinful Gladiator's Plate Greatbelt,Sinful Gladiator's Plate Wargreaves,Sinful Gladiator's Plate Warboots,Sinful Aspirant's Plate Cuffs,Fleshfused Crushers,Ritualist's Treasured Ring,Bloodoath Signet,Sinful Gladiator's Insignia of Alacrity,Anima Field Emitter,Blighted Margrave's Cloak,Supercollider,Sinful Gladiator's Guard,153765540,Brawler's Guild Tabard,Ebon Filigreed Doublet
Darkfrost Helmet,Azure-Venom Choker,Shadowghast Pauldrons,Breastplate of Brutal Dissonance,Waistguard of Expurged Anguish,Galvanized Oxxein Legguards,Muckwallow Stompers,Hellhound Cuffs,Fogweaver Gauntlets,Death God's Signet,Ritual Bone Band,Viscera of Coalesced Hatred,Blood-Spattered Scale,Mantle of Manifest Sins,Engorged Worm Smasher,Acidslough Bulwark,176081945,,
Wing Commander's Helmet,Sin Stained Pendant,Prankster's Pauldrons,Sinful Gladiator's Plate Chestguard,Fused Bone Greatbelt,Sinful Gladiator's Plate Legguards,Errant Crusader's Greaves,Reality-Shatter Vambraces,Fogweaver Gauntlets,Stitchflesh's Misplaced Signet,Shadowghast Ring,Blood-Spattered Scale,Anima Field Emitter,Cloak of Enveloping Manifestations,Gorestained Cleaver,Acidslough Bulwark,183621841,,Blue Linen Shirt
Shadowghast Helm,Sinful Gladiator's Necklace,Pauldrons of Unleashed Pride,Rampaging Giant's Chestplate,Waistguard of Expurged Anguish,Halkias's Towering Pillars,Stoneguard Attendant's Boots,Shoulderblade Vambraces,Guilewind Stone Talons,Ritual Bone Band,Death God's Signet,Blood-Spattered Scale,Sinful Aspirant's Insignia of Alacrity,Drape of Twisted Loyalties,Engorged Worm Smasher,Elysian Sentinel's Aegis,185742940,,
Wing Commander's Helmet,Charm of Eternal Winter,Unyielding Combatant's Pauldrons,Breastplate of Fatal Contrivances,Scarred Bloodbound Girdle,Halkias's Towering Pillars,Sabatons of the Rushing Juggernaut,Pit Fighter's Wristguards,Fleshfused Crushers,Shadowghast Ring,Stitchflesh's Misplaced Signet,Anima Field Emitter,Sinful Gladiator's Insignia of Alacrity,Cowled Batwing Cloak,Axe of the Deadgrove,Chyrus's Crest of Hope,168873055,Orgrimmar Tabard,
Sinful Gladiator's Plate Helm,Sin Stained Pendant,Epaulettes of Overwhelming Force,Sinful Gladiator's Plate Chestplate,Girdle of the Soulflayer,Shadowghast Greaves,Errant Crusader's Greaves,Reality-Shatter Vambraces,Sinful Gladiator's Plate Handguards,Most Regal Signet of Sire Denathrius,Sinful Gladiator's Signet,Stone Legion Heraldry,Blood-Spattered Scale,Cowled Batwing Cloak,Sophisticated Bonecracker,Encrusted Canopic Lid,195177961,Tabard of the Lightbringer,Precious' Ribbon
Wrathbark Greathelm,Sin Stained Pendant,Shadowghast Pauldrons,Breastplate of Otherworldly Influence,Fused Bone Greatbelt,Legplates of Unholy Frenzy,Stoneguard Attendant's Boots,Hellhound Cuffs,Guilewind Stone Talons,Most Regal Signet of Sire Denathrius,Band of the Risen Bonelord,Anima Field Emitter,Darkmoon Deck: Voracity,Cloak of Enveloping Manifestations,Supercollider,Encrusted Canopic Lid,168959257,Tabard of the Zandalari Empire,Dark Silk Shirt
Shadowghast Helm,Charm of Eternal Winter,Pauldrons of Unleashed Pride,Breastplate of Otherworldly Influence,Fused Bone Greatbelt,Gormshell Greaves,Dynamo Doomstompers,Vambraces of the Depraved Warden,Hardened Castle Crushers,Death God's Signet,Ritualist's Treasured Ring,Anima Field Emitter,Splintered Heart of Al'ar,Cowled Batwing Cloak,Axe of the Deadgrove,Elysian Sentinel's Aegis,176474438,,
Darkfrost Helmet,Sin Stained Pendant,Shadowghast Pauldrons,Breastplate of Cautious Calculation,Scarred Bloodbound Girdle,Halkias's Towering Pillars,Muckwallow Stompers,Vambraces of the Depraved Warden,Fogweaver Gauntlets,Bloodoath Signet,Stitchflesh's Misplaced Signet,Slimy Consumptive Organ,Splintered Heart of Al'ar,Blighted Margrave's Cloak,Axe of the Deadgrove,Acidslough Bulwark,102761668,Argent Crusader's Tabard,
Shadowghast Helm,Sin Stained Pendant,Unyielding Combatant's Pauldrons,Breastplate of Fatal Contrivances,Binding of Warped Desires,Halkias's Towering Pillars,Stoneguard Attendant's Boots,Vambraces of the Depraved Warden,Colossal Plate Gauntlets,Signet of the False Accuser,Most Regal Signet of Sire Denathrius,Blood-Spattered Scale,Splintered Heart of Al'ar,Crest of the Legionnaire General,Axe of the Deadgrove,Builwark of the Stone Legion,81716252,,Blue Linen Shirt
Darkfrost Helmet,Sin Stained Pendant,Shadowghast Pauldrons,Sinful Gladiator's Plate Chestguard,Scarred Bloodbound Girdle,Sinful Gladiator's Plate Legguards,Errant Crusader's Greaves,Thunderous Echo Vambraces,Sinful Gladiator's Plate Handguards,Hyperlight Band,Ardent Sunstar Signet,Blood-Spattered Scale,Anima Field Emitter,Decadent Nathrian Shawl,Engorged Worm Smasher,Acidslough Bulwark,183958955,,
Wrathbark Greathelm,Trailspinner Pendant,Shadowghast Pauldrons,Breastplate of Fatal Contrivances,Scarred Bloodbound Girdle,Legplates of Unholy Frenzy,Sabatons of the Rushing Juggernaut,Shoulderblade Vambraces,Fogweaver Gauntlets,Stitchflesh's Misplaced Signet,Death God's Signet,Anima Field Emitter,Blood-Spattered Scale,Blighted Margrave's Cloak,Axe of the Deadgrove,Encrusted Canopic Lid,161552105,,
Shadowghast Helm,Charm of Eternal Winter,Pauldrons of Unleashed Pride,Breastplate of Fatal Contrivances,Scarred Bloodbound Girdle,Halkias's Towering Pillars,Dynamo Doomstompers,Vambraces of the Depraved Warden,Distorted Construct's Gauntlets,Death God's Signet,Signet of the False Accuser,Blood-Spattered Scale,Anima Field Emitter,Drape of Twisted Loyalties,Supercollider,Encrusted Canopic Lid,155664226,,
Darkfrost Helmet,Sinful Gladiator's Necklace,Shadowghast Pauldrons,Sinful Gladiator's Plate Chestguard,Sinful Gladiator's Plate Girdle,Halkias's Towering Pillars,Sabatons of the Rushing Juggernaut,Sinful Gladiator's Plate Vambraces,Hardened Castle Crushers,Ritual Bone Band,Sinful Gladiator's Ring,Sinful Aspirant's Medallion,Sinful Aspirant's Badge of Ferocity,Blighted Margrave's Cloak,Engorged Worm Smasher,Sinful Gladiator's Guard,145191273,Tabard of the Shattered Sun,Precious' Ribbon
Wing Commander's Helmet,Sin Stained Pendant,Sinful Gladiator's Plate Pauldrons,Abdominal Securing Chestguard,Sinful Gladiator's Plate Greatbelt,Sinful Gladiator's Plate Legguards,Sinful Gladiator's Plate Warboots,Vambraces of the Depraved Warden,Guilewind Stone Talons,Entwined Gorger Tendril,Shadowghast Ring,Bargast's Leash,Blood-Spattered Scale,Blighted Margrave's Cloak,Engorged Worm Smasher,Acidslough Bulwark,175857019,,
Wrathbark Greathelm,Charm of Eternal Winter,Epaulettes of Overwhelming Force,Sinful Gladiator's Plate Chestguard,Shadowghast Waistguard,Ceremonial Parade Legguards,Errant Crusader's Greaves,Soldier's Stoneband Wristguards,Sinful Gladiator's Plate Gauntlets,Sinful Gladiator's Ring,Sinful Gladiator's Band,Sinful Gladiator's Badge of Ferocity,Stone Legion Heraldry,Sinful Gladiator's Drape,Xandria's Kopis of Courage,Chyrus's Crest of Hope,182266402,Tabard of the Lightbringer,
Diadem of Imperious Desire,Sinful Gladiator's Necklace,Unyielding Combatant's Pauldrons,Breastplate of Fatal Contrivances,Shadowghast Waistguard,Sinful Gladiator's Plate Legguards,Errant Crusader's Greaves,Sinful Gladiator's Plate Vambraces,Fleshfused Crushers,Death God's Signet,Ritualist's Treasured Ring,Blood-Spattered Scale,Splintered Heart of Al'ar,Cowled Batwing Cloak,Engorged Worm Smasher,Acidslough Bulwark,154538607,Tabard of the Zandalari,
Shadowghast Helm,Sin Stained Pendant,Sinful Gladiator's Plate Pauldrons,Sinful Gladiator's Plate Chestguard,Fused Bone Greatbelt,Halkias's Towering Pillars,Sinful Gladiator's Plate Warboots,Sinful Gladiator's Plate Vambraces,Distorted Construct's Gauntlets,Ritual Commander's Ring,Sinful Gladiator's Ring,Blood-Spattered Scale,Splintered Heart of Al'ar,Sinful Gladiator's Drape,Engorged Worm Smasher,Barricade of the Endless Empire,151740789,Tabard of the Lightbringer,Precious' Ribbon
Plague Handler's Greathelm,Sin Stained Pendant,Prankster's Pauldrons,Breastplate of Otherworldly Influence,Shadowghast Waistguard,Ceremonial Parade Legguards,Dynamo Doomstompers,Hellhound Cuffs,Fallen Templar's Gauntlets,Bloodoath Signet,Signet of the False Accuser,Sanguine Vintage,Overwhelming Power Crystal,Crest of the Legionnaire General,Engorged Worm Smasher,Chyrus's Crest of Hope,81214680,,
Wrathbark Greathelm,Azure-Venom Choker,Sinful Gladiator's Plate Shoulders,Abdominal Securing Chestguard,Shadowghast Waistguard,Halkias's Towering Pillars,Warboots of Ruthless Conviction,Vambraces of the Depraved Warden,Fleshfused Crushers,Sinful Gladiator's Ring,Ritual Bone Band,Viscera of Coalesced Hatred,Blood-Spattered Scale,Blighted Margrave's Cloak,Sinful Gladiator's Shillelagh,Sinful Gladiator's Bulwark,197137246,Tabard of the Wild Hunt,
Shadowghast Helm,Sin Stained Pendant,Unyielding Combatant's Pauldrons,Rampaging Giant's Chestplate,Stoic Guardsman's Belt,Halkias's Towering Pillars,Muckwallow Stompers,Soldier's Stoneband Wristguards,Colossal Plate Gauntlets,Hyperlight Band,Death God's Signet,Blood-Spattered Scale,Splintered Heart of Al'ar,Cowled Batwing Cloak,Engorged Worm Smasher,Elysian Sentinel's Aegis,175158446,Tabard of the Zandalari,
Darkfrost Helmet,Sinful Gladiator's Necklace,Shadowghast Pauldrons,Sinful Gladiator's Plate Chestguard,Binding of Warped Desires,Halkias's Towering Pillars,Errant Crusader's Greaves,Vambraces of the Depraved Warden,Distorted Construct's Gauntlets,Death God's Signet,Sinful Gladiator's Ring,Blood-Spattered Scale,Splintered Heart of Al'ar,Blighted Margrave's Cloak,Gorestained Cleaver,Chyrus's Crest of Hope,193148121,,
Wrathbark Greathelm,Azure-Venom Choker,Prankster's Pauldrons,Breastplate of Brutal Dissonance,Fused Bone Greatbelt,Gormshell Greaves,Sabatons of the Rushing Juggernaut,Pit Fighter's Wristguards,Guilewind Stone Talons,Signet of the False Accuser,Shadowghast Ring,Sinful Gladiator's Insignia of Alacrity,Blood-Spattered Scale,Blighted Margrave's Cloak,Engorged Worm Smasher,Barricade of the Endless Empire,181402947,Tabard of the Lightbringer,Stylish Red Shirt
Darkfrost Helmet,Sin Stained Pendant,Unyielding Combatant's Pauldrons,Breastplate of Otherworldly Influence,Shadowghast Waistguard,Galvanized Oxxein Legguards,Warboots of Ruthless Conviction,Pit Fighter's Wristguards,Fleshfused Crushers,Signet of the False Accuser,Death God's Signet,Blood-Spattered Scale,Gluttonous Spike,Blighted Margrave's Cloak,Supercollider,Acidslough Bulwark,113387085,Tabard of the Unshackled,
Wing Commander's Helmet,Sinful Gladiator's Necklace,Sinful Gladiator's Plate Pauldrons,Abdominal Securing Chestguard,Shadowghast Waistguard,Halkias's Towering Pillars,Muckwallow Stompers,Thunderous Echo Vambraces,Sinful Gladiator's Plate Handguards,Stitchflesh's Misplaced Signet,Ritualist's Treasured Ring,Blood-Spattered Scale,Splintered Heart of Al'ar,Drape of Twisted Loyalties,Engorged Worm Smasher,Sinful Gladiator's Guard,69296778,,Precious' Ribbon
Shadowghast Helm,Sin Stained Pendant,Vile Butcher's Pauldrons,Breastplate of Cautious Calculation,Fused Bone Greatbelt,Endlessly Gluttonous Greaves,Warboots of Ruthless Conviction,Sinful Gladiator's Plate Vambraces,Fogweaver Gauntlets,Stitchflesh's Misplaced Signet,Signet of the False Accuser,Inscrutable Quantum Device,Anima Field Emitter,Sinful Gladiator's Drape,Sinful Gladiator's Xiphos,Sinful Gladiator's Guard,113377211,,
Shadowghast Helm,Sin Stained Pendant,Prankster's Pauldrons,Rampaging Giant's Chestplate,Girdle of the Soulflayer,Halkias's Towering Pillars,Stoneguard Attendant's Boots,Soldier's Stoneband Wristguards,Hardened Castle Crushers,Stitchflesh's Misplaced Signet,Ritual Bone Band,Blood-Spattered Scale,Splintered Heart of Al'ar,Cowled Batwing Cloak,Engorged Worm Smasher,Acidslough Bulwark,194396987,Orgrimmar Tabard,
Shadowghast Helm,Sinful Gladiator's Necklace,Unyielding Combatant's Pauldrons,Breastplate of Fatal Contrivances,Girdle of the Soulflayer,Halkias's Towering Pillars,Sinful Gladiator's Plate Warboots,Vambraces of the Depraved Warden,Fleshfused Crushers,Ritual Bone Band,Arachnid Cipher Ring,Blood-Spattered Scale,Sinful Gladiator's Insignia of Alacrity,Blighted Margrave's Cloak,Engorged Worm Smasher,Acidslough Bulwark,245287039,,
Darkfrost Helmet,Sin Stained Pendant,Shadowghast Pauldrons,Breastplate of Otherworldly Influence,Waistguard of Expurged Anguish,Galvanized Oxxein Legguards,Muckwallow Stompers,Thunderous Echo Vambraces,Fleshfused Crushers,Arachnid Cipher Ring,Death God's Signet,Decanter of Anima-Charged Winds,Viscera of Coalesced Hatred,Cowled Batwing Cloak,Sophisticated Bonecracker,Barricade of the Endless Empire,110625023,,
Wrathbark Greathelm,Sin Stained Pendant,Shadowghast Pauldrons,Rampaging Giant's Chestplate,Binding of Warped Desires,Halkias's Towering Pillars,Errant Crusader's Greaves,Reality-Shatter Vambraces,Colossal Plate Gauntlets,Stitchflesh's Misplaced Signet,Sinful Gladiator's Ring,Blood-Spattered Scale,Sinful Gladiator's Insignia of Alacrity,Cowled Batwing Cloak,Sophisticated Bonecracker,Encrusted Canopic Lid,173345426,,
Plague Handler's Greathelm,Trailspinner Pendant,Unyielding Combatant's Pauldrons,Abdominal Securing Chestguard,Shadowghast Waistguard,Halkias's Towering Pillars,Warboots of Ruthless Conviction,Hellhound Cuffs,Distorted Construct's Gauntlets,Ritual Commander's Ring,Bloodoath Signet,Anima Field Emitter,Blood-Spattered Scale,Blighted Margrave's Cloak,Engorged Worm Smasher,Acidslough Bulwark,157089399,Tabard of the Zandalari,
Wing Commander's Helmet,Charm of Eternal Winter,Epaulettes of Overwhelming Force,Breastplate of Otherworldly Influence,Shadowghast Waistguard,Gormshell Greaves,Errant Crusader's Greaves,Soldier's Stoneband Wristguards,Colossal Plate Gauntlets,Death God's Signet,Signet of the False Accuser,Blood-Spattered Scale,Splintered Heart of Al'ar,Crest of the Legionnaire General,Ascended Gladius of Glory,Elysian Sentinel's Aegis,163632883,,Precious' Ribbon
Wing Commander's Helmet,Sinful Gladiator's Necklace,Shadowghast Pauldrons,Sinful Gladiator's Plate Chestguard,Girdle of the Soulflayer,Halkias's Towering Pillars,Stoneguard Attendant's Boots,Vambraces of the Depraved Warden,Distorted Construct's Gauntlets,Sinful Gladiator's Ring,Death God's Signet,Inscrutable Quantum Device,Blood-Spattered Scale,Sinful Gladiator's Drape,Engorged Worm Smasher,Sinful Gladiator's Guard,154699600,Tabard of the Zandalari,
Wing Commander's Helmet,Sinful Gladiator's Necklace,Unyielding Combatant's Pauldrons,Rampaging Giant's Chestplate,Binding of Warped Desires,Halkias's Towering Pillars,Dynamo Doomstompers,Reality-Shatter Vambraces,Colossal Plate Gauntlets,Death God's Signet,Shadowghast Ring,Blood-Spattered Scale,Splintered Heart of Al'ar,Blighted Margrave's Cloak,Engorged Worm Smasher,Chyrus's Crest of Hope,73785417,,Captain Sanders' Shirt
Wing Commander's Helmet,Trailspinner Pendant,Sinful Gladiator's Plate Pauldrons,Rampaging Giant's Chestplate,Fused Bone Greatbelt,Shadowghast Greaves,Errant Crusader's Greaves,Pit Fighter's Wristguards,Colossal Plate Gauntlets,Entwined Gorger Tendril,Ritualist's Treasured Ring,Sanguine Vintage,Stone Legion Heraldry,Cowled Batwing Cloak,Sinful Gladiator's Xiphos,Sinful Gladiator's Guard,160597285,,
Wrathbark Greathelm,Trailspinner Pendant,Shadowghast Pauldrons,Breastplate of Otherworldly Influence,Scarred Bloodbound Girdle,Gormshell Greaves,Warboots of Ruthless Conviction,Hellhound Cuffs,Fleshfused Crushers,Bloodoath Signet,Stitchflesh's Misplaced Signet,Decanter of Anima-Charged Winds,Phial of Putrefaction,Cowled Batwing Cloak,Gorestained Cleaver,Barricade of the Endless Empire,73171677,,
Wrathbark Greathelm,Sin Stained Pendant,Shadowghast Pauldrons,Abdominal Securing Chestguard,Waistguard of Expurged Anguish,Endlessly Gluttonous Greaves,Errant Crusader's Greaves,Thunderous Echo Vambraces,Distorted Construct's Gauntlets,Signet of the False Accuser,Stitchflesh's Misplaced Signet,Inscrutable Quantum Device,Blood-Spattered Scale,Cowled Batwing Cloak,Sinful Gladiator's Xiphos,Elysian Sentinel's Aegis,175919321,,Stylish Black Shirt
Darkfrost Helmet,Azure-Venom Choker,Prankster's Pauldrons,Selfless Collector's Chestplate,Shadowghast Waistguard,Legplates of Unholy Frenzy,Errant Crusader's Greaves,Reality-Shatter Vambraces,Fleshfused Crushers,Stitchflesh's Misplaced Signet,Ritual Bone Band,Slimy Consumptive Organ,Blood-Spattered Scale,Blighted Margrave's Cloak,Sophisticated Bonecracker,Acidslough Bulwark,175331111,Renowned Guild Tabard,
Darkfrost Helmet,Trailspinner Pendant,Pauldrons of Unleashed Pride,Breastplate of Otherworldly Influence,Shadowghast Waistguard,Galvanized Oxxein Legguards,Muckwallow Stompers,Vambraces of the Depraved Warden,Distorted Construct's Gauntlets,Signet of the False Accuser,Death God's Signet,Anima Field Emitter,Blood-Spattered Scale,Blighted Margrave's Cloak,Axe of the Deadgrove,Encrusted Canopic Lid,147116888,,Red Lumberjack Shirt
Diadem of Imperious Desire,Sinful Gladiator's Necklace,Sinful Gladiator's Plate Pauldrons,Breastplate of Otherworldly Influence,Shadowghast Waistguard,Halkias's Towering Pillars,Sinful Gladiator's Plate Warboots,Soldier's Stoneband Wristguards,Fleshfused Crushers,Stitchflesh's Misplaced Signet,Sinful Gladiator's Ring,Blood-Spattered Scale,Sinful Gladiator's Insignia of Alacrity,Blighted Margrave's Cloak,Sophisticated Bonecracker,Sinful Gladiator's Bulwark,114417971,,
Plague Handler's Greathelm,Azure-Venom Choker,Shadowghast Pauldrons,Breastplate of Cautious Calculation,Girdle of the Soulflayer,Ceremonial Parade Legguards,Errant Crusader's Greaves,Pit Fighter's Wristguards,Fallen Templar's Gauntlets,Ardent Sunstar Signet,Stitchflesh's Misplaced Signet,Blood-Spattered Scale,Stone Legion Heraldry,Cowled Batwing Cloak,Axe of the Deadgrove,Chyrus's Crest of Hope,200728727,Tabard of the Ascended,Common Brown Shirt
Diadem of Imperious Desire,Sin Stained Pendant,Unyielding Combatant's Pauldrons,Breastplate of Cautious Calculation,Scarred Bloodbound Girdle,Shadowghast Greaves,Sabatons of the Rushing Juggernaut,Pit Fighter's Wristguards,Colossal Plate Gauntlets,Ritual Bone Band,Ritualist's Treasured Ring,Blood-Spattered Scale,Stone Legion Heraldry,Cowled Batwing Cloak,Stoneborn Terrorblade,Acidslough Bulwark,156908535,Court of Harvesters Tabard,
Wing Commander's Helmet,Sin Stained Pendant,Unyielding Combatant's Pauldrons,Abdominal Securing Chestguard,Shadowghast Waistguard,Gormshell Greaves,Muckwallow Stompers,Pit Fighter's Wristguards,Distorted Construct's Gauntlets,Stitchflesh's Misplaced Signet,Ritual Bone Band,Anima Field Emitter,Sanguine Vintage,Cowled Batwing Cloak,Sinful Gladiator's Xiphos,Acidslough Bulwark,164479772,,
Wrathbark Greathelm,Sinful Gladiator's Necklace,Sinful Gladiator's Plate Pauldrons,Rampaging Giant's Chestplate,Shadowghast Waistguard,Halkias's Towering Pillars,Dynamo Doomstompers,Soldier's Stoneband Wristguards,Hardened Castle Crushers,Signet of the False Accuser,Death God's Signet,Blood-Spattered Scale,Inscrutable Quantum Device,Blighted Margrave's Cloak,Gorestained Cleaver,Encrusted Canopic Lid,169776565,,
Darkfrost Helmet,Trailspinner Pendant,Shadowghast Pauldrons,Breastplate of Brutal Dissonance,Girdle of the Soulflayer,Halkias's Towering Pillars,Dynamo Doomstompers,Hellhound Cuffs,Fleshfused Crushers,Stitchflesh's Misplaced Signet,Death God's Signet,Anima Field Emitter,Blood-Spattered Scale,Cowled Batwing Cloak,Axe of the Deadgrove,Encrusted Canopic Lid,124422982,Orgrimmar Tabard,
Darkfrost Helmet,Sinful Gladiator's Necklace,Shadowghast Pauldrons,Sinful Gladiator's Plate Chestguard,Fused Bone Greatbelt,Halkias's Towering Pillars,Muckwallow Stompers,Reality-Shatter Vambraces,Colossal Plate Gauntlets,Sinful Gladiator's Ring,Stitchflesh's Misplaced Signet,Blood-Spattered Scale,Sinful Gladiator's Insignia of Alacrity,Cowled Batwing Cloak,Supercollider,Barricade of the Endless Empire,140580886,Stone Guard's Herald,Jade's Lovely Shirt
Plague Handler's Greathelm,Sin Stained Pendant,Shadowghast Pauldrons,Breastplate of Brutal Dissonance,Stoic Guardsman's Belt,Endlessly Gluttonous Greaves,Muckwallow Stompers,Pit Fighter's Wristguards,Distorted Construct's Gauntlets,Ritual Bone Band,Bloodoath Signet,Decanter of Anima-Charged Winds,Anima Field Emitter,Cowled Batwing Cloak,Axe of the Deadgrove,Barricade of the Endless Empire,109090209,Tabard of the Explorer,Artisan Officer's Shirt
Darkfrost Helmet,Charm of Eternal Winter,Shadowghast Pauldrons,Breastplate of Cautious Calculation,Sinful Gladiator's Plate Greatbelt,Halkias's Towering Pillars,Errant Crusader's Greaves,Soldier's Stoneband Wristguards,Fleshfused Crushers,Ritual Bone Band,Stitchflesh's Misplaced Signet,Viscera of Coalesced Hatred,Stone Legion Heraldry,Cowled Batwing Cloak,Sinful Gladiator's Xiphos,Elysian Sentinel's Aegis,165724001,,Precious' Ribbon
Sinful Gladiator's Plate Helm,Azure-Venom Choker,Unyielding Combatant's Pauldrons,Breastplate of Fatal Contrivances,Scarred Bloodbound Girdle,Legplates of Unholy Frenzy,Dynamo Doomstompers,Hellhound Cuffs,Colossal Plate Gauntlets,Shadowghast Ring,Death God's Signet,Blood-Spattered Scale,Sinful Gladiator's Insignia of Alacrity,Blighted Margrave's Cloak,Axe of the Deadgrove,Acidslough Bulwark,78393075,,
Shadowghast Helm,Sin Stained Pendant,Prankster's Pauldrons,Abdominal Securing Chestguard,Stoic Guardsman's Belt,Halkias's Towering Pillars,Dynamo Doomstompers,Pit Fighter's Wristguards,Colossal Plate Gauntlets,Ritualist's Treasured Ring,Bloodoath Signet,Blood-Spattered Scale,Anima Field Emitter,Blighted Margrave's Cloak,Axe of the Deadgrove,Acidslough Bulwark,189017370,,Fashionable Undershirt
Sinful Gladiator's Plate Helm,Trailspinner Pendant,Shadowghast Pauldrons,Breastplate of Otherworldly Influence,Binding of Warped Desires,Galvanized Oxxein Legguards,Muckwallow Stompers,Reality-Shatter Vambraces,Guilewind Stone Talons,Hyperlight Band,Bloodoath Signet,Sinful Gladiator's Insignia of Alacrity,Blood-Spattered Scale,Cowled Batwing Cloak,Axe of the Deadgrove,Encrusted Canopic Lid,195010023,,
Darkfrost Helmet,Sin Stained Pendant,Vile Butcher's Pauldrons,Sinful Gladiator's Plate Chestguard,Girdle of the Soulflayer,Halkias's Towering Pillars,Sabatons of the Rushing Juggernaut,Soldier's Stoneband Wristguards,Fleshfused Crushers,Shadowghast Ring,Sinful Gladiator's Signet,Inscrutable Quantum Device,Bladedancer's Armor Kit,Sinful Gladiator's Drape,Sinful Gladiator's Xiphos,Sinful Gladiator's Guard,157171057,,
Darkfrost Helmet,Sin Stained Pendant,Pauldrons of Unleashed Pride,Breastplate of Cautious Calculation,Shadowghast Waistguard,Gormshell Greaves,Errant Crusader's Greaves,Soldier's Stoneband Wristguards,Fallen Templar's Gauntlets,Signet of the False Accuser,Ardent Sunstar Signet,Blood-Spattered Scale,Gluttonous Spike,Decadent Nathrian Shawl,Engorged Worm Smasher,Acidslough Bulwark,196175533,,
Wrathbark Greathelm,Sinful Gladiator's Necklace,Prankster's Pauldrons,Sinful Gladiator's Plate Chestplate,Stoic Guardsman's Belt,Shadowghast Greaves,Errant Crusader's Greaves,Sinful Gladiator's Plate Wristguards,Fleshfused Crushers,Ritualist's Treasured Ring,Sinful Gladiator's Ring,Sinful Gladiator's Insignia of Alacrity,Overwhelming Power Crystal,Cowled Batwing Cloak,Axe of the Deadgrove,Sinful Gladiator's Guard,103632001,,
Wrathbark Greathelm,Sinful Gladiator's Necklace,Sinful Gladiator's Plate Pauldrons,Breastplate of Brutal Dissonance,Girdle of the Soulflayer,Legplates of Unholy Frenzy,Shadowghast Sabatons,Hellhound Cuffs,Fallen Templar's Gauntlets,Death God's Signet,Stitchflesh's Misplaced Signet,Sinful Gladiator's Insignia of Alacrity,Gluttonous Spike,Drape of Twisted Loyalties,Sinful Gladiator's Swordbreaker,Sinful Gladiator's Guard,150562402,Guild Tabard,
Wrathbark Greathelm,Sin Stained Pendant,Shadowghast Pauldrons,Sinful Gladiator's Plate Chestguard,Girdle of the Soulflayer,Legplates of Unholy Frenzy,Dynamo Doomstompers,Soldier's Stoneband Wristguards,Distorted Construct's Gauntlets,Death God's Signet,Stitchflesh's Misplaced Signet,Blood-Spattered Scale,Sinful Gladiator's Insignia of Alacrity,Sinful Gladiator's Drape,Sinsmasher,Acidslough Bulwark,136242937,,Gorgeous Blouse
Shadowghast Helm,Sinful Gladiator's Necklace,Vile Butcher's Pauldrons,Breastplate of Cautious Calculation,Stoic Guardsman's Belt,Ceremonial Parade Legguards,Errant Crusader's Greaves,Hellhound Cuffs,Guilewind Stone Talons,Fleshfused Circle,Signet of the False Accuser,Splintered Heart of Al'ar,Phial of Putrefaction,Blighted Margrave's Cloak,Gorestained Cleaver,Elysian Sentinel's Aegis,176086092,,Antiseptic-Soaked Dressing
Wrathbark Greathelm,Noble's Birthstone Pendant,Shadowghast Pauldrons,Abdominal Securing Chestguard,Scarred Bloodbound Girdle,Halkias's Towering Pillars,Sinful Gladiator's Plate Warboots,Vambraces of the Depraved Warden,Distorted Construct's Gauntlets,Bloodoath Signet,Stitchflesh's Misplaced Signet,Blood-Spattered Scale,Anima Field Emitter,Drape of Twisted Loyalties,Engorged Worm Smasher,Encrusted Canopic Lid,137105514,Tabard of the Lightbringer,
Darkfrost Helmet,Sinful Gladiator's Necklace,Shadowghast Pauldrons,Rampaging Giant's Chestplate,Binding of Warped Desires,Halkias's Towering Pillars,Stoneguard Attendant's Boots,Soldier's Stoneband Wristguards,Fallen Templar's Gauntlets,Ardent Sunstar Signet,Stitchflesh's Misplaced Signet,Sanguine Vintage,Splintered Heart of Al'ar,Crest of the Legionnaire General,Axe of the Deadgrove,Barricade of the Endless Empire,172362562,Renowned Guild Tabard,
Wrathbark Greathelm,Sin Stained Pendant,Shadowghast Pauldrons,Sinful Gladiator's Plate Chestguard,Scarred Bloodbound Girdle,Sinful Gladiator's Plate Legguards,Sinful Gladiator's Plate Warboots,Vambraces of the Depraved Warden,Sinful Gladiator's Plate Handguards,Death God's Signet,Signet of the False Accuser,Splintered Heart of Al'ar,Sinful Aspirant's Badge of Ferocity,Sinful Gladiator's Cloak,Supercollider,Sinful Gladiator's Guard,110693952,,
Plague Handler's Greathelm,Sinful Gladiator's Necklace,Shadowghast Pauldrons,Rampaging Giant's Chestplate,Girdle of the Soulflayer,Sinful Gladiator's Plate Legguards,Sinful Gladiator's Plate Warboots,Hellhound Cuffs,Distorted Construct's Gauntlets,Fleshfused Circle,Ritualist's Treasured Ring,Macabre Sheet Music,Viscera of Coalesced Hatred,Sinful Gladiator's Drape,Sinful Gladiator's Xiphos,Barricade of the Endless Empire,175137079,Renowned Guild Tabard,Artisan Officer's Shirt
Diadem of Imperious Desire,Sin Stained Pendant,Shadowghast Pauldrons,Breastplate of Cautious Calculation,Fused Bone Greatbelt,Gormshell Greaves,Errant Crusader's Greaves,Hellhound Cuffs,Fogweaver Gauntlets,Hyperlight Band,Ritualist's Treasured Ring,Blood-Spattered Scale,Viscera of Coalesced Hatred,Cloak of Enveloping Manifestations,Sinful Gladiator's Xiphos,Chyrus's Crest of Hope,159396650,,Precious' Ribbon
Darkfrost Helmet,Sin Stained Pendant,Shadowghast Pauldrons,Breastplate of Fatal Contrivances,Binding of Warped Desires,Halkias's Towering Pillars,Dynamo Doomstompers,Reality-Shatter Vambraces,Guilewind Stone Talons,Signet of the False Accuser,Arachnid Cipher Ring,Anima Field Emitter,Blood-Spattered Scale,Drape of Twisted Loyalties,Axe of the Deadgrove,Acidslough Bulwark,191746469,Tabard of the Zandalari,
Wing Commander's Helmet,Sinful Gladiator's Necklace,Shadowghast Pauldrons,Breastplate of Brutal Dissonance,Scarred Bloodbound Girdle,Halkias's Towering Pillars,Muckwallow Stompers,Thunderous Echo Vambraces,Hardened Castle Crushers,Sinful Aspirant's Ring,Fleshfused Circle,Macabre Sheet Music,Decanter of Anima-Charged Winds,Blighted Margrave's Cloak,Sophisticated Bonecracker,Barricade of the Endless Empire,154135172,,
Wrathbark Greathelm,Sin Stained Pendant,Shadowghast Pauldrons,Sinful Gladiator's Plate Chestguard,Girdle of the Soulflayer,Legplates of Unholy Frenzy,Sinful Gladiator's Plate Warboots,Sinful Gladiator's Plate Vambraces,Fleshfused Crushers,Ritualist's Treasured Ring,Sinful Gladiator's Ring,Stone Legion Heraldry,Anima Field Emitter,Crest of the Legionnaire General,Axe of the Deadgrove,Barricade of the Endless Empire,153375291,Court of Farondis Tabard,
Diadem of Imperious Desire,Sinful Gladiator's Necklace,Sinful Gladiator's Plate Pauldrons,Rampaging Giant's Chestplate,Sinful Gladiator's Plate Greatbelt,Halkias's Towering Pillars,Errant Crusader's Greaves,Shadowghast Armguards,Colossal Plate Gauntlets,Death God's Signet,Stitchflesh's Misplaced Signet,Anima Field Emitter,Inscrutable Quantum Device,Blighted Margrave's Cloak,Engorged Worm Smasher,Barricade of the Endless Empire,162618567,,
Wing Commander's Helmet,Sin Stained Pendant,Sinful Gladiator's Plate Pauldrons,Breastplate of Otherworldly Influence,Shadowghast Waistguard,Halkias's Towering Pillars,Warboots of Ruthless Conviction,Sinful Gladiator's Plate Vambraces,Colossal Plate Gauntlets,Death God's Signet,Signet of the False Accuser,Anima Field Emitter,Sinful Gladiator's Insignia of Alacrity,Dealer Xy'exa's Cape,Sinful Gladiator's Hacker,Sinful Gladiator's Guard,145636880,,
Shadowghast Helm,Charm of Eternal Winter,Epaulettes of Overwhelming Force,Rampaging Giant's Chestplate,Binding of Warped Desires,Ceremonial Parade Legguards,Errant Crusader's Greaves,Hellhound Cuffs,Guilewind Stone Talons,Signet of the False Accuser,Bloodoath Signet,Blood-Spattered Scale,Splintered Heart of Al'ar,Mantle of Manifest Sins,Axe of the Deadgrove,Elysian Sentinel's Aegis,170267257,,
Darkfrost Helmet,Sin Stained Pendant,Sinful Gladiator's Plate Shoulders,Breastplate of Fatal Contrivances,Shadowghast Waistguard,Halkias's Towering Pillars,Sinful Gladiator's Plate Warboots,Reality-Shatter Vambraces,Sinful Gladiator's Plate Gauntlets,Sinful Gladiator's Ring,Stitchflesh's Misplaced Signet,Inscrutable Quantum Device,Blood-Spattered Scale,Blighted Margrave's Cloak,Sinful Gladiator's Xiphos,Encrusted Canopic Lid,167884326,Tabard of the Arcane,Gorgeous Blouse
Darkfrost Helmet,Sinful Gladiator's Necklace,Sinful Gladiator's Plate Pauldrons,Abdominal Securing Chestguard,Shadowghast Waistguard,Gormshell Greaves,Muckwallow Stompers,Shoulderblade Vambraces,Sinful Gladiator's Plate Handguards,Sinful Gladiator's Ring,Ritual Commander's Ring,Gluttonous Spike,Sinful Gladiator's Badge of Ferocity,Cowled Batwing Cloak,Ascended Gladius of Glory,Sinful Gladiator's Guard,195752148,Guild Tabard,Embroidered Shirt
Wrathbark Greathelm,Sin Stained Pendant,Shadowghast Pauldrons,Sinful Gladiator's Plate Chestguard,Girdle of the Soulflayer,Ceremonial Parade Legguards,Errant Crusader's Greaves,Thunderous Echo Vambraces,Colossal Plate Gauntlets,Stitchflesh's Misplaced Signet,Hyperlight Band,Blood-Spattered Scale,Anima Field Emitter,Cowled Batwing Cloak,Engorged Worm Smasher,Barricade of the Endless Empire,148090504,,
