character.id,character.name,character.realm.slug,honor_level,honorable_kills,Isle of Conquest win_rate,Arathi Basin win_rate,Isle of Conquest played,Arathi Basin played,Isle of Conquest won,Arathi Basin won,Alterac Valley win_rate,Classic Warsong Gulch win_rate,Classic Arathi Basin win_rate,Eye of the Storm win_rate,Strand of the Ancients win_rate,Twin Peaks win_rate,Silvershard Mines win_rate,The Battle for Gilneas win_rate,Temple of Kotmogu win_rate,Deepwind Gorge (Legacy) win_rate,Ashran win_rate,Arathi Basin Winter win_rate,Seething Shore win_rate,Warsong Gulch win_rate,Battle for Wintergrasp win_rate,Deepwind Gorge win_rate,Alterac Valley played,Classic Warsong Gulch played,Classic Arathi Basin played,Eye of the Storm played,Strand of the Ancients played,Twin Peaks played,Silvershard Mines played,The Battle for Gilneas played,Temple of Kotmogu played,Deepwind Gorge (Legacy) played,Ashran played,Arathi Basin Winter played,Seething Shore played,Warsong Gulch played,Battle for Wintergrasp played,Deepwind Gorge played,Alterac Valley won,Classic Warsong Gulch won,Classic Arathi Basin won,Eye of the Storm won,Strand of the Ancients won,Twin Peaks won,Silvershard Mines won,The Battle for Gilneas won,Temple of Kotmogu won,Deepwind Gorge (Legacy) won,Ashran won,Arathi Basin Winter won,Seething Shore won,Warsong Gulch won,Battle for Wintergrasp won,Deepwind Gorge won,Rated Eye of the Storm win_rate,Rated Eye of the Storm played,Rated Eye of the Storm won,Korrak's Revenge win_rate,Korrak's Revenge played,Korrak's Revenge won,Arathi Basin Comp Stomp win_rate,Arathi Basin Comp Stomp played,Arathi Basin Comp Stomp won,Southshore vs. Tarren Mill win_rate,Southshore vs. Tarren Mill played,Southshore vs. Tarren Mill won
178142124,Десперайт,gordunni,39.0,808.0,100.0,0.0,1.0,1.0,1.0,0.0,,,,,,,,,,,,,,,,,,,,,,,,,,,,,,,,,,,,,,,,,,,,,,,,,,,,,,,,,,,,
158366847,Epicskillz,conseil-des-ombres,40.0,129912.0,58.0,62.0,115.0,13.0,67.0,8.0,48.0,60.0,49.0,53.0,54.0,60.0,59.0,53.0,63.0,59.0,50.0,0.0,67.0,90.0,40.0,62.0,101.0,503.0,277.0,282.0,209.0,398.0,184.0,323.0,212.0,90.0,2.0,1.0,21.0,10.0,5.0,13.0,48.0,303.0,136.0,150.0,112.0,238.0,108.0,172.0,134.0,53.0,1.0,0.0,14.0,9.0,2.0,8.0,,,,,,,,,,,,
78769113,Экзекуторс,howling-fjord,47.0,31676.0,32.0,100.0,81.0,3.0,26.0,3.0,41.0,36.0,41.0,53.0,50.0,46.0,60.0,40.0,48.0,10.0,80.0,,20.0,67.0,50.0,33.0,81.0,95.0,70.0,81.0,68.0,65.0,30.0,62.0,66.0,10.0,5.0,,5.0,3.0,6.0,3.0,33.0,34.0,29.0,43.0,34.0,30.0,18.0,25.0,32.0,1.0,4.0,,1.0,2.0,3.0,1.0,2200.0,1.0,22.0,,,,,,,,,
154704488,Jitizim,ravencrest,15.0,3998.0,80.0,73.0,10.0,15.0,8.0,11.0,60.0,,,100.0,,64.0,40.0,82.0,45.0,,67.0,,60.0,71.0,33.0,67.0,10.0,,,3.0,,11.0,5.0,11.0,11.0,,3.0,,10.0,7.0,3.0,12.0,6.0,,,3.0,,7.0,2.0,9.0,5.0,,2.0,,6.0,5.0,1.0,8.0,100.0,4.0,4.0,,,,,,,,,
134245080,Zedbug,spinebreaker,7.0,1238.0,100.0,50.0,1.0,4.0,1.0,2.0,33.0,,,,,60.0,100.0,83.0,100.0,,0.0,,17.0,67.0,,50.0,3.0,,,,,5.0,1.0,6.0,1.0,,1.0,,6.0,3.0,,2.0,1.0,,,,,3.0,1.0,5.0,1.0,,0.0,,1.0,2.0,,1.0,,,,,,,,,,,,
133368774,Qunaii,defias-brotherhood,29.0,1882.0,25.0,50.0,4.0,2.0,1.0,1.0,50.0,,,80.0,,100.0,0.0,25.0,,,,0.0,0.0,50.0,,60.0,6.0,,,5.0,,1.0,1.0,4.0,,,,1.0,1.0,4.0,,5.0,3.0,,,4.0,,1.0,0.0,1.0,,,,0.0,0.0,2.0,,3.0,50.0,2.0,1.0,0.0,6.0,0.0,,,,,,
118742265,Plambi,burning-legion,20.0,17769.0,37.0,78.0,27.0,9.0,10.0,7.0,61.0,58.0,55.0,61.0,63.0,75.0,80.0,67.0,80.0,,50.0,,80.0,78.0,43.0,69.0,36.0,59.0,42.0,41.0,46.0,16.0,10.0,12.0,10.0,,2.0,,10.0,9.0,7.0,13.0,22.0,34.0,23.0,25.0,29.0,12.0,8.0,8.0,8.0,,1.0,,8.0,7.0,3.0,9.0,,,,,,,,,,,,
162999798,Iladonf,dalaran,16.0,161.0,50.0,,2.0,,1.0,,,,,,,100.0,,,,,,,,,,,,,,,,1.0,,,,,,,,,,,,,,,,1.0,,,,,,,,,,,,,,,,,,,,,,
154135172,Imaqtcats,sanguino,7.0,691.0,,0.0,,3.0,,0.0,,,,,,0.0,71.0,75.0,50.0,,,,100.0,50.0,100.0,100.0,,,,,,2.0,7.0,4.0,2.0,,,,1.0,2.0,1.0,1.0,,,,,,0.0,5.0,3.0,1.0,,,,1.0,1.0,1.0,1.0,100.0,1.0,1.0,,,,,,,,,
156424854,Falixix,la-croisade-écarlate,43.0,27492.0,50.0,,6.0,,3.0,,55.0,58.0,70.0,62.0,57.0,55.0,33.0,50.0,22.0,0.0,60.0,,,0.0,,0.0,22.0,62.0,56.0,26.0,42.0,40.0,6.0,42.0,9.0,1.0,5.0,,,3.0,,2.0,12.0,36.0,39.0,16.0,24.0,22.0,2.0,21.0,2.0,0.0,3.0,,,0.0,,0.0,,,,,,,,,,,,
161940989,Ramegrag,dun-modr,68.0,28829.0,40.0,72.0,30.0,54.0,12.0,39.0,41.0,33.0,100.0,72.0,,72.0,69.0,46.0,74.0,0.0,53.0,25.0,62.0,70.0,30.0,67.0,37.0,6.0,1.0,47.0,,60.0,59.0,54.0,93.0,1.0,17.0,4.0,48.0,47.0,33.0,57.0,15.0,2.0,1.0,34.0,,43.0,41.0,25.0,69.0,0.0,9.0,1.0,30.0,33.0,10.0,38.0,75.0,12.0,9.0,29.0,7.0,2.0,,,,,,
158746586,Kohanayim,twilights-hammer,83.0,6181.0,50.0,56.0,12.0,25.0,6.0,14.0,73.0,,,57.0,,64.0,48.0,65.0,36.0,,78.0,67.0,52.0,46.0,78.0,58.0,15.0,,,14.0,,22.0,29.0,23.0,22.0,,9.0,3.0,33.0,24.0,9.0,19.0,11.0,,,8.0,,14.0,14.0,15.0,8.0,,7.0,2.0,17.0,11.0,7.0,11.0,29.0,17.0,5.0,0.0,1.0,0.0,,,,,,
120255935,Chamdead,confrérie-du-thorium,12.0,1857.0,50.0,33.0,2.0,3.0,1.0,1.0,67.0,,,50.0,,50.0,25.0,100.0,75.0,,,,80.0,100.0,60.0,,3.0,,,2.0,,2.0,4.0,5.0,4.0,,,,5.0,4.0,5.0,,2.0,,,1.0,,1.0,1.0,5.0,3.0,,,,4.0,4.0,3.0,,,,,,,,100.0,32.0,32.0,,,
118352641,Council,ravencrest,16.0,3106.0,100.0,67.0,2.0,3.0,2.0,2.0,50.0,55.0,100.0,100.0,20.0,50.0,56.0,67.0,60.0,,,,100.0,100.0,50.0,100.0,2.0,11.0,3.0,1.0,5.0,4.0,9.0,6.0,5.0,,,,1.0,1.0,2.0,1.0,1.0,6.0,3.0,1.0,1.0,2.0,5.0,4.0,3.0,,,,1.0,1.0,1.0,1.0,0.0,1.0,0.0,,,,,,,,,
175873776,Форрготэн,howling-fjord,6.0,1741.0,50.0,0.0,2.0,2.0,1.0,0.0,25.0,,,25.0,,0.0,50.0,25.0,71.0,,0.0,,,67.0,0.0,33.0,4.0,,,4.0,,3.0,2.0,4.0,7.0,,3.0,,,3.0,3.0,6.0,1.0,,,1.0,,0.0,1.0,1.0,5.0,,0.0,,,2.0,0.0,2.0,,,,,,,,,,,,
242363131,Джиммиджи,gordunni,155.0,11779.0,17.0,0.0,6.0,1.0,1.0,0.0,40.0,20.0,33.0,47.0,50.0,60.0,8.0,67.0,47.0,100.0,,,50.0,50.0,0.0,67.0,5.0,10.0,6.0,15.0,6.0,5.0,12.0,6.0,17.0,1.0,,,6.0,2.0,3.0,3.0,2.0,2.0,2.0,7.0,3.0,3.0,1.0,4.0,8.0,1.0,,,3.0,1.0,0.0,2.0,,,,100.0,1.0,1.0,100.0,8.0,8.0,,,
107144363,Shtrauska,les-clairvoyants,45.0,11295.0,0.0,,1.0,,0.0,,67.0,31.0,18.0,13.0,30.0,24.0,40.0,27.0,38.0,35.0,,0.0,67.0,33.0,,,3.0,52.0,22.0,15.0,20.0,51.0,42.0,56.0,45.0,17.0,,1.0,12.0,3.0,,,2.0,16.0,4.0,2.0,6.0,12.0,17.0,15.0,17.0,6.0,,0.0,8.0,1.0,,,,,,,,,,,,,,
124508002,Themis,les-sentinelles,13.0,1346.0,25.0,0.0,4.0,1.0,1.0,0.0,50.0,,,,,100.0,0.0,0.0,0.0,0.0,0.0,,75.0,0.0,50.0,,2.0,,,,,2.0,2.0,2.0,1.0,2.0,1.0,,4.0,1.0,4.0,,1.0,,,,,2.0,0.0,0.0,0.0,0.0,0.0,,3.0,0.0,2.0,,,,,,,,,,,,,
163136502,Bløedbad,les-sentinelles,17.0,5643.0,25.0,50.0,4.0,2.0,1.0,1.0,30.0,64.0,78.0,50.0,33.0,43.0,60.0,46.0,50.0,50.0,0.0,,67.0,,0.0,,10.0,28.0,9.0,2.0,9.0,14.0,5.0,13.0,10.0,4.0,1.0,,3.0,,2.0,,3.0,18.0,7.0,1.0,3.0,6.0,3.0,6.0,5.0,2.0,0.0,,2.0,,0.0,,600.0,1.0,6.0,,,,,,,,,
164108514,Torkas,alleria,25.0,569.0,,,,,,,100.0,,,0.0,,100.0,0.0,,100.0,,,,,100.0,100.0,0.0,1.0,,,1.0,,1.0,1.0,,1.0,,,,,2.0,1.0,1.0,1.0,,,0.0,,1.0,0.0,,1.0,,,,,2.0,1.0,0.0,,,,,,,,,,,,
166079251,Steks,blades-edge,22.0,20841.0,48.0,57.0,23.0,7.0,11.0,4.0,48.0,59.0,62.0,49.0,64.0,33.0,82.0,38.0,58.0,40.0,,67.0,100.0,70.0,60.0,25.0,160.0,49.0,93.0,43.0,61.0,15.0,11.0,26.0,12.0,5.0,,3.0,3.0,10.0,5.0,4.0,77.0,29.0,58.0,21.0,39.0,5.0,9.0,10.0,7.0,2.0,,2.0,3.0,7.0,3.0,1.0,,,,14.0,7.0,1.0,,,,,,
29023071,Dankai,zuljin,14.0,8147.0,67.0,0.0,6.0,1.0,4.0,0.0,43.0,62.0,68.0,50.0,70.0,33.0,100.0,100.0,100.0,,50.0,,0.0,100.0,,,28.0,37.0,25.0,18.0,23.0,3.0,1.0,1.0,2.0,,4.0,,1.0,1.0,,,12.0,23.0,17.0,9.0,16.0,1.0,1.0,1.0,2.0,,2.0,,0.0,1.0,,,,,,,,,,,,,,
229983067,Снижд,gordunni,12.0,129.0,,,,,,,,,,,,,,,,,,,,0.0,,,,,,,,,,,,,,,,1.0,,,,,,,,,,,,,,,,0.0,,,,,,,,,,,,,,
158006360,Erokan,antonidas,33.0,48229.0,51.0,,96.0,,49.0,,52.0,45.0,43.0,47.0,44.0,51.0,38.0,60.0,68.0,60.0,0.0,,50.0,67.0,,33.0,90.0,251.0,175.0,187.0,180.0,142.0,29.0,73.0,31.0,5.0,2.0,,2.0,3.0,,3.0,47.0,113.0,76.0,88.0,80.0,73.0,11.0,44.0,21.0,3.0,0.0,,1.0,2.0,,1.0,,,,,,,,,,,,
154184421,Ludotwins,kirin-tor,4.0,390.0,,0.0,,1.0,,0.0,100.0,,,0.0,,,0.0,100.0,0.0,,,,50.0,0.0,100.0,50.0,1.0,,,1.0,,,1.0,1.0,1.0,,,,2.0,1.0,1.0,2.0,1.0,,,0.0,,,0.0,1.0,0.0,,,,1.0,0.0,1.0,1.0,0.0,1.0,0.0,,,,,,,,,
129327797,Бренсвен,gordunni,139.0,7840.0,56.0,,9.0,,5.0,,73.0,25.0,0.0,,,,100.0,0.0,,,56.0,,0.0,100.0,64.0,100.0,11.0,4.0,1.0,,,,1.0,2.0,,,9.0,,1.0,1.0,14.0,1.0,8.0,1.0,0.0,,,,1.0,0.0,,,5.0,,0.0,1.0,9.0,1.0,,,,,,,,,,,,
62946009,Мутанти,howling-fjord,32.0,145903.0,54.0,40.0,215.0,5.0,117.0,2.0,47.0,62.0,60.0,56.0,53.0,63.0,55.0,63.0,62.0,61.0,86.0,,86.0,0.0,86.0,67.0,287.0,467.0,333.0,218.0,217.0,292.0,69.0,253.0,86.0,49.0,7.0,,7.0,1.0,7.0,3.0,136.0,288.0,201.0,123.0,115.0,185.0,38.0,160.0,53.0,30.0,6.0,,6.0,0.0,6.0,2.0,,,,,,,,,,,,
150503522,Wallak,les-clairvoyants,10.0,1952.0,0.0,50.0,1.0,6.0,0.0,3.0,80.0,,,50.0,,25.0,56.0,75.0,50.0,,75.0,,50.0,50.0,50.0,67.0,5.0,,,2.0,,4.0,9.0,4.0,2.0,,4.0,,2.0,4.0,2.0,3.0,4.0,,,1.0,,1.0,5.0,3.0,1.0,,3.0,,1.0,2.0,1.0,2.0,,,,,,,,,,,,
154057664,Malwéthiel,kirin-tor,84.0,5572.0,50.0,,8.0,,4.0,,44.0,33.0,0.0,0.0,,65.0,71.0,21.0,27.0,80.0,0.0,,250.0,20.0,50.0,33.0,9.0,12.0,4.0,2.0,,17.0,7.0,24.0,11.0,5.0,1.0,,2.0,5.0,6.0,3.0,4.0,4.0,0.0,0.0,,11.0,5.0,5.0,3.0,4.0,0.0,,5.0,1.0,3.0,1.0,,,,0.0,4.0,0.0,100.0,14.0,14.0,,,
159075841,Maistespalà,culte-de-la-rive-noire,31.0,8108.0,43.0,27.0,7.0,15.0,3.0,4.0,29.0,41.0,70.0,80.0,0.0,59.0,44.0,52.0,73.0,50.0,,100.0,67.0,83.0,50.0,50.0,7.0,22.0,10.0,10.0,1.0,17.0,18.0,23.0,22.0,18.0,,3.0,9.0,6.0,4.0,4.0,2.0,9.0,7.0,8.0,0.0,10.0,8.0,12.0,16.0,9.0,,3.0,6.0,5.0,2.0,2.0,,,,,,,100.0,4.0,4.0,,,
161646987,Katrína,la-croisade-écarlate,54.0,5557.0,0.0,35.0,3.0,17.0,0.0,6.0,0.0,17.0,100.0,39.0,,31.0,53.0,48.0,50.0,0.0,100.0,,23.0,43.0,0.0,42.0,1.0,6.0,2.0,18.0,,26.0,34.0,29.0,20.0,1.0,2.0,,22.0,21.0,3.0,12.0,0.0,1.0,2.0,7.0,,8.0,18.0,14.0,10.0,0.0,2.0,,5.0,9.0,0.0,5.0,100.0,2.0,2.0,100.0,2.0,2.0,,,,,,
162627001,Noelle,sargeras,5.0,1186.0,0.0,100.0,2.0,1.0,0.0,1.0,25.0,,,0.0,,25.0,50.0,0.0,100.0,,75.0,,33.0,,33.0,33.0,4.0,,,1.0,,4.0,2.0,2.0,3.0,,4.0,,3.0,,3.0,3.0,1.0,,,0.0,,1.0,1.0,0.0,3.0,,3.0,,1.0,,1.0,1.0,50.0,2.0,1.0,,,,,,,,,
157684522,Telperion,conseil-des-ombres,21.0,9999.0,80.0,40.0,5.0,10.0,4.0,4.0,75.0,100.0,,86.0,50.0,59.0,60.0,42.0,70.0,,0.0,100.0,55.0,58.0,56.0,33.0,4.0,1.0,,7.0,2.0,17.0,10.0,12.0,10.0,,2.0,1.0,11.0,12.0,9.0,3.0,3.0,1.0,,6.0,1.0,10.0,6.0,5.0,7.0,,0.0,1.0,6.0,7.0,5.0,1.0,,,,,,,100.0,1.0,1.0,,,
152134467,Icarius,kirin-tor,7.0,20247.0,10.0,,10.0,,1.0,,,40.0,55.0,42.0,59.0,46.0,39.0,30.0,54.0,57.0,,,,,,,,99.0,67.0,57.0,54.0,82.0,89.0,66.0,95.0,49.0,,,,,,,,40.0,37.0,24.0,32.0,38.0,35.0,20.0,51.0,28.0,,,,,,,,,,,,,,,,,,
155465560,Kekwpala,tirion,26.0,2680.0,60.0,62.0,5.0,8.0,3.0,5.0,100.0,,,50.0,,43.0,38.0,33.0,71.0,,75.0,,33.0,75.0,0.0,17.0,2.0,,,2.0,,7.0,8.0,6.0,7.0,,4.0,,3.0,4.0,3.0,6.0,2.0,,,1.0,,3.0,3.0,2.0,5.0,,3.0,,1.0,3.0,0.0,1.0,67.0,3.0,2.0,,,,,,,,,
154412126,Laélynn,kirin-tor,2.0,39903.0,57.0,0.0,7.0,1.0,4.0,0.0,72.0,71.0,61.0,100.0,71.0,,100.0,,100.0,,100.0,,100.0,,,,36.0,31.0,66.0,5.0,7.0,,1.0,,1.0,,1.0,,1.0,,,,26.0,22.0,40.0,5.0,5.0,,1.0,,1.0,,1.0,,1.0,,,,,,,,,,,,,,,
162333844,Spikeyu,confrérie-du-thorium,4.0,724.0,50.0,0.0,2.0,2.0,1.0,0.0,100.0,,,100.0,,100.0,33.0,0.0,0.0,,0.0,,100.0,,0.0,,1.0,,,1.0,,1.0,3.0,1.0,1.0,,3.0,,2.0,,1.0,,1.0,,,1.0,,1.0,1.0,0.0,0.0,,0.0,,2.0,,0.0,,,,,,,,,,,,,
141981486,Wtfpal,khaz-modan,14.0,1086.0,,50.0,,4.0,,2.0,100.0,,,,,100.0,50.0,100.0,67.0,,100.0,,,50.0,100.0,0.0,2.0,,,,,2.0,2.0,1.0,6.0,,1.0,,,2.0,1.0,3.0,2.0,,,,,2.0,1.0,1.0,4.0,,1.0,,,1.0,1.0,0.0,,,,,,,,,,,,
175660087,Popsmoke,naxxramas,10.0,16126.0,52.0,100.0,31.0,1.0,16.0,1.0,46.0,59.0,52.0,64.0,36.0,38.0,45.0,48.0,45.0,50.0,33.0,,80.0,100.0,,40.0,37.0,32.0,29.0,28.0,33.0,32.0,22.0,33.0,29.0,10.0,3.0,,5.0,3.0,,5.0,17.0,19.0,15.0,18.0,12.0,12.0,10.0,16.0,13.0,5.0,1.0,,4.0,3.0,,2.0,,,,100.0,1.0,1.0,,,,,,
72084963,Soulbeat,antonidas,11.0,13465.0,76.0,,29.0,,22.0,,62.0,64.0,35.0,48.0,31.0,60.0,18.0,0.0,56.0,20.0,48.0,50.0,,,62.0,,37.0,25.0,20.0,21.0,13.0,15.0,11.0,6.0,16.0,5.0,21.0,2.0,,,16.0,,23.0,16.0,7.0,10.0,4.0,9.0,2.0,0.0,9.0,1.0,10.0,1.0,,,10.0,,,,,47.0,30.0,14.0,,,,,,
195672611,Wwoody,hyjal,1.0,333.0,0.0,,1.0,,0.0,,0.0,,,,,,,,100.0,,0.0,,,,0.0,,1.0,,,,,,,,1.0,,1.0,,,,1.0,,0.0,,,,,,,,1.0,,0.0,,,,0.0,,,,,,,,,,,,,
141615992,Yalala,elune,13.0,12197.0,58.0,60.0,19.0,5.0,11.0,3.0,54.0,38.0,33.0,40.0,46.0,44.0,54.0,39.0,71.0,,67.0,,25.0,0.0,0.0,67.0,37.0,47.0,49.0,43.0,28.0,43.0,13.0,46.0,7.0,,3.0,,4.0,2.0,1.0,3.0,20.0,18.0,16.0,17.0,13.0,19.0,7.0,18.0,5.0,,2.0,,1.0,0.0,0.0,2.0,,,,,,,,,,,,
161234662,Igodédaim,culte-de-la-rive-noire,22.0,346.0,,100.0,,2.0,,2.0,50.0,,,,,,,,,,0.0,,0.0,,100.0,0.0,2.0,,,,,,,,,,1.0,,1.0,,2.0,1.0,1.0,,,,,,,,,,0.0,,0.0,,2.0,0.0,,,,,,,,,,,,
110762455,Deenit,ravencrest,39.0,14249.0,40.0,50.0,5.0,2.0,2.0,1.0,67.0,41.0,62.0,61.0,0.0,55.0,19.0,50.0,36.0,50.0,0.0,,67.0,86.0,50.0,,6.0,17.0,13.0,18.0,3.0,11.0,16.0,12.0,14.0,10.0,1.0,,12.0,7.0,2.0,,4.0,7.0,8.0,11.0,0.0,6.0,3.0,6.0,5.0,5.0,0.0,,8.0,6.0,1.0,,,,,33.0,3.0,1.0,,,,,,
165388212,Sjèfke,silvermoon,20.0,25971.0,68.0,100.0,22.0,4.0,15.0,4.0,60.0,56.0,37.0,58.0,58.0,64.0,54.0,58.0,64.0,,75.0,,50.0,38.0,50.0,50.0,73.0,36.0,19.0,48.0,59.0,11.0,13.0,12.0,11.0,,4.0,,6.0,8.0,6.0,8.0,44.0,20.0,7.0,28.0,34.0,7.0,7.0,7.0,7.0,,3.0,,3.0,3.0,3.0,4.0,,,,,,,100.0,2.0,2.0,,,
156999348,Ascèse,culte-de-la-rive-noire,46.0,46028.0,61.0,100.0,95.0,1.0,58.0,1.0,62.0,38.0,45.0,56.0,43.0,34.0,53.0,38.0,38.0,48.0,,,50.0,100.0,17.0,,125.0,26.0,62.0,66.0,83.0,35.0,85.0,68.0,69.0,44.0,,,6.0,1.0,6.0,,77.0,10.0,28.0,37.0,36.0,12.0,45.0,26.0,26.0,21.0,,,3.0,1.0,1.0,,,,,,,,,,,,,
109090209,Sïgmûnd,stormscale,22.0,1132.0,100.0,50.0,4.0,2.0,4.0,1.0,100.0,,100.0,75.0,,80.0,50.0,100.0,75.0,50.0,,,100.0,100.0,,0.0,1.0,,1.0,4.0,,5.0,2.0,2.0,4.0,2.0,,,2.0,2.0,,2.0,1.0,,1.0,3.0,,4.0,1.0,2.0,3.0,1.0,,,2.0,2.0,,0.0,,,,,,,,,,,,
98180293,Мркавай,gordunni,50.0,21663.0,92.0,50.0,38.0,2.0,35.0,1.0,78.0,59.0,57.0,58.0,46.0,36.0,37.0,39.0,54.0,69.0,100.0,,50.0,29.0,33.0,100.0,49.0,41.0,42.0,33.0,37.0,36.0,30.0,28.0,24.0,35.0,1.0,,8.0,7.0,3.0,2.0,38.0,24.0,24.0,19.0,17.0,13.0,11.0,11.0,13.0,24.0,1.0,,4.0,2.0,1.0,2.0,,,,0.0,3.0,0.0,,,,,,
138465092,Misstag,twisting-nether,25.0,2101.0,0.0,67.0,1.0,3.0,0.0,2.0,33.0,,100.0,50.0,,83.0,60.0,50.0,67.0,,100.0,,43.0,71.0,,43.0,3.0,,1.0,2.0,,6.0,5.0,6.0,12.0,,3.0,,7.0,7.0,,7.0,1.0,,1.0,1.0,,5.0,3.0,3.0,8.0,,3.0,,3.0,5.0,,3.0,25.0,4.0,1.0,,,,,,,,,
237882031,Padawa,ghostlands,20.0,1543.0,,60.0,,10.0,,6.0,,,,100.0,,25.0,25.0,50.0,71.0,,,,83.0,75.0,,60.0,,,,1.0,,4.0,8.0,10.0,7.0,,,,6.0,4.0,,5.0,,,,1.0,,1.0,2.0,5.0,5.0,,,,5.0,3.0,,3.0,25.0,4.0,1.0,,,,,,,,,
189279294,Холиманьяк,gordunni,60.0,14208.0,57.0,74.0,7.0,23.0,4.0,17.0,0.0,55.0,60.0,72.0,,57.0,67.0,56.0,64.0,55.0,0.0,44.0,66.0,46.0,0.0,75.0,3.0,11.0,5.0,25.0,,28.0,27.0,36.0,47.0,20.0,1.0,9.0,44.0,26.0,2.0,8.0,0.0,6.0,3.0,18.0,,16.0,18.0,20.0,30.0,11.0,0.0,4.0,29.0,12.0,0.0,6.0,,,,,,,100.0,2.0,2.0,,,
247160183,Палстар,gordunni,37.0,5911.0,100.0,,5.0,,5.0,,67.0,27.0,33.0,25.0,57.0,83.0,67.0,43.0,43.0,67.0,,,,,0.0,,3.0,11.0,3.0,16.0,7.0,6.0,12.0,7.0,7.0,9.0,,,,,2.0,,2.0,3.0,1.0,4.0,4.0,5.0,8.0,3.0,3.0,6.0,,,,,0.0,,,,,100.0,1.0,1.0,,,,,,
176231782,Intrøper,outland,11.0,3109.0,50.0,75.0,2.0,4.0,1.0,3.0,50.0,50.0,100.0,38.0,,33.0,67.0,44.0,29.0,50.0,,,83.0,75.0,67.0,0.0,2.0,4.0,3.0,8.0,,3.0,6.0,9.0,7.0,4.0,,,6.0,4.0,3.0,1.0,1.0,2.0,3.0,3.0,,1.0,4.0,4.0,2.0,2.0,,,5.0,3.0,2.0,0.0,,,,,,,,,,,,
78393075,Тирионша,howling-fjord,18.0,7682.0,14.0,,7.0,,1.0,,31.0,52.0,60.0,60.0,40.0,47.0,54.0,41.0,61.0,43.0,,,,,,0.0,13.0,23.0,25.0,15.0,15.0,19.0,35.0,29.0,28.0,23.0,,,,,,1.0,4.0,12.0,15.0,9.0,6.0,9.0,19.0,12.0,17.0,10.0,,,,,,0.0,,,,,,,,,,,,
68418629,Waxpayne,ravencrest,53.0,67109.0,50.0,40.0,42.0,5.0,21.0,2.0,57.0,64.0,57.0,51.0,54.0,74.0,68.0,69.0,65.0,,33.0,100.0,67.0,50.0,100.0,71.0,310.0,240.0,223.0,178.0,196.0,92.0,62.0,163.0,46.0,,3.0,1.0,6.0,8.0,2.0,14.0,177.0,154.0,128.0,91.0,106.0,68.0,42.0,112.0,30.0,,1.0,1.0,4.0,4.0,2.0,10.0,,,,,,,,,,0.0,1.0,0.0
139762690,Favre,hyjal,21.0,12845.0,79.0,50.0,19.0,4.0,15.0,2.0,43.0,33.0,33.0,29.0,21.0,33.0,41.0,57.0,53.0,42.0,,,60.0,67.0,33.0,80.0,14.0,9.0,9.0,14.0,14.0,15.0,17.0,14.0,15.0,12.0,,,5.0,6.0,9.0,5.0,6.0,3.0,3.0,4.0,3.0,5.0,7.0,8.0,8.0,5.0,,,3.0,4.0,3.0,4.0,,,,,,,,,,,,
173384373,Vàllo,hyjal,8.0,201.0,,,,,,,,,,,,,,,,100.0,,,,,,,,,,,,,,,,1.0,,,,,,,,,,,,,,,,1.0,,,,,,,,,,,,,,,,,,
197765933,Excallium,silvermoon,10.0,2337.0,100.0,100.0,1.0,3.0,1.0,3.0,,,100.0,50.0,,83.0,50.0,67.0,20.0,67.0,,,50.0,0.0,100.0,100.0,,,2.0,6.0,,6.0,4.0,3.0,5.0,3.0,,,6.0,3.0,2.0,1.0,,,2.0,3.0,,5.0,2.0,2.0,1.0,2.0,,,3.0,0.0,2.0,1.0,,,,,,,,,,,,
154440930,Pâle,kirin-tor,45.0,14580.0,36.0,,25.0,,9.0,,36.0,34.0,43.0,45.0,47.0,58.0,50.0,42.0,0.0,0.0,,,,,,,22.0,68.0,56.0,47.0,34.0,24.0,2.0,19.0,2.0,2.0,,,,,,,8.0,23.0,24.0,21.0,16.0,14.0,1.0,8.0,0.0,0.0,,,,,,,,,,,,,,,,,,
155879663,Honeymelon,antonidas,9.0,18426.0,89.0,,9.0,,8.0,,54.0,54.0,60.0,52.0,56.0,17.0,,62.0,,,0.0,,,0.0,,,50.0,52.0,53.0,63.0,57.0,6.0,,8.0,,,1.0,,,1.0,,,27.0,28.0,32.0,33.0,32.0,1.0,,5.0,,,0.0,,,0.0,,,,,,,,,,,,,,
115287737,Look,throkferoth,87.0,3041.0,,50.0,,4.0,,2.0,50.0,,,57.0,,50.0,58.0,50.0,67.0,50.0,,,67.0,50.0,33.0,20.0,2.0,,,7.0,,8.0,12.0,10.0,9.0,2.0,,,12.0,4.0,3.0,5.0,1.0,,,4.0,,4.0,7.0,5.0,6.0,1.0,,,8.0,2.0,1.0,1.0,,,,,,,,,,,,
114207216,Patch,ravencrest,12.0,40669.0,53.0,100.0,106.0,2.0,56.0,2.0,48.0,69.0,65.0,61.0,55.0,52.0,70.0,69.0,44.0,60.0,,0.0,75.0,52.0,50.0,50.0,143.0,95.0,102.0,83.0,91.0,58.0,10.0,77.0,9.0,5.0,,1.0,4.0,31.0,2.0,2.0,68.0,66.0,66.0,51.0,50.0,30.0,7.0,53.0,4.0,3.0,,0.0,3.0,16.0,1.0,1.0,,,,20.0,5.0,1.0,100.0,29.0,29.0,,,
155321637,Khanzarah,ravencrest,61.0,1662.0,100.0,100.0,2.0,3.0,2.0,3.0,,,,,,50.0,50.0,67.0,100.0,,0.0,,100.0,80.0,50.0,100.0,,,,,,4.0,2.0,3.0,5.0,,3.0,,3.0,5.0,4.0,1.0,,,,,,2.0,1.0,2.0,5.0,,0.0,,3.0,4.0,2.0,1.0,,,,38.0,8.0,3.0,,,,,,
166734171,Zelaeya,blackmoore,14.0,32.0,,,,,,,,,,,,,,,100.0,,,,,,,,,,,,,,,,1.0,,,,,,,,,,,,,,,,1.0,,,,,,,,,,,,,,,,,,,
159369627,Gusstav,hyjal,17.0,32031.0,30.0,25.0,43.0,4.0,13.0,1.0,51.0,36.0,49.0,42.0,36.0,33.0,38.0,44.0,31.0,17.0,,,80.0,57.0,80.0,25.0,51.0,66.0,73.0,59.0,104.0,15.0,8.0,9.0,13.0,6.0,,,5.0,7.0,5.0,4.0,26.0,24.0,36.0,25.0,37.0,5.0,3.0,4.0,4.0,1.0,,,4.0,4.0,4.0,1.0,2100.0,1.0,21.0,100.0,1.0,1.0,100.0,1.0,1.0,,,
145849552,Jhonnycrash,pozzo-delleternità,45.0,4630.0,71.0,40.0,14.0,5.0,10.0,2.0,40.0,25.0,75.0,55.0,14.0,18.0,55.0,67.0,12.0,67.0,20.0,,0.0,50.0,0.0,25.0,5.0,4.0,4.0,11.0,7.0,11.0,11.0,15.0,8.0,3.0,5.0,,1.0,6.0,2.0,4.0,2.0,1.0,3.0,6.0,1.0,2.0,6.0,10.0,1.0,2.0,1.0,,0.0,3.0,0.0,1.0,100.0,1.0,1.0,50.0,2.0,1.0,,,,,,
82386110,Mortank,dun-modr,11.0,3351.0,64.0,33.0,11.0,3.0,7.0,1.0,100.0,57.0,60.0,20.0,33.0,50.0,70.0,22.0,19.0,0.0,,,67.0,33.0,50.0,100.0,6.0,7.0,5.0,5.0,3.0,2.0,10.0,9.0,16.0,1.0,,,3.0,3.0,2.0,1.0,6.0,4.0,3.0,1.0,1.0,1.0,7.0,2.0,3.0,0.0,,,2.0,1.0,1.0,1.0,,,,,,,100.0,7.0,7.0,,,
176538805,Kalthera,twisting-nether,19.0,5269.0,57.0,50.0,23.0,4.0,13.0,2.0,40.0,71.0,65.0,29.0,33.0,67.0,40.0,67.0,60.0,,67.0,,0.0,75.0,50.0,100.0,10.0,7.0,20.0,7.0,6.0,3.0,5.0,3.0,5.0,,3.0,,1.0,4.0,2.0,1.0,4.0,5.0,13.0,2.0,2.0,2.0,2.0,2.0,3.0,,2.0,,0.0,3.0,1.0,1.0,125.0,4.0,5.0,,,,,,,,,
159590330,Uuna,archimonde,11.0,661.0,,,,,,,50.0,,0.0,0.0,,0.0,50.0,50.0,100.0,0.0,,,,,0.0,,2.0,,2.0,1.0,,1.0,2.0,2.0,4.0,1.0,,,,,1.0,,1.0,,0.0,0.0,,0.0,1.0,1.0,4.0,0.0,,,,,0.0,,,,,,,,,,,,,
159535923,Mitsuro,kirin-tor,16.0,29085.0,49.0,0.0,80.0,3.0,39.0,0.0,52.0,47.0,49.0,49.0,53.0,69.0,49.0,46.0,49.0,58.0,0.0,,100.0,60.0,38.0,50.0,62.0,100.0,118.0,94.0,89.0,131.0,41.0,112.0,39.0,12.0,1.0,,8.0,15.0,8.0,4.0,32.0,47.0,58.0,46.0,47.0,90.0,20.0,52.0,19.0,7.0,0.0,,8.0,9.0,3.0,2.0,,,,,,,,,,,,
144123061,Timmitlicht,thrall,64.0,1828.0,,,,,,,,,,,,,,,,,,,,,,,,,,,,,,,,,,,,,,,,,,,,,,,,,,,,,,,,,,79.0,24.0,19.0,,,,,,
191467940,Epicusdeadly,frostmane,8.0,1757.0,100.0,50.0,1.0,2.0,1.0,1.0,80.0,,0.0,50.0,,,100.0,100.0,,100.0,,,,50.0,,,5.0,,2.0,2.0,,,1.0,1.0,,1.0,,,,2.0,,,4.0,,0.0,1.0,,,1.0,1.0,,1.0,,,,1.0,,,,,,50.0,8.0,4.0,,,,,,
193108807,Blàckshàde,hyjal,5.0,825.0,,100.0,,3.0,,3.0,100.0,,,0.0,,100.0,,,0.0,,0.0,,100.0,,0.0,50.0,1.0,,,1.0,,1.0,,,2.0,,1.0,,2.0,,2.0,2.0,1.0,,,0.0,,1.0,,,0.0,,0.0,,2.0,,0.0,1.0,,,,,,,,,,,,
154933053,Ghoulss,stormscale,15.0,794.0,,50.0,,2.0,,1.0,,,,50.0,,100.0,50.0,,50.0,,,,0.0,80.0,,50.0,,,,2.0,,3.0,2.0,,2.0,,,,1.0,5.0,,2.0,,,,1.0,,3.0,1.0,,1.0,,,,0.0,4.0,,1.0,100.0,2.0,2.0,,,,,,,,,
195387984,Goldlight,hyjal,45.0,2119.0,0.0,75.0,1.0,4.0,0.0,3.0,,,,91.0,,55.0,100.0,50.0,38.0,,100.0,,33.0,60.0,100.0,33.0,,,,11.0,,11.0,5.0,2.0,8.0,,1.0,,3.0,5.0,1.0,6.0,,,,10.0,,6.0,5.0,1.0,3.0,,1.0,,1.0,3.0,1.0,2.0,100.0,1.0,1.0,,,,,,,,,
129437356,Bladewing,kaelthas,30.0,3730.0,40.0,67.0,5.0,6.0,2.0,4.0,62.0,,0.0,67.0,,75.0,80.0,33.0,0.0,100.0,50.0,,,50.0,0.0,,8.0,,1.0,3.0,,4.0,5.0,3.0,1.0,2.0,2.0,,,2.0,2.0,,5.0,,0.0,2.0,,3.0,4.0,1.0,0.0,2.0,1.0,,,1.0,0.0,,,,,100.0,6.0,6.0,100.0,14.0,14.0,,,
158586260,Éh,la-croisade-écarlate,22.0,7734.0,67.0,,12.0,,8.0,,50.0,59.0,41.0,35.0,53.0,52.0,100.0,55.0,67.0,,,,0.0,67.0,100.0,,16.0,32.0,22.0,23.0,15.0,29.0,3.0,20.0,6.0,,,,1.0,3.0,1.0,,8.0,19.0,9.0,8.0,8.0,15.0,3.0,11.0,4.0,,,,0.0,2.0,1.0,,,,,,,,100.0,1.0,1.0,,,
195747491,Krond,kazzak,19.0,2601.0,0.0,57.0,3.0,7.0,0.0,4.0,80.0,,,0.0,,100.0,60.0,40.0,33.0,,75.0,,60.0,70.0,100.0,75.0,5.0,,,2.0,,2.0,5.0,5.0,6.0,,4.0,,5.0,10.0,4.0,4.0,4.0,,,0.0,,2.0,3.0,2.0,2.0,,3.0,,3.0,7.0,4.0,3.0,50.0,2.0,1.0,,,,,,,,,
97632604,Gokú,tarren-mill,6.0,1479.0,0.0,,2.0,,0.0,,0.0,100.0,50.0,50.0,60.0,50.0,25.0,0.0,50.0,,,,,,,,2.0,2.0,2.0,2.0,5.0,2.0,4.0,2.0,4.0,,,,,,,,0.0,2.0,1.0,1.0,3.0,1.0,1.0,0.0,2.0,,,,,,,,,,,,,,,,,,,
162648914,Palaplöw,uldaman,27.0,7016.0,37.0,,19.0,,7.0,,59.0,53.0,64.0,52.0,50.0,47.0,91.0,67.0,26.0,57.0,,,,,,,17.0,19.0,25.0,25.0,16.0,19.0,11.0,27.0,23.0,7.0,,,,,,,10.0,10.0,16.0,13.0,8.0,9.0,10.0,18.0,6.0,4.0,,,,,,,,,,,,,,,,,,
150700960,Donvictus,silvermoon,59.0,24785.0,33.0,46.0,3.0,96.0,1.0,44.0,73.0,38.0,,68.0,0.0,73.0,70.0,66.0,69.0,75.0,,,65.0,62.0,75.0,64.0,11.0,8.0,,40.0,5.0,41.0,46.0,29.0,39.0,8.0,,,31.0,45.0,4.0,44.0,8.0,3.0,,27.0,0.0,30.0,32.0,19.0,27.0,6.0,,,20.0,28.0,3.0,28.0,,,,,,,100.0,5.0,5.0,,,
153078382,Anorwen,pozzo-delleternità,14.0,4849.0,50.0,67.0,20.0,3.0,10.0,2.0,42.0,25.0,0.0,44.0,,14.0,0.0,33.0,50.0,31.0,,,43.0,0.0,100.0,,12.0,4.0,6.0,9.0,,7.0,2.0,3.0,10.0,16.0,,,7.0,1.0,4.0,,5.0,1.0,0.0,4.0,,1.0,0.0,1.0,5.0,5.0,,,3.0,0.0,4.0,,,,,0.0,1.0,0.0,100.0,1.0,1.0,,,
162119236,Neodium,confrérie-du-thorium,14.0,4711.0,54.0,,13.0,,7.0,,80.0,,,100.0,,100.0,,,50.0,,55.0,100.0,100.0,100.0,57.0,,15.0,,,2.0,,2.0,,,2.0,,11.0,1.0,4.0,3.0,14.0,,12.0,,,2.0,,2.0,,,1.0,,6.0,1.0,4.0,3.0,8.0,,,,,,,,,,,,,
208307745,Silverdawn,runetotem,25.0,50078.0,57.0,25.0,70.0,4.0,40.0,1.0,57.0,63.0,58.0,62.0,58.0,70.0,67.0,56.0,67.0,73.0,,100.0,67.0,33.0,33.0,56.0,130.0,206.0,146.0,165.0,123.0,201.0,147.0,181.0,153.0,79.0,,1.0,6.0,3.0,3.0,9.0,74.0,129.0,84.0,103.0,71.0,140.0,99.0,102.0,102.0,58.0,,1.0,4.0,1.0,1.0,5.0,,,,,,,100.0,2.0,2.0,,,
11679284,Nyù,anetheron,18.0,24934.0,56.0,,34.0,,19.0,,33.0,52.0,61.0,60.0,49.0,45.0,53.0,69.0,41.0,100.0,,,,,100.0,,117.0,87.0,59.0,55.0,39.0,31.0,15.0,35.0,22.0,1.0,,,,,1.0,,39.0,45.0,36.0,33.0,19.0,14.0,8.0,24.0,9.0,1.0,,,,,1.0,,,,,,,,,,,,,
125896747,Acupan,dalaran,9.0,4303.0,40.0,,5.0,,2.0,,56.0,33.0,83.0,67.0,40.0,0.0,33.0,50.0,100.0,0.0,,,,100.0,100.0,0.0,9.0,15.0,6.0,6.0,5.0,2.0,3.0,2.0,1.0,1.0,,,,1.0,3.0,1.0,5.0,5.0,5.0,4.0,2.0,0.0,1.0,1.0,1.0,0.0,,,,1.0,3.0,0.0,,,,,,,,,,,,
159125143,Arelline,la-croisade-écarlate,34.0,2432.0,,,,,,,,0.0,0.0,0.0,,25.0,33.0,100.0,0.0,,,,0.0,0.0,33.0,0.0,,1.0,1.0,2.0,,4.0,6.0,3.0,3.0,,,,3.0,1.0,3.0,1.0,,0.0,0.0,0.0,,1.0,2.0,3.0,0.0,,,,0.0,0.0,1.0,0.0,,,,50.0,2.0,1.0,100.0,59.0,59.0,,,
152287332,Torgale,krasus,1.0,4537.0,33.0,,6.0,,2.0,,52.0,41.0,40.0,38.0,18.0,0.0,,50.0,,,,,,,,,27.0,46.0,35.0,13.0,11.0,2.0,,4.0,,,,,,,,,14.0,19.0,14.0,5.0,2.0,0.0,,2.0,,,,,,,,,,,,,,,,,,,,
163826053,Stîfflersdad,dun-morogh,10.0,751.0,100.0,,2.0,,2.0,,0.0,20.0,0.0,75.0,100.0,50.0,40.0,40.0,20.0,33.0,,,0.0,,,0.0,1.0,5.0,1.0,4.0,2.0,2.0,5.0,5.0,5.0,3.0,,,1.0,,,1.0,0.0,1.0,0.0,3.0,2.0,1.0,2.0,2.0,1.0,1.0,,,0.0,,,0.0,0.0,1.0,0.0,,,,,,,,,
158058104,Bønabz,conseil-des-ombres,18.0,4609.0,0.0,,1.0,,0.0,,50.0,64.0,76.0,46.0,100.0,,,0.0,,,,,,,,,2.0,25.0,25.0,13.0,3.0,,,1.0,,,,,,,,,1.0,16.0,19.0,6.0,3.0,,,0.0,,,,,,,,,,,,,,,,,,,,
194396987,Crael,hyjal,22.0,412.0,,50.0,,2.0,,1.0,,,,,,100.0,100.0,50.0,100.0,,0.0,,100.0,,50.0,0.0,,,,,,1.0,1.0,2.0,1.0,,1.0,,1.0,,2.0,1.0,,,,,,1.0,1.0,1.0,1.0,,0.0,,1.0,,1.0,0.0,0.0,1.0,0.0,,,,,,,,,
147593058,Turdlee,burning-legion,29.0,3736.0,22.0,0.0,9.0,2.0,2.0,0.0,80.0,0.0,100.0,33.0,,58.0,64.0,64.0,80.0,75.0,33.0,100.0,56.0,100.0,40.0,80.0,5.0,1.0,2.0,3.0,,12.0,14.0,11.0,5.0,4.0,3.0,1.0,9.0,2.0,5.0,5.0,4.0,0.0,2.0,1.0,,7.0,9.0,7.0,4.0,3.0,1.0,1.0,5.0,2.0,2.0,4.0,50.0,4.0,2.0,,,,,,,,,
162618567,Camarlengo,zuljin,65.0,2297.0,50.0,67.0,4.0,6.0,2.0,4.0,33.0,,,100.0,,43.0,50.0,50.0,64.0,,67.0,,67.0,67.0,33.0,0.0,3.0,,,1.0,,7.0,2.0,4.0,11.0,,3.0,,6.0,3.0,3.0,1.0,1.0,,,1.0,,3.0,1.0,2.0,7.0,,2.0,,4.0,2.0,1.0,0.0,100.0,1.0,1.0,,,,,,,,,
129605274,Tyraf,tarren-mill,23.0,6214.0,24.0,,17.0,,4.0,,35.0,76.0,64.0,61.0,50.0,46.0,80.0,74.0,65.0,75.0,,,300.0,0.0,,,20.0,17.0,25.0,18.0,10.0,13.0,15.0,19.0,20.0,12.0,,,2.0,1.0,,,7.0,13.0,16.0,11.0,5.0,6.0,12.0,14.0,13.0,9.0,,,6.0,0.0,,,,,,,,,100.0,39.0,39.0,,,
154584007,Aglón,eredar,74.0,678.0,100.0,,2.0,,2.0,,0.0,,,0.0,,0.0,,67.0,50.0,,0.0,,,,100.0,0.0,1.0,,,2.0,,1.0,,3.0,2.0,,1.0,,,,1.0,2.0,0.0,,,0.0,,0.0,,2.0,1.0,,0.0,,,,1.0,0.0,,,,,,,,,,,,
154395030,Tayluh,silvermoon,10.0,456.0,,,,,,,,,,67.0,,,0.0,100.0,,,,,,,,100.0,,,,3.0,,,1.0,1.0,,,,,,,,1.0,,,,2.0,,,0.0,1.0,,,,,,,,1.0,,,,,,,,,,,,
167237331,Paxiundfixi,alakir,12.0,7534.0,50.0,0.0,6.0,2.0,3.0,0.0,33.0,61.0,72.0,57.0,80.0,50.0,67.0,50.0,50.0,,,100.0,75.0,83.0,,50.0,12.0,36.0,39.0,14.0,10.0,2.0,6.0,8.0,2.0,,,1.0,8.0,6.0,,2.0,4.0,22.0,28.0,8.0,8.0,1.0,4.0,4.0,1.0,,,1.0,6.0,5.0,,1.0,,,,0.0,1.0,0.0,,,,,,
193091808,Thaladriana,aegwynn,17.0,8020.0,67.0,43.0,9.0,7.0,6.0,3.0,44.0,75.0,0.0,44.0,12.0,53.0,50.0,59.0,80.0,57.0,33.0,,87.0,53.0,100.0,36.0,9.0,4.0,1.0,9.0,8.0,17.0,26.0,22.0,15.0,7.0,6.0,,15.0,15.0,2.0,14.0,4.0,3.0,0.0,4.0,1.0,9.0,13.0,13.0,12.0,4.0,2.0,,13.0,8.0,2.0,5.0,50.0,4.0,2.0,50.0,8.0,4.0,,,,,,
78973088,Киирраа,gordunni,44.0,29121.0,66.0,0.0,29.0,1.0,19.0,0.0,46.0,51.0,39.0,59.0,46.0,58.0,69.0,57.0,68.0,54.0,,0.0,100.0,,,,26.0,136.0,80.0,66.0,56.0,50.0,26.0,63.0,19.0,13.0,,1.0,1.0,,,,12.0,69.0,31.0,39.0,26.0,29.0,18.0,36.0,13.0,7.0,,0.0,1.0,,,,,,,,,,,,,,,
63473937,Invi,ysondre,24.0,12268.0,50.0,,2.0,,1.0,,79.0,56.0,66.0,76.0,51.0,0.0,100.0,,100.0,,,,,,,,34.0,50.0,44.0,33.0,47.0,1.0,1.0,,1.0,,,,,,,,27.0,28.0,29.0,25.0,24.0,0.0,1.0,,1.0,,,,,,,,,,,,,,,,,,,
167695695,Nýah,hyjal,12.0,15028.0,50.0,,26.0,,13.0,,50.0,61.0,43.0,51.0,62.0,66.0,100.0,67.0,67.0,60.0,,,,,,,30.0,80.0,46.0,37.0,37.0,76.0,2.0,60.0,3.0,5.0,,,,,,,15.0,49.0,20.0,19.0,23.0,50.0,2.0,40.0,2.0,3.0,,,,,,,,,,,,,,,,,,
168998405,Sarthigas,dalaran,23.0,7694.0,81.0,62.0,27.0,13.0,22.0,8.0,55.0,,,57.0,,60.0,47.0,70.0,43.0,,67.0,,88.0,64.0,56.0,57.0,33.0,,,7.0,,10.0,15.0,10.0,7.0,,6.0,,8.0,11.0,18.0,7.0,18.0,,,4.0,,6.0,7.0,7.0,3.0,,4.0,,7.0,7.0,10.0,4.0,,,,,,,,,,,,
87045038,Dreadknight,uldum,30.0,13619.0,52.0,75.0,33.0,8.0,17.0,6.0,42.0,60.0,67.0,87.0,50.0,36.0,75.0,69.0,62.0,60.0,100.0,,57.0,75.0,40.0,60.0,48.0,15.0,18.0,15.0,18.0,14.0,8.0,13.0,8.0,5.0,2.0,,7.0,8.0,5.0,5.0,20.0,9.0,12.0,13.0,9.0,5.0,6.0,9.0,5.0,3.0,2.0,,4.0,6.0,2.0,3.0,,,,67.0,3.0,2.0,,,,,,
115463739,Ærdaras,blackhand,11.0,4606.0,40.0,50.0,5.0,4.0,2.0,2.0,50.0,20.0,33.0,25.0,,33.0,60.0,46.0,46.0,100.0,0.0,,50.0,40.0,75.0,100.0,6.0,10.0,3.0,16.0,,6.0,10.0,13.0,13.0,1.0,1.0,,10.0,10.0,4.0,2.0,3.0,2.0,1.0,4.0,,2.0,6.0,6.0,6.0,1.0,0.0,,5.0,4.0,3.0,2.0,,,,,,,,,,,,
171490413,Celene,cthun,76.0,23731.0,45.0,60.0,44.0,5.0,20.0,3.0,35.0,48.0,39.0,48.0,51.0,55.0,31.0,69.0,53.0,100.0,100.0,100.0,40.0,50.0,100.0,100.0,51.0,110.0,62.0,66.0,91.0,11.0,13.0,13.0,15.0,3.0,1.0,1.0,5.0,2.0,1.0,1.0,18.0,53.0,24.0,32.0,46.0,6.0,4.0,9.0,8.0,3.0,1.0,1.0,2.0,1.0,1.0,1.0,,,,,,,,,,,,
38372178,Чейдище,howling-fjord,14.0,2578.0,83.0,0.0,6.0,2.0,5.0,0.0,38.0,,0.0,0.0,100.0,50.0,60.0,67.0,40.0,,60.0,,25.0,,60.0,,8.0,,1.0,3.0,2.0,2.0,5.0,6.0,5.0,,5.0,,4.0,,5.0,,3.0,,0.0,0.0,2.0,1.0,3.0,4.0,2.0,,3.0,,1.0,,3.0,,,,,,,,,,,,,
114245905,Viictoor,eredar,15.0,3463.0,33.0,40.0,9.0,5.0,3.0,2.0,21.0,,,33.0,,0.0,50.0,67.0,20.0,,60.0,,14.0,67.0,50.0,0.0,19.0,,,6.0,,1.0,2.0,3.0,5.0,,5.0,,7.0,3.0,4.0,2.0,4.0,,,2.0,,0.0,1.0,2.0,1.0,,3.0,,1.0,2.0,2.0,0.0,,,,,,,,,,,,
104717668,Тесиняка,gordunni,19.0,106286.0,51.0,100.0,92.0,1.0,47.0,1.0,65.0,47.0,54.0,52.0,52.0,63.0,70.0,67.0,50.0,,20.0,,50.0,50.0,100.0,0.0,278.0,260.0,220.0,217.0,235.0,90.0,10.0,153.0,14.0,,5.0,,2.0,2.0,2.0,1.0,180.0,122.0,119.0,112.0,122.0,57.0,7.0,103.0,7.0,,1.0,,1.0,1.0,2.0,0.0,,,,0.0,1.0,0.0,,,,,,
97397052,Кусочекхилла,soulflayer,53.0,3057.0,50.0,50.0,2.0,6.0,1.0,3.0,100.0,,,33.0,,44.0,56.0,100.0,50.0,,50.0,,71.0,67.0,40.0,50.0,3.0,,,3.0,,9.0,9.0,7.0,6.0,,6.0,,7.0,3.0,5.0,2.0,3.0,,,1.0,,4.0,5.0,7.0,3.0,,3.0,,5.0,2.0,2.0,1.0,,,,,,,,,,,,
171488900,Lezaiah,sinstralis,7.0,21167.0,40.0,,62.0,,25.0,,39.0,63.0,51.0,66.0,54.0,64.0,33.0,56.0,67.0,62.0,,,71.0,,,,93.0,99.0,80.0,53.0,41.0,55.0,6.0,80.0,3.0,8.0,,,7.0,,,,36.0,62.0,41.0,35.0,22.0,35.0,2.0,45.0,2.0,5.0,,,5.0,,,,,,,,,,,,,,,
49229026,Athrelya,confrérie-du-thorium,59.0,2116.0,0.0,,5.0,,0.0,,25.0,75.0,67.0,45.0,0.0,33.0,40.0,50.0,33.0,100.0,,,,,,,8.0,8.0,9.0,11.0,3.0,9.0,5.0,2.0,3.0,1.0,,,,,,,2.0,6.0,6.0,5.0,0.0,3.0,2.0,1.0,1.0,1.0,,,,,,,,,,,,,,,,,,
104576523,Savera,confrérie-du-thorium,7.0,4670.0,71.0,,14.0,,10.0,,100.0,38.0,36.0,38.0,50.0,38.0,25.0,50.0,29.0,100.0,,,67.0,,50.0,0.0,1.0,8.0,11.0,8.0,2.0,8.0,4.0,8.0,7.0,2.0,,,3.0,,2.0,1.0,1.0,3.0,4.0,3.0,1.0,3.0,1.0,4.0,2.0,2.0,,,2.0,,1.0,0.0,,,,100.0,1.0,1.0,100.0,1.0,1.0,,,
154239124,Lokoshor,kirin-tor,23.0,2810.0,0.0,100.0,2.0,1.0,0.0,1.0,,39.0,60.0,0.0,100.0,45.0,25.0,43.0,45.0,0.0,,,100.0,,,,,18.0,5.0,1.0,1.0,11.0,4.0,7.0,11.0,1.0,,,1.0,,,,,7.0,3.0,0.0,1.0,5.0,1.0,3.0,5.0,0.0,,,1.0,,,,,,,,,,100.0,5.0,5.0,,,
166849639,Plude,defias-brotherhood,8.0,19.0,,,,,,,100.0,,,,,,,,,,,,,,,,1.0,,,,,,,,,,,,,,,,1.0,,,,,,,,,,,,,,,,,,,,,,,,,,,
160127163,Flashlite,shadowsong,69.0,1389.0,50.0,33.0,4.0,3.0,2.0,1.0,67.0,,,33.0,,80.0,0.0,50.0,25.0,100.0,,,22.0,25.0,100.0,,3.0,,,3.0,,5.0,4.0,8.0,8.0,1.0,,,9.0,4.0,1.0,,2.0,,,1.0,,4.0,0.0,4.0,2.0,1.0,,,2.0,1.0,1.0,,,,,,,,,,,,,
124422982,Lookatmefan,blackrock,14.0,1378.0,0.0,100.0,1.0,3.0,0.0,3.0,100.0,0.0,0.0,33.0,100.0,100.0,,40.0,,,,,100.0,100.0,100.0,,2.0,2.0,1.0,3.0,1.0,2.0,,5.0,,,,,3.0,2.0,2.0,,2.0,0.0,0.0,1.0,1.0,2.0,,2.0,,,,,3.0,2.0,2.0,,,,,,,,,,,,,
136676508,Tonínoo,dun-modr,22.0,6186.0,33.0,40.0,3.0,15.0,1.0,6.0,67.0,75.0,50.0,56.0,0.0,54.0,57.0,33.0,50.0,67.0,100.0,,67.0,53.0,,70.0,3.0,8.0,8.0,9.0,2.0,13.0,23.0,12.0,20.0,3.0,2.0,,12.0,15.0,,10.0,2.0,6.0,4.0,5.0,0.0,7.0,13.0,4.0,10.0,2.0,2.0,,8.0,8.0,,7.0,50.0,2.0,1.0,,,,,,,,,
177144909,Aryxxë,twisting-nether,30.0,4570.0,33.0,100.0,9.0,3.0,3.0,3.0,58.0,100.0,75.0,50.0,,58.0,79.0,89.0,33.0,57.0,33.0,50.0,67.0,67.0,83.0,100.0,19.0,3.0,4.0,4.0,,12.0,14.0,9.0,9.0,7.0,3.0,2.0,6.0,3.0,6.0,2.0,11.0,3.0,3.0,2.0,,7.0,11.0,8.0,3.0,4.0,1.0,1.0,4.0,2.0,5.0,2.0,100.0,2.0,2.0,57.0,7.0,4.0,,,,,,
89606539,Gharash,sargeras,7.0,487.0,,100.0,,1.0,,1.0,,100.0,,,,50.0,0.0,,25.0,,,,,100.0,,100.0,,1.0,,,,2.0,2.0,,4.0,,,,,1.0,,2.0,,1.0,,,,1.0,0.0,,1.0,,,,,1.0,,2.0,50.0,2.0,1.0,,,,,,,,,
112893615,Boukitos,drekthar,30.0,153578.0,55.0,,223.0,,123.0,,49.0,64.0,63.0,61.0,63.0,46.0,38.0,47.0,14.0,,,,,,,,358.0,356.0,343.0,303.0,267.0,13.0,16.0,15.0,7.0,,,,,,,,174.0,227.0,216.0,185.0,167.0,6.0,6.0,7.0,1.0,,,,,,,,,,,,,,,,,,,
191510274,Palaberg,kazzak,6.0,35.0,,100.0,,1.0,,1.0,,,,,,,,,,,,,,,,,,,,,,,,,,,,,,,,,,,,,,,,,,,,,,,,,,,,,,,,,,,,
82204641,Quank,les-sentinelles,18.0,3688.0,60.0,57.0,5.0,14.0,3.0,8.0,50.0,50.0,,,,60.0,50.0,45.0,29.0,,67.0,,44.0,55.0,67.0,64.0,2.0,2.0,,,,10.0,12.0,11.0,14.0,,3.0,,9.0,11.0,3.0,11.0,1.0,1.0,,,,6.0,6.0,5.0,4.0,,2.0,,4.0,6.0,2.0,7.0,40.0,10.0,4.0,,,,,,,,,
153681494,Helaku,kirin-tor,19.0,53173.0,38.0,33.0,130.0,3.0,50.0,1.0,50.0,56.0,60.0,66.0,43.0,63.0,69.0,55.0,53.0,57.0,78.0,67.0,62.0,100.0,87.0,50.0,111.0,70.0,106.0,119.0,82.0,75.0,13.0,74.0,19.0,7.0,9.0,3.0,8.0,6.0,15.0,4.0,55.0,39.0,64.0,78.0,35.0,47.0,9.0,41.0,10.0,4.0,7.0,2.0,5.0,6.0,13.0,2.0,,,,,,,100.0,1.0,1.0,,,
166631802,Darkghost,hyjal,51.0,9511.0,57.0,50.0,7.0,2.0,4.0,1.0,29.0,44.0,71.0,27.0,,25.0,29.0,64.0,50.0,30.0,,,50.0,60.0,0.0,,7.0,18.0,7.0,11.0,,12.0,7.0,11.0,14.0,10.0,,,10.0,5.0,2.0,,2.0,8.0,5.0,3.0,,3.0,2.0,7.0,7.0,3.0,,,5.0,3.0,0.0,,,,,0.0,3.0,0.0,,,,,,
67595897,Artstone,ravencrest,68.0,18914.0,63.0,100.0,35.0,1.0,22.0,1.0,58.0,64.0,60.0,52.0,48.0,47.0,54.0,50.0,67.0,27.0,0.0,,100.0,100.0,50.0,,77.0,83.0,57.0,63.0,56.0,17.0,13.0,12.0,18.0,11.0,3.0,,1.0,1.0,2.0,,45.0,53.0,34.0,33.0,27.0,8.0,7.0,6.0,12.0,3.0,0.0,,1.0,1.0,1.0,,4000.0,1.0,40.0,,,,,,,,,
68332358,Insidiøus,kazzak,29.0,17412.0,51.0,50.0,35.0,2.0,18.0,1.0,53.0,66.0,71.0,68.0,67.0,71.0,43.0,69.0,50.0,75.0,,,,100.0,,,34.0,73.0,85.0,91.0,58.0,83.0,7.0,64.0,4.0,4.0,,,,1.0,,,18.0,48.0,60.0,62.0,39.0,59.0,3.0,44.0,2.0,3.0,,,,1.0,,,,,,,,,,,,,,
165037468,Diktrol,stormreaver,16.0,2301.0,100.0,20.0,2.0,5.0,2.0,1.0,50.0,,,67.0,,100.0,62.0,57.0,67.0,,100.0,,67.0,100.0,50.0,88.0,6.0,,,3.0,,1.0,8.0,7.0,3.0,,4.0,,3.0,2.0,4.0,8.0,3.0,,,2.0,,1.0,5.0,4.0,2.0,,4.0,,2.0,2.0,2.0,7.0,0.0,2.0,0.0,100.0,1.0,1.0,,,,,,
217850493,Mordréd,sylvanas,20.0,522.0,100.0,0.0,1.0,1.0,1.0,0.0,75.0,,,,,,100.0,0.0,0.0,,50.0,,0.0,100.0,,100.0,4.0,,,,,,1.0,1.0,1.0,,2.0,,1.0,1.0,,1.0,3.0,,,,,,1.0,0.0,0.0,,1.0,,0.0,1.0,,1.0,,,,,,,,,,,,
140589344,Bubblès,stormreaver,99.0,5003.0,40.0,25.0,5.0,4.0,2.0,1.0,78.0,,,64.0,,57.0,62.0,25.0,38.0,60.0,,71.0,75.0,64.0,33.0,33.0,9.0,,,11.0,,7.0,8.0,4.0,8.0,5.0,,7.0,4.0,14.0,6.0,6.0,7.0,,,7.0,,4.0,5.0,1.0,3.0,3.0,,5.0,3.0,9.0,2.0,2.0,50.0,2.0,1.0,100.0,1.0,1.0,100.0,9.0,9.0,,,
73785417,Schutzinator,eredar,20.0,4518.0,56.0,,18.0,,10.0,,33.0,13.0,44.0,11.0,43.0,41.0,100.0,29.0,50.0,,,,,,,,21.0,15.0,25.0,18.0,23.0,17.0,1.0,17.0,2.0,,,,,,,,7.0,2.0,11.0,2.0,10.0,7.0,1.0,5.0,1.0,,,,,,,,,,,,,,,,,,,
118609313,Wipepower,ravencrest,26.0,2890.0,17.0,75.0,6.0,4.0,1.0,3.0,78.0,,,100.0,,50.0,100.0,100.0,100.0,,0.0,,86.0,33.0,33.0,0.0,9.0,,,4.0,,2.0,1.0,1.0,2.0,,1.0,,7.0,3.0,6.0,1.0,7.0,,,4.0,,1.0,1.0,1.0,2.0,,0.0,,6.0,1.0,2.0,0.0,100.0,1.0,1.0,0.0,1.0,0.0,,,,,,
96296791,Palarash,ragnaros,9.0,4934.0,0.0,100.0,1.0,4.0,0.0,4.0,45.0,30.0,36.0,67.0,50.0,50.0,50.0,,100.0,,50.0,,,50.0,100.0,67.0,11.0,20.0,11.0,6.0,12.0,2.0,4.0,,1.0,,2.0,,,4.0,1.0,3.0,5.0,6.0,4.0,4.0,6.0,1.0,2.0,,1.0,,1.0,,,2.0,1.0,2.0,,,,,,,,,,,,
156018554,Pestiferos,ysondre,7.0,43.0,,,,,,,0.0,,,,,,,,,,,,,,,,1.0,,,,,,,,,,,,,,,,0.0,,,,,,,,,,,,,,,,,,,,,,,,,,,
165703894,Pepydring,khaz-modan,15.0,53.0,,0.0,,1.0,,0.0,,,,,,,,,,,,,,,,,,,,,,,,,,,,,,,,,,,,,,,,,,,,,,,,,,,,,,,,,,,,
155711006,Gottköníg,antonidas,33.0,741.0,100.0,100.0,1.0,2.0,1.0,2.0,,,,0.0,,,100.0,,0.0,,100.0,,0.0,0.0,,100.0,,,,1.0,,,1.0,,1.0,,1.0,,2.0,1.0,,1.0,,,,0.0,,,1.0,,0.0,,1.0,,0.0,0.0,,1.0,,,,33.0,6.0,2.0,,,,,,
156893097,Dawnbringer,archimonde,12.0,1099.0,33.0,0.0,3.0,2.0,1.0,0.0,100.0,,,,,,,,100.0,,,,100.0,0.0,0.0,,1.0,,,,,,,,1.0,,,,2.0,3.0,1.0,,1.0,,,,,,,,1.0,,,,2.0,0.0,0.0,,,,,,,,,,,,,
175959101,Arctïk,marécage-de-zangar,9.0,1438.0,100.0,50.0,1.0,4.0,1.0,2.0,100.0,,,100.0,,33.0,33.0,50.0,0.0,33.0,100.0,,100.0,20.0,0.0,33.0,1.0,,,1.0,,3.0,3.0,4.0,1.0,3.0,1.0,,2.0,5.0,3.0,3.0,1.0,,,1.0,,1.0,1.0,2.0,0.0,1.0,1.0,,2.0,1.0,0.0,1.0,,,,,,,,,,,,
158410236,Murkhala,tarren-mill,59.0,179.0,,0.0,,1.0,,0.0,,,,,,,,,50.0,,,,,100.0,,,,,,,,,,,2.0,,,,,1.0,,,,,,,,,,,1.0,,,,,1.0,,,,,,,,,,,,,,
136972478,Judgemegood,thrall,27.0,615.0,,,,,,,,,,,,,,,,,,,,,,,,,,,,,,,,,,,,,,,,,,,,,,,,,,,,,,,,,,100.0,3.0,3.0,,,,,,
176258513,Inyaface,zuljin,89.0,1712.0,0.0,0.0,4.0,1.0,0.0,0.0,40.0,,,0.0,,0.0,0.0,33.0,100.0,,100.0,,0.0,33.0,33.0,75.0,5.0,,,3.0,,1.0,2.0,3.0,2.0,,4.0,,4.0,9.0,3.0,4.0,2.0,,,0.0,,0.0,0.0,1.0,2.0,,4.0,,0.0,3.0,1.0,3.0,,,,,,,,,,,,
185495750,Khaean,kazzak,202.0,14041.0,67.0,87.0,3.0,30.0,2.0,26.0,67.0,100.0,80.0,85.0,80.0,82.0,78.0,72.0,71.0,50.0,100.0,78.0,82.0,78.0,67.0,76.0,6.0,11.0,5.0,52.0,5.0,51.0,40.0,46.0,59.0,6.0,2.0,9.0,39.0,36.0,3.0,45.0,4.0,11.0,4.0,44.0,4.0,42.0,31.0,33.0,42.0,3.0,2.0,7.0,32.0,28.0,2.0,34.0,,,,,,,100.0,1.0,1.0,,,
69764442,Norrath,thrall,18.0,6551.0,36.0,0.0,14.0,1.0,5.0,0.0,26.0,52.0,48.0,33.0,27.0,56.0,77.0,54.0,62.0,100.0,0.0,40.0,,50.0,100.0,100.0,27.0,27.0,21.0,12.0,11.0,9.0,13.0,13.0,8.0,6.0,2.0,5.0,,2.0,3.0,1.0,7.0,14.0,10.0,4.0,3.0,5.0,10.0,7.0,5.0,6.0,0.0,2.0,,1.0,3.0,1.0,,,,,,,,,,,,
148737528,Lan,magtheridon,21.0,3722.0,50.0,33.0,2.0,3.0,1.0,1.0,50.0,,,0.0,,100.0,50.0,75.0,33.0,,,,100.0,67.0,25.0,100.0,4.0,,,8.0,,2.0,2.0,4.0,3.0,,,,3.0,6.0,4.0,2.0,2.0,,,0.0,,2.0,1.0,3.0,1.0,,,,3.0,4.0,1.0,2.0,,,,,,,100.0,12.0,12.0,,,
172124909,Todgerdodgér,silvermoon,9.0,1301.0,100.0,,1.0,,1.0,,100.0,43.0,50.0,50.0,0.0,50.0,100.0,25.0,50.0,,,,,,,0.0,2.0,7.0,2.0,2.0,3.0,8.0,2.0,4.0,4.0,,,,,,,1.0,2.0,3.0,1.0,1.0,0.0,4.0,2.0,1.0,2.0,,,,,,,0.0,,,,,,,,,,,,
154810309,Radmen,ravencrest,132.0,673.0,,100.0,,2.0,,2.0,,,,100.0,,0.0,100.0,25.0,100.0,,,,100.0,50.0,,,,,,2.0,,2.0,1.0,4.0,1.0,,,,1.0,2.0,,,,,,2.0,,0.0,1.0,1.0,1.0,,,,1.0,1.0,,,,,,,,,,,,,,
175395828,Churumlight,sanguino,21.0,422.0,0.0,50.0,1.0,2.0,0.0,1.0,0.0,,,0.0,,,,,100.0,,100.0,,100.0,,,100.0,1.0,,,1.0,,,,,2.0,,1.0,,1.0,,,1.0,0.0,,,0.0,,,,,2.0,,1.0,,1.0,,,1.0,,,,,,,,,,,,
243255435,Фалькмур,gordunni,65.0,3395.0,40.0,50.0,5.0,4.0,2.0,2.0,50.0,,,100.0,,50.0,38.0,75.0,56.0,,50.0,100.0,75.0,67.0,62.0,80.0,6.0,,,2.0,,2.0,8.0,4.0,9.0,,4.0,1.0,4.0,6.0,8.0,5.0,3.0,,,2.0,,1.0,3.0,3.0,5.0,,2.0,1.0,3.0,4.0,5.0,4.0,,,,,,,,,,,,
163224163,Радостьмоя,gordunni,94.0,10242.0,,69.0,,16.0,,11.0,,55.0,38.0,67.0,100.0,43.0,56.0,59.0,54.0,67.0,,50.0,55.0,62.0,,82.0,,22.0,8.0,24.0,3.0,28.0,43.0,41.0,48.0,12.0,,4.0,20.0,16.0,,11.0,,12.0,3.0,16.0,3.0,12.0,24.0,24.0,26.0,8.0,,2.0,11.0,10.0,,9.0,,,,0.0,1.0,0.0,100.0,2.0,2.0,,,
175721864,Ondelia,hyjal,16.0,1150.0,33.0,100.0,3.0,1.0,1.0,1.0,50.0,50.0,100.0,100.0,,0.0,50.0,100.0,50.0,,,,,100.0,50.0,,4.0,2.0,1.0,1.0,,1.0,4.0,1.0,4.0,,,,,2.0,2.0,,2.0,1.0,1.0,1.0,,0.0,2.0,1.0,2.0,,,,,2.0,1.0,,,,,,,,100.0,3.0,3.0,,,
97311120,Colossus,les-clairvoyants,16.0,1109.0,100.0,0.0,1.0,1.0,1.0,0.0,,,,0.0,,,100.0,50.0,,,,,,,,100.0,,,,1.0,,,1.0,2.0,,,,,,,,1.0,,,,0.0,,,1.0,1.0,,,,,,,,1.0,,,,,,,100.0,5.0,5.0,,,
200935849,Овитрес,soulflayer,92.0,204.0,,,,,,,0.0,,,50.0,,0.0,,,100.0,,,,50.0,,,100.0,1.0,,,2.0,,1.0,,,1.0,,,,2.0,,,1.0,0.0,,,1.0,,0.0,,,1.0,,,,1.0,,,1.0,,,,,,,,,,,,
125359362,Wohlkers,les-sentinelles,25.0,320.0,,,,,,,,100.0,100.0,0.0,,100.0,50.0,40.0,0.0,,,,,0.0,,,,1.0,1.0,2.0,,1.0,4.0,5.0,2.0,,,,,1.0,,,,1.0,1.0,0.0,,1.0,2.0,2.0,0.0,,,,,0.0,,,,,,,,,,,,,,
222918576,Ruddigore,the-maelstrom,19.0,409.0,,,,,,,50.0,,,,,100.0,0.0,0.0,25.0,100.0,,,,0.0,,0.0,2.0,,,,,1.0,1.0,1.0,4.0,1.0,,,,1.0,,2.0,1.0,,,,,1.0,0.0,0.0,1.0,1.0,,,,0.0,,0.0,,,,,,,,,,,,
195921039,Vilgford,hyjal,33.0,3061.0,,75.0,,4.0,,3.0,,30.0,42.0,67.0,0.0,32.0,25.0,38.0,36.0,56.0,,,33.0,33.0,,,,23.0,12.0,6.0,1.0,25.0,20.0,16.0,22.0,9.0,,,3.0,3.0,,,,7.0,5.0,4.0,0.0,8.0,5.0,6.0,8.0,5.0,,,1.0,1.0,,,,,,,,,,,,,,
195802808,Staforti,aggra-português,2.0,74.0,,,,,,,,,,,,,,,,,,,0.0,,,100.0,,,,,,,,,,,,,1.0,,,2.0,,,,,,,,,,,,,0.0,,,2.0,,,,,,,,,,,,
90161233,Fincent,malorne,178.0,23884.0,64.0,45.0,22.0,20.0,14.0,9.0,64.0,47.0,34.0,47.0,36.0,45.0,37.0,46.0,41.0,25.0,0.0,0.0,60.0,50.0,43.0,55.0,14.0,34.0,32.0,49.0,22.0,29.0,30.0,39.0,29.0,12.0,1.0,1.0,30.0,18.0,7.0,11.0,9.0,16.0,11.0,23.0,8.0,13.0,11.0,18.0,12.0,3.0,0.0,0.0,18.0,9.0,3.0,6.0,200.0,12.0,24.0,25.0,12.0,3.0,100.0,2.0,2.0,,,
180420766,Тивиар,gordunni,7.0,1640.0,,67.0,,3.0,,2.0,,0.0,,,,0.0,50.0,33.0,50.0,,,,,0.0,100.0,33.0,,1.0,,,,1.0,2.0,3.0,2.0,,,,,1.0,1.0,3.0,,0.0,,,,0.0,1.0,1.0,1.0,,,,,0.0,1.0,1.0,50.0,2.0,1.0,25.0,8.0,2.0,,,,,,
160957740,Liptone,conseil-des-ombres,72.0,2072.0,50.0,22.0,2.0,9.0,1.0,2.0,100.0,,,40.0,,67.0,60.0,100.0,100.0,,100.0,,67.0,80.0,,50.0,2.0,,,5.0,,3.0,5.0,2.0,1.0,,1.0,,3.0,5.0,,2.0,2.0,,,2.0,,2.0,3.0,2.0,1.0,,1.0,,2.0,4.0,,1.0,,,,,,,,,,,,
147410169,Saze,ragnaros,18.0,2680.0,33.0,38.0,3.0,13.0,1.0,5.0,50.0,,100.0,0.0,,45.0,67.0,57.0,44.0,,,,33.0,62.0,,67.0,2.0,,1.0,2.0,,11.0,15.0,7.0,9.0,,,,9.0,8.0,,6.0,1.0,,1.0,0.0,,5.0,10.0,4.0,4.0,,,,3.0,5.0,,4.0,43.0,7.0,3.0,,,,,,,,,
175005519,Clarrizard,silvermoon,63.0,10057.0,40.0,46.0,5.0,13.0,2.0,6.0,67.0,51.0,55.0,43.0,54.0,48.0,53.0,44.0,81.0,43.0,,,64.0,67.0,,60.0,9.0,45.0,20.0,21.0,13.0,23.0,17.0,16.0,16.0,7.0,,,11.0,9.0,,10.0,6.0,23.0,11.0,9.0,7.0,11.0,9.0,7.0,13.0,3.0,,,7.0,6.0,,6.0,800.0,1.0,8.0,,,,,,,,,
184227887,Glôr,nemesis,13.0,998.0,0.0,0.0,2.0,2.0,0.0,0.0,25.0,,,,,100.0,,67.0,,,0.0,,0.0,0.0,0.0,0.0,4.0,,,,,1.0,,3.0,,,1.0,,1.0,1.0,3.0,3.0,1.0,,,,,1.0,,2.0,,,0.0,,0.0,0.0,0.0,0.0,,,,,,,,,,,,
226274304,Valithria,sylvanas,58.0,7799.0,71.0,62.0,7.0,8.0,5.0,5.0,56.0,33.0,33.0,62.0,100.0,50.0,33.0,80.0,73.0,50.0,,,100.0,80.0,29.0,,9.0,3.0,3.0,8.0,1.0,2.0,6.0,5.0,11.0,8.0,,,2.0,10.0,7.0,,5.0,1.0,1.0,5.0,1.0,1.0,2.0,4.0,8.0,4.0,,,2.0,8.0,2.0,,75.0,4.0,3.0,0.0,2.0,0.0,100.0,51.0,51.0,,,
180862156,Mythterhawk,outland,48.0,8751.0,54.0,77.0,13.0,13.0,7.0,10.0,40.0,43.0,60.0,58.0,50.0,68.0,78.0,68.0,59.0,60.0,,,75.0,79.0,89.0,75.0,5.0,7.0,5.0,12.0,2.0,19.0,27.0,19.0,22.0,15.0,,,8.0,14.0,9.0,4.0,2.0,3.0,3.0,7.0,1.0,13.0,21.0,13.0,13.0,9.0,,,6.0,11.0,8.0,3.0,125.0,4.0,5.0,,,,,,,,,
181448708,Kibrovska,silvermoon,20.0,2423.0,33.0,40.0,3.0,5.0,1.0,2.0,67.0,,,33.0,,80.0,62.0,75.0,50.0,,0.0,0.0,50.0,70.0,50.0,80.0,6.0,,,6.0,,5.0,8.0,4.0,4.0,,2.0,2.0,8.0,10.0,4.0,5.0,4.0,,,2.0,,4.0,5.0,3.0,2.0,,0.0,0.0,4.0,7.0,2.0,4.0,,,,,,,,,,,,
159032241,Shâdi,antonidas,6.0,317.0,,0.0,,1.0,,0.0,,,,0.0,,33.0,,,,,,,0.0,50.0,,,,,,1.0,,3.0,,,,,,,2.0,2.0,,,,,,0.0,,1.0,,,,,,,0.0,1.0,,,,,,,,,,,,,,
154116024,Bouncyshield,stormscale,21.0,126.0,,,,,,,0.0,,,,,,,,,,,,,,50.0,,1.0,,,,,,,,,,,,,,2.0,,0.0,,,,,,,,,,,,,,1.0,,,,,,,,,,,,,
168313974,Tjorb,twisting-nether,16.0,3648.0,75.0,17.0,4.0,6.0,3.0,1.0,20.0,,,0.0,,0.0,71.0,75.0,100.0,,60.0,,43.0,60.0,60.0,0.0,5.0,,,2.0,,2.0,7.0,12.0,9.0,,5.0,,7.0,5.0,5.0,2.0,1.0,,,0.0,,0.0,5.0,9.0,9.0,,3.0,,3.0,3.0,3.0,0.0,38.0,8.0,3.0,,,,,,,,,
153202632,Shirotama,burning-legion,18.0,1321.0,,50.0,,2.0,,1.0,100.0,,,50.0,,50.0,75.0,100.0,0.0,,100.0,,33.0,43.0,0.0,20.0,1.0,,,2.0,,2.0,4.0,2.0,3.0,,1.0,,6.0,7.0,1.0,5.0,1.0,,,1.0,,1.0,3.0,2.0,0.0,,1.0,,2.0,3.0,0.0,1.0,0.0,2.0,0.0,,,,,,,,,
87936936,Kadelris,draenor,26.0,4753.0,14.0,75.0,7.0,4.0,1.0,3.0,50.0,43.0,25.0,40.0,100.0,57.0,50.0,50.0,54.0,0.0,0.0,,80.0,33.0,83.0,,16.0,7.0,4.0,5.0,2.0,7.0,8.0,8.0,13.0,3.0,2.0,,5.0,3.0,6.0,,8.0,3.0,1.0,2.0,2.0,4.0,4.0,4.0,7.0,0.0,0.0,,4.0,1.0,5.0,,,,,,,,100.0,15.0,15.0,,,
159970790,Izzät,draenor,10.0,1233.0,100.0,88.0,1.0,8.0,1.0,7.0,,,,100.0,,,50.0,100.0,50.0,,,,100.0,80.0,,0.0,,,,1.0,,,2.0,1.0,2.0,,,,1.0,5.0,,3.0,,,,1.0,,,1.0,1.0,1.0,,,,1.0,4.0,,0.0,,,,,,,,,,,,
238743096,Старгейт,greymane,15.0,40307.0,46.0,100.0,26.0,1.0,12.0,1.0,75.0,83.0,54.0,64.0,52.0,92.0,92.0,64.0,88.0,88.0,80.0,100.0,0.0,100.0,80.0,,63.0,77.0,89.0,67.0,91.0,13.0,12.0,14.0,17.0,8.0,5.0,2.0,1.0,1.0,5.0,,47.0,64.0,48.0,43.0,47.0,12.0,11.0,9.0,15.0,7.0,4.0,2.0,0.0,1.0,4.0,,,,,,,,,,,,,
171778567,Макзор,eversong,6.0,1735.0,50.0,0.0,2.0,1.0,1.0,0.0,0.0,,,100.0,,,33.0,,100.0,,67.0,,33.0,0.0,50.0,,2.0,,,1.0,,,3.0,,1.0,,3.0,,3.0,1.0,2.0,,0.0,,,1.0,,,1.0,,1.0,,2.0,,1.0,0.0,1.0,,,,,75.0,4.0,3.0,,,,,,
160412481,Mahlac,dun-modr,31.0,9379.0,0.0,54.0,1.0,28.0,0.0,15.0,0.0,,,56.0,,61.0,57.0,67.0,50.0,75.0,,100.0,50.0,77.0,33.0,54.0,2.0,,,18.0,,36.0,42.0,42.0,34.0,4.0,,1.0,24.0,31.0,6.0,26.0,0.0,,,10.0,,22.0,24.0,28.0,17.0,3.0,,1.0,12.0,24.0,2.0,14.0,44.0,16.0,7.0,50.0,2.0,1.0,,,,,,
154993531,Holybuttcrck,stormscale,10.0,641.0,,0.0,,1.0,,0.0,0.0,,,50.0,,0.0,50.0,0.0,0.0,,,,50.0,25.0,100.0,,1.0,,,2.0,,1.0,2.0,1.0,2.0,,,,2.0,4.0,1.0,,0.0,,,1.0,,0.0,1.0,0.0,0.0,,,,1.0,1.0,1.0,,,,,0.0,1.0,0.0,,,,,,
164602514,Bretzel,ambossar,38.0,1445.0,,,,,,,,,,67.0,,50.0,0.0,0.0,71.0,,,,100.0,,,50.0,,,,3.0,,2.0,2.0,2.0,17.0,,,,3.0,,,4.0,,,,2.0,,1.0,0.0,0.0,12.0,,,,3.0,,,2.0,,,,,,,,,,,,
175169023,Артипал,azuregos,21.0,1122.0,,,,,,,,50.0,,,0.0,62.0,100.0,100.0,50.0,,,,,,,,,2.0,,,1.0,8.0,3.0,2.0,2.0,,,,,,,,,1.0,,,0.0,5.0,3.0,2.0,1.0,,,,,,,,,,,,,,,,,,,
163003050,Sugarmint,bronze-dragonflight,51.0,2167.0,0.0,,2.0,,0.0,,50.0,,,50.0,,100.0,50.0,20.0,50.0,,,,0.0,53.0,0.0,50.0,2.0,,,4.0,,1.0,2.0,5.0,2.0,,,,2.0,17.0,1.0,6.0,1.0,,,2.0,,1.0,1.0,1.0,1.0,,,,0.0,9.0,0.0,3.0,,,,,,,,,,,,
123036105,Setegiber,sanguino,26.0,3139.0,0.0,25.0,1.0,4.0,0.0,1.0,50.0,0.0,,67.0,0.0,50.0,,67.0,64.0,100.0,,,86.0,80.0,50.0,0.0,6.0,1.0,,3.0,1.0,6.0,,3.0,14.0,2.0,,,7.0,5.0,2.0,1.0,3.0,0.0,,2.0,0.0,3.0,,2.0,9.0,2.0,,,6.0,4.0,1.0,0.0,,,,0.0,2.0,0.0,,,,,,
158661428,Painpaté,culte-de-la-rive-noire,61.0,1449.0,,0.0,,2.0,,0.0,,,0.0,75.0,,0.0,25.0,0.0,80.0,50.0,,,25.0,,,,,,1.0,4.0,,5.0,4.0,5.0,5.0,2.0,,,4.0,,,,,,0.0,3.0,,0.0,1.0,0.0,4.0,1.0,,,1.0,,,,,,,,,,,,,,,
161435082,Ruvlin,draenor,37.0,1732.0,,50.0,,6.0,,3.0,,100.0,0.0,100.0,100.0,50.0,80.0,75.0,71.0,100.0,,,50.0,75.0,,33.0,,1.0,1.0,3.0,2.0,4.0,5.0,4.0,7.0,1.0,,,4.0,8.0,,6.0,,1.0,0.0,3.0,2.0,2.0,4.0,3.0,5.0,1.0,,,2.0,6.0,,2.0,0.0,1.0,0.0,,,,,,,,,
162416420,Fordriñg,kazzak,23.0,4185.0,57.0,33.0,7.0,3.0,4.0,1.0,0.0,,,100.0,,33.0,33.0,100.0,100.0,33.0,,75.0,50.0,75.0,83.0,100.0,3.0,,,1.0,,3.0,3.0,2.0,2.0,3.0,,8.0,2.0,4.0,6.0,2.0,0.0,,,1.0,,1.0,1.0,2.0,2.0,1.0,,6.0,1.0,3.0,5.0,2.0,,,,100.0,1.0,1.0,,,,,,
141445649,Adrianie,ysera,126.0,140.0,,0.0,,1.0,,0.0,,,,,,0.0,,,,,,,0.0,100.0,,,,,,,,1.0,,,,,,,1.0,1.0,,,,,,,,0.0,,,,,,,0.0,1.0,,,,,,,,,,,,,,
175822941,Zofo,twisting-nether,85.0,648.0,33.0,100.0,3.0,1.0,1.0,1.0,,,,100.0,,0.0,0.0,0.0,,,50.0,,100.0,,,100.0,,,,1.0,,1.0,1.0,1.0,,,2.0,,1.0,,,1.0,,,,1.0,,0.0,0.0,0.0,,,1.0,,1.0,,,1.0,,,,,,,,,,,,
57905859,Альфарт,howling-fjord,11.0,11011.0,40.0,0.0,10.0,2.0,4.0,0.0,55.0,50.0,71.0,50.0,60.0,40.0,77.0,38.0,43.0,36.0,0.0,,100.0,100.0,0.0,,20.0,14.0,21.0,22.0,15.0,20.0,13.0,13.0,14.0,11.0,1.0,,1.0,1.0,1.0,,11.0,7.0,15.0,11.0,9.0,8.0,10.0,5.0,6.0,4.0,0.0,,1.0,1.0,0.0,,,,,,,,,,,,,
154232407,Aleaume,kirin-tor,13.0,13733.0,50.0,,2.0,,1.0,,67.0,36.0,71.0,,50.0,25.0,0.0,50.0,,0.0,,,,,,,6.0,11.0,7.0,,6.0,4.0,2.0,2.0,,1.0,,,,,,,4.0,4.0,5.0,,3.0,1.0,0.0,1.0,,0.0,,,,,,,,,,,,,,,,,,
119151404,Casemir,antonidas,20.0,421.0,,,,,,,,,,100.0,,50.0,,0.0,,,,,100.0,,,0.0,,,,2.0,,2.0,,1.0,,,,,1.0,,,2.0,,,,2.0,,1.0,,0.0,,,,,1.0,,,0.0,,,,,,,,,,,,
188002128,Окликс,gordunni,29.0,3546.0,100.0,100.0,1.0,2.0,1.0,2.0,60.0,,,75.0,,50.0,78.0,78.0,69.0,50.0,67.0,0.0,88.0,67.0,60.0,100.0,10.0,,,4.0,,4.0,9.0,9.0,13.0,2.0,3.0,5.0,8.0,6.0,5.0,1.0,6.0,,,3.0,,2.0,7.0,7.0,9.0,1.0,2.0,0.0,7.0,4.0,3.0,1.0,,,,,,,100.0,2.0,2.0,,,
196022814,Torvil,outland,11.0,635.0,,,,,,,33.0,,,100.0,,100.0,,100.0,100.0,,,100.0,,,50.0,,3.0,,,1.0,,1.0,,1.0,1.0,,,1.0,,,2.0,,1.0,,,1.0,,1.0,,1.0,1.0,,,1.0,,,1.0,,,,,,,,,,,,,
172809122,Andû,hyjal,10.0,778.0,100.0,,1.0,,1.0,,0.0,,,0.0,,,0.0,50.0,50.0,,,,25.0,50.0,50.0,100.0,2.0,,,1.0,,,1.0,2.0,2.0,,,,4.0,2.0,2.0,1.0,0.0,,,0.0,,,0.0,1.0,1.0,,,,1.0,1.0,1.0,1.0,100.0,1.0,1.0,,,,,,,,,
101386919,Azadaka,khaz-modan,8.0,2330.0,33.0,,9.0,,3.0,,57.0,29.0,0.0,33.0,50.0,100.0,0.0,0.0,50.0,25.0,,,100.0,100.0,0.0,,7.0,21.0,2.0,3.0,2.0,1.0,1.0,2.0,2.0,4.0,,,1.0,1.0,1.0,,4.0,6.0,0.0,1.0,1.0,1.0,0.0,0.0,1.0,1.0,,,1.0,1.0,0.0,,,,,17.0,6.0,1.0,,,,,,
182477163,Фироша,gordunni,8.0,789.0,,67.0,,3.0,,2.0,,,,100.0,,33.0,,75.0,100.0,,,,0.0,60.0,,0.0,,,,1.0,,3.0,,4.0,1.0,,,,2.0,5.0,,1.0,,,,1.0,,1.0,,3.0,1.0,,,,0.0,3.0,,0.0,,,,,,,,,,,,
133594367,Viskki,draenor,16.0,2248.0,0.0,67.0,2.0,3.0,0.0,2.0,80.0,,,0.0,,0.0,75.0,100.0,50.0,,50.0,,100.0,100.0,100.0,,5.0,,,1.0,,1.0,4.0,1.0,2.0,,2.0,,1.0,1.0,4.0,,4.0,,,0.0,,0.0,3.0,1.0,1.0,,1.0,,1.0,1.0,4.0,,,,,,,,,,,,,
152259371,Krátose,twisting-nether,18.0,2761.0,60.0,,5.0,,3.0,,46.0,33.0,33.0,43.0,57.0,25.0,0.0,71.0,100.0,,,,,,,,13.0,9.0,6.0,7.0,7.0,4.0,2.0,7.0,1.0,,,,,,,,6.0,3.0,2.0,3.0,4.0,1.0,0.0,5.0,1.0,,,,,,,,,,,,,,,,,,,
196142318,Оливьешька,deathguard,13.0,1256.0,75.0,100.0,4.0,1.0,3.0,1.0,,,,0.0,,75.0,0.0,67.0,0.0,,0.0,,33.0,33.0,100.0,0.0,,,,1.0,,4.0,1.0,3.0,1.0,,1.0,,3.0,3.0,1.0,1.0,,,,0.0,,3.0,0.0,2.0,0.0,,0.0,,1.0,1.0,1.0,0.0,100.0,1.0,1.0,,,,,,,,,
149040372,Noobypums,silvermoon,5.0,3476.0,100.0,,2.0,,2.0,,53.0,33.0,50.0,,100.0,0.0,,100.0,,0.0,,,0.0,,,,32.0,3.0,6.0,,1.0,3.0,,1.0,,1.0,,,1.0,,,,17.0,1.0,3.0,,1.0,0.0,,1.0,,0.0,,,0.0,,,,,,,,,,,,,,,
169060728,Кирвиса,gordunni,59.0,8430.0,80.0,43.0,5.0,7.0,4.0,3.0,75.0,69.0,67.0,67.0,0.0,55.0,50.0,56.0,57.0,43.0,,0.0,133.0,0.0,0.0,0.0,4.0,13.0,6.0,9.0,2.0,22.0,14.0,16.0,23.0,7.0,,2.0,6.0,2.0,1.0,2.0,3.0,9.0,4.0,6.0,0.0,12.0,7.0,9.0,13.0,3.0,,0.0,8.0,0.0,0.0,0.0,,,,,,,100.0,1.0,1.0,,,
153197999,Gordain,malfurion,17.0,4505.0,86.0,75.0,7.0,4.0,6.0,3.0,38.0,,,50.0,,38.0,50.0,33.0,50.0,50.0,67.0,100.0,50.0,40.0,33.0,0.0,8.0,,,6.0,,8.0,8.0,3.0,4.0,2.0,6.0,1.0,4.0,5.0,9.0,2.0,3.0,,,3.0,,3.0,4.0,1.0,2.0,1.0,4.0,1.0,2.0,2.0,3.0,0.0,,,,0.0,4.0,0.0,100.0,2.0,2.0,,,
114040818,Diem,hyjal,3.0,2445.0,67.0,,3.0,,2.0,,80.0,33.0,33.0,60.0,25.0,50.0,,0.0,,,,,,,,,5.0,3.0,3.0,5.0,4.0,2.0,,1.0,,,,,,,,,4.0,1.0,1.0,3.0,1.0,1.0,,0.0,,,,,,,,,,,,,,,,,,,,
180842612,Daratos,nemesis,7.0,2562.0,83.0,,6.0,,5.0,,25.0,60.0,43.0,60.0,20.0,22.0,0.0,50.0,36.0,75.0,,,50.0,,,,4.0,5.0,7.0,5.0,10.0,9.0,2.0,14.0,11.0,4.0,,,2.0,,,,1.0,3.0,3.0,3.0,2.0,2.0,0.0,7.0,4.0,3.0,,,1.0,,,,,,,,,,,,,,,
154379430,Hotheads,ravencrest,81.0,837.0,100.0,50.0,2.0,2.0,2.0,1.0,,,,,,,0.0,100.0,67.0,,100.0,,50.0,0.0,0.0,,,,,,,,2.0,2.0,3.0,,1.0,,2.0,2.0,1.0,,,,,,,,0.0,2.0,2.0,,1.0,,1.0,0.0,0.0,,,,,,,,,,,,,
165020997,Thyraly,thrall,51.0,509.0,,67.0,,3.0,,2.0,,,,0.0,,0.0,100.0,25.0,0.0,,0.0,,100.0,,100.0,100.0,,,,1.0,,2.0,1.0,4.0,1.0,,1.0,,1.0,,1.0,1.0,,,,0.0,,0.0,1.0,1.0,0.0,,0.0,,1.0,,1.0,1.0,,,,,,,,,,,,
64383491,Exxodus,medivh,5.0,1188.0,100.0,,1.0,,1.0,,67.0,0.0,100.0,50.0,50.0,,29.0,50.0,33.0,,,,0.0,,,,3.0,1.0,1.0,2.0,2.0,,7.0,2.0,6.0,,,,1.0,,,,2.0,0.0,1.0,1.0,1.0,,2.0,1.0,2.0,,,,0.0,,,,,,,,,,,,,,,
84582695,Firionel,dun-modr,40.0,37301.0,83.0,50.0,47.0,2.0,39.0,1.0,51.0,43.0,38.0,48.0,44.0,53.0,37.0,45.0,49.0,52.0,,100.0,,33.0,0.0,0.0,119.0,138.0,94.0,65.0,64.0,75.0,41.0,76.0,35.0,25.0,,2.0,,3.0,2.0,2.0,61.0,60.0,36.0,31.0,28.0,40.0,15.0,34.0,17.0,13.0,,2.0,,1.0,0.0,0.0,,,,,,,,,,,,
166941979,Ule,archimonde,21.0,5862.0,43.0,50.0,7.0,2.0,3.0,1.0,57.0,56.0,0.0,50.0,,38.0,55.0,60.0,33.0,20.0,,,33.0,83.0,67.0,,7.0,9.0,1.0,4.0,,8.0,11.0,15.0,12.0,5.0,,,6.0,6.0,6.0,,4.0,5.0,0.0,2.0,,3.0,6.0,9.0,4.0,1.0,,,2.0,5.0,4.0,,,,,,,,100.0,7.0,7.0,,,
196305197,Айнест,gordunni,23.0,997.0,80.0,0.0,5.0,1.0,4.0,0.0,100.0,,,,,,,,,,,100.0,50.0,,0.0,,1.0,,,,,,,,,,,1.0,2.0,,1.0,,1.0,,,,,,,,,,,1.0,1.0,,0.0,,,,,,,,,,,,,
141864217,Айвишпал,galakrond,31.0,6959.0,33.0,29.0,3.0,14.0,1.0,4.0,75.0,50.0,50.0,60.0,,84.0,65.0,58.0,60.0,67.0,0.0,100.0,71.0,48.0,0.0,0.0,4.0,2.0,2.0,10.0,,19.0,20.0,19.0,30.0,6.0,1.0,1.0,24.0,25.0,1.0,2.0,3.0,1.0,1.0,6.0,,16.0,13.0,11.0,18.0,4.0,0.0,1.0,17.0,12.0,0.0,0.0,80.0,5.0,4.0,0.0,1.0,0.0,100.0,5.0,5.0,,,
137105514,Денния,soulflayer,15.0,5954.0,0.0,,4.0,,0.0,,62.0,86.0,100.0,67.0,60.0,44.0,75.0,43.0,56.0,40.0,,,100.0,33.0,0.0,0.0,8.0,7.0,5.0,12.0,5.0,9.0,8.0,7.0,9.0,5.0,,,1.0,3.0,1.0,3.0,5.0,6.0,5.0,8.0,3.0,4.0,6.0,3.0,5.0,2.0,,,1.0,1.0,0.0,0.0,,,,,,,,,,,,
149922389,Verdikt,alleria,13.0,3767.0,100.0,,4.0,,4.0,,60.0,50.0,20.0,100.0,0.0,31.0,40.0,67.0,43.0,67.0,,,0.0,57.0,80.0,100.0,5.0,8.0,5.0,9.0,1.0,13.0,5.0,3.0,14.0,3.0,,,4.0,7.0,5.0,2.0,3.0,4.0,1.0,9.0,0.0,4.0,2.0,2.0,6.0,2.0,,,0.0,4.0,4.0,2.0,,,,,,,100.0,4.0,4.0,,,
89933994,Lasaga,ravencrest,57.0,3653.0,25.0,25.0,12.0,4.0,3.0,1.0,14.0,,,33.0,,0.0,50.0,33.0,100.0,,0.0,,75.0,100.0,27.0,67.0,7.0,,,3.0,,3.0,2.0,3.0,1.0,,1.0,,4.0,1.0,11.0,3.0,1.0,,,1.0,,0.0,1.0,1.0,1.0,,0.0,,3.0,1.0,3.0,2.0,,,,,,,,,,,,
202206009,Левкофейа,eversong,13.0,3174.0,50.0,57.0,2.0,7.0,1.0,4.0,,,,25.0,,50.0,56.0,40.0,62.0,,100.0,,67.0,38.0,0.0,62.0,,,,4.0,,8.0,9.0,5.0,8.0,,1.0,,6.0,16.0,1.0,8.0,,,,1.0,,4.0,5.0,2.0,5.0,,1.0,,4.0,6.0,0.0,5.0,,,,,,,,,,,,
191463107,Cffsnøow,archimonde,1.0,8086.0,50.0,,8.0,,4.0,,50.0,53.0,63.0,78.0,54.0,33.0,,100.0,,,,,,,,,18.0,38.0,35.0,23.0,13.0,3.0,,3.0,,,,,,,,,9.0,20.0,22.0,18.0,7.0,1.0,,3.0,,,,,,,,,,,,,,,,,,,,
159756114,Belkata,drakthul,29.0,6239.0,71.0,60.0,7.0,10.0,5.0,6.0,50.0,,,71.0,,50.0,17.0,64.0,50.0,,100.0,50.0,56.0,57.0,,60.0,6.0,,,7.0,,10.0,6.0,11.0,10.0,,6.0,2.0,9.0,7.0,,10.0,3.0,,,5.0,,5.0,1.0,7.0,5.0,,6.0,1.0,5.0,4.0,,6.0,0.0,1.0,0.0,38.0,8.0,3.0,,,,,,
166307760,Areshe,thrall,3.0,179.0,,,,,,,,,,0.0,,,,,,,100.0,,,100.0,,,,,,1.0,,,,,,,1.0,,,1.0,,,,,,0.0,,,,,,,1.0,,,1.0,,,,,,,,,,,,,,
163814803,Rezzra,draenor,51.0,1711.0,50.0,100.0,4.0,3.0,2.0,3.0,100.0,,,38.0,,75.0,60.0,50.0,33.0,,100.0,,67.0,0.0,0.0,33.0,2.0,,,8.0,,8.0,5.0,2.0,6.0,,3.0,,3.0,1.0,1.0,3.0,2.0,,,3.0,,6.0,3.0,1.0,2.0,,3.0,,2.0,0.0,0.0,1.0,100.0,2.0,2.0,,,,,,,,,
114471981,Kutsubü,hyjal,10.0,4926.0,67.0,,6.0,,4.0,,100.0,29.0,33.0,38.0,50.0,50.0,23.0,29.0,40.0,20.0,,,,,,,6.0,7.0,6.0,8.0,4.0,8.0,13.0,7.0,15.0,5.0,,,,,,,6.0,2.0,2.0,3.0,2.0,4.0,3.0,2.0,6.0,1.0,,,,,,,,,,,,,,,,,,
217146555,Whiteknight,sylvanas,21.0,236.0,,,,,,,,,,100.0,,100.0,,0.0,100.0,,,,,,,75.0,,,,1.0,,1.0,,1.0,2.0,,,,,,,4.0,,,,1.0,,1.0,,0.0,2.0,,,,,,,3.0,100.0,1.0,1.0,,,,,,,,,
171410225,Dëinol,cthun,13.0,9564.0,75.0,0.0,4.0,1.0,3.0,0.0,73.0,42.0,60.0,94.0,47.0,65.0,78.0,36.0,75.0,67.0,,,,,100.0,,30.0,79.0,42.0,16.0,47.0,17.0,9.0,11.0,8.0,6.0,,,,,1.0,,22.0,33.0,25.0,15.0,22.0,11.0,7.0,4.0,6.0,4.0,,,,,1.0,,,,,,,,,,,,,
196137091,Pasladeter,archimonde,20.0,5103.0,67.0,67.0,6.0,9.0,4.0,6.0,57.0,,,33.0,,62.0,37.0,55.0,33.0,,20.0,0.0,63.0,57.0,0.0,50.0,7.0,,,9.0,,13.0,19.0,20.0,9.0,,5.0,1.0,27.0,21.0,3.0,12.0,4.0,,,3.0,,8.0,7.0,11.0,3.0,,1.0,0.0,17.0,12.0,0.0,6.0,33.0,3.0,1.0,,,,,,,,,
174275919,Кондер,gordunni,15.0,4328.0,100.0,50.0,2.0,2.0,2.0,1.0,50.0,0.0,50.0,62.0,,67.0,75.0,20.0,67.0,33.0,0.0,,20.0,40.0,100.0,,2.0,1.0,2.0,8.0,,3.0,4.0,5.0,3.0,3.0,1.0,,5.0,5.0,3.0,,1.0,0.0,1.0,5.0,,2.0,3.0,1.0,2.0,1.0,0.0,,1.0,2.0,3.0,,,,,0.0,6.0,0.0,100.0,1.0,1.0,,,
149984806,Øul,dalaran,46.0,4797.0,0.0,,2.0,,0.0,,67.0,43.0,60.0,55.0,,50.0,20.0,67.0,21.0,25.0,,,64.0,17.0,100.0,,3.0,7.0,5.0,11.0,,10.0,15.0,12.0,14.0,4.0,,,14.0,6.0,1.0,,2.0,3.0,3.0,6.0,,5.0,3.0,8.0,3.0,1.0,,,9.0,1.0,1.0,,,,,,,,,,,,,
186810033,Spoikey,silvermoon,58.0,8211.0,32.0,0.0,19.0,1.0,6.0,0.0,53.0,29.0,29.0,23.0,33.0,50.0,17.0,14.0,50.0,7.0,60.0,,100.0,50.0,50.0,100.0,30.0,7.0,7.0,13.0,9.0,12.0,12.0,7.0,12.0,15.0,5.0,,2.0,4.0,2.0,1.0,16.0,2.0,2.0,3.0,3.0,6.0,2.0,1.0,6.0,1.0,3.0,,2.0,2.0,1.0,1.0,,,,17.0,6.0,1.0,,,,,,
172525401,Латерна,howling-fjord,21.0,695.0,,100.0,,2.0,,2.0,,,,100.0,,100.0,,50.0,,,,50.0,,,,67.0,,,,3.0,,1.0,,2.0,,,,2.0,,,,3.0,,,,3.0,,1.0,,1.0,,,,1.0,,,,2.0,,,,,,,,,,,,
111712887,Vankatabgwe,draenor,6.0,1039.0,0.0,100.0,3.0,1.0,0.0,1.0,,100.0,,,,100.0,67.0,50.0,75.0,0.0,100.0,100.0,0.0,100.0,,,,1.0,,,,1.0,3.0,2.0,4.0,1.0,1.0,1.0,1.0,2.0,,,,1.0,,,,1.0,2.0,1.0,3.0,0.0,1.0,1.0,0.0,2.0,,,,,,,,,,,,,,
154794624,Энисия,howling-fjord,7.0,1265.0,50.0,,2.0,,1.0,,100.0,,,100.0,,100.0,,,67.0,100.0,,,50.0,33.0,100.0,,1.0,,,1.0,,2.0,,,3.0,2.0,,,2.0,3.0,1.0,,1.0,,,1.0,,2.0,,,2.0,2.0,,,1.0,1.0,1.0,,,,,,,,100.0,2.0,2.0,,,
78851325,Awakë,dun-modr,69.0,22585.0,68.0,71.0,63.0,7.0,43.0,5.0,68.0,66.0,63.0,67.0,61.0,74.0,61.0,62.0,62.0,52.0,29.0,,112.0,67.0,100.0,100.0,71.0,56.0,51.0,36.0,18.0,53.0,49.0,58.0,61.0,21.0,7.0,,8.0,9.0,4.0,2.0,48.0,37.0,32.0,24.0,11.0,39.0,30.0,36.0,38.0,11.0,2.0,,9.0,6.0,4.0,2.0,283.0,6.0,17.0,,,,,,,,,
156872398,Alexicus,silvermoon,5.0,5395.0,57.0,0.0,14.0,1.0,8.0,0.0,46.0,19.0,61.0,38.0,50.0,64.0,33.0,33.0,50.0,67.0,0.0,,0.0,,,,13.0,21.0,18.0,8.0,12.0,11.0,3.0,6.0,2.0,3.0,1.0,,2.0,,,,6.0,4.0,11.0,3.0,6.0,7.0,1.0,2.0,1.0,2.0,0.0,,0.0,,,,,,,,,,,,,,,
173745100,Léothras,hyjal,19.0,6348.0,33.0,100.0,3.0,1.0,1.0,1.0,100.0,67.0,62.0,71.0,25.0,57.0,43.0,75.0,50.0,0.0,50.0,,50.0,80.0,50.0,,4.0,3.0,8.0,7.0,4.0,7.0,7.0,4.0,6.0,1.0,2.0,,4.0,5.0,2.0,,4.0,2.0,5.0,5.0,1.0,4.0,3.0,3.0,3.0,0.0,1.0,,2.0,4.0,1.0,,,,,100.0,1.0,1.0,100.0,1.0,1.0,,,
164127566,Oscarfury,aszune,12.0,4521.0,62.0,100.0,8.0,2.0,5.0,2.0,67.0,17.0,100.0,40.0,0.0,75.0,45.0,71.0,40.0,38.0,100.0,0.0,,,80.0,0.0,6.0,6.0,2.0,5.0,4.0,8.0,11.0,7.0,5.0,8.0,3.0,1.0,,,5.0,1.0,4.0,1.0,2.0,2.0,0.0,6.0,5.0,5.0,2.0,3.0,3.0,0.0,,,4.0,0.0,,,,,,,,,,,,
160098963,Ïrae,kirin-tor,5.0,2421.0,67.0,100.0,3.0,2.0,2.0,2.0,29.0,25.0,50.0,25.0,0.0,50.0,50.0,0.0,43.0,0.0,,,0.0,100.0,100.0,,7.0,8.0,2.0,4.0,1.0,2.0,4.0,3.0,14.0,2.0,,,1.0,1.0,1.0,,2.0,2.0,1.0,1.0,0.0,1.0,2.0,0.0,6.0,0.0,,,0.0,1.0,1.0,,,,,,,,,,,,,
180191286,Альтошка,gordunni,17.0,3076.0,0.0,0.0,1.0,2.0,0.0,0.0,75.0,33.0,,67.0,,25.0,43.0,67.0,25.0,0.0,100.0,,71.0,100.0,50.0,33.0,4.0,6.0,,3.0,,4.0,7.0,6.0,4.0,1.0,2.0,,7.0,1.0,2.0,3.0,3.0,2.0,,2.0,,1.0,3.0,4.0,1.0,0.0,2.0,,5.0,1.0,1.0,1.0,,,,,,,,,,,,
199152184,Слипноумо,gordunni,16.0,1928.0,,67.0,,3.0,,2.0,50.0,,,100.0,,67.0,60.0,,50.0,,,,75.0,0.0,0.0,33.0,2.0,,,5.0,,6.0,10.0,,2.0,,,,8.0,1.0,1.0,3.0,1.0,,,5.0,,4.0,6.0,,1.0,,,,6.0,0.0,0.0,1.0,,,,,,,,,,,,
171221642,Коннемарра,gordunni,49.0,972.0,,,,,,,,50.0,0.0,,0.0,100.0,80.0,60.0,0.0,100.0,,,150.0,,,,,2.0,1.0,,1.0,1.0,5.0,5.0,1.0,1.0,,,2.0,,,,,1.0,0.0,,0.0,1.0,4.0,3.0,0.0,1.0,,,3.0,,,,,,,,,,,,,,,
194231961,Selliuocsem,archimonde,22.0,2547.0,100.0,50.0,3.0,10.0,3.0,5.0,100.0,,,50.0,,36.0,56.0,62.0,25.0,,33.0,,50.0,60.0,50.0,75.0,1.0,,,2.0,,11.0,16.0,13.0,8.0,,3.0,,10.0,10.0,2.0,4.0,1.0,,,1.0,,4.0,9.0,8.0,2.0,,1.0,,5.0,6.0,1.0,3.0,33.0,9.0,3.0,,,,,,,,,
94132070,Фероксс,soulflayer,11.0,40713.0,61.0,67.0,75.0,6.0,46.0,4.0,56.0,52.0,37.0,48.0,51.0,58.0,71.0,59.0,50.0,55.0,100.0,,43.0,62.0,100.0,43.0,79.0,108.0,91.0,118.0,112.0,52.0,21.0,44.0,18.0,11.0,2.0,,7.0,8.0,4.0,7.0,44.0,56.0,34.0,57.0,57.0,30.0,15.0,26.0,9.0,6.0,2.0,,3.0,5.0,4.0,3.0,,,,,,,,,,,,
110625023,Palidinøs,ysondre,12.0,1145.0,67.0,,3.0,,2.0,,50.0,50.0,0.0,0.0,0.0,100.0,40.0,100.0,67.0,50.0,,,,,,,2.0,2.0,1.0,2.0,4.0,3.0,5.0,1.0,3.0,4.0,,,,,,,1.0,1.0,0.0,0.0,0.0,3.0,2.0,1.0,2.0,2.0,,,,,,,,,,,,,,,,,,
52707176,Kroden,dun-modr,15.0,7238.0,50.0,,16.0,,8.0,,62.0,50.0,47.0,32.0,37.0,,25.0,0.0,33.0,100.0,,,,,,,24.0,26.0,32.0,31.0,43.0,,4.0,3.0,3.0,1.0,,,,,,,15.0,13.0,15.0,10.0,16.0,,1.0,0.0,1.0,1.0,,,,,,,,,,,,,,,,,,
57344695,Trboje,kazzak,21.0,11659.0,30.0,100.0,20.0,3.0,6.0,3.0,45.0,60.0,64.0,84.0,67.0,87.0,50.0,68.0,57.0,,100.0,,50.0,,,0.0,44.0,40.0,33.0,37.0,33.0,23.0,4.0,19.0,7.0,,1.0,,2.0,,,2.0,20.0,24.0,21.0,31.0,22.0,20.0,2.0,13.0,4.0,,1.0,,1.0,,,0.0,,,,,,,,,,,,
242639633,Ффитоняшка,eversong,4.0,395.0,,,,,,,,,,50.0,,67.0,,,100.0,,,,,100.0,100.0,,,,,2.0,,3.0,,,1.0,,,,,1.0,1.0,,,,,1.0,,2.0,,,1.0,,,,,1.0,1.0,,,,,,,,,,,,,
104629302,Карвинн,howling-fjord,6.0,3353.0,29.0,0.0,7.0,2.0,2.0,0.0,62.0,,33.0,50.0,100.0,50.0,100.0,0.0,100.0,0.0,100.0,,50.0,0.0,67.0,50.0,8.0,,3.0,2.0,2.0,4.0,2.0,1.0,2.0,2.0,4.0,,2.0,1.0,6.0,2.0,5.0,,1.0,1.0,2.0,2.0,2.0,0.0,2.0,0.0,4.0,,1.0,0.0,4.0,1.0,,,,,,,,,,,,
218739872,Gabart,sylvanas,33.0,214.0,100.0,100.0,1.0,1.0,1.0,1.0,,,,,,,,,,,100.0,,,,0.0,,,,,,,,,,,,1.0,,,,1.0,,,,,,,,,,,,1.0,,,,0.0,,,,,,,,,,,,,
150481065,Atherea,dun-modr,67.0,6742.0,50.0,100.0,2.0,5.0,1.0,5.0,71.0,50.0,36.0,60.0,67.0,59.0,86.0,65.0,67.0,67.0,,,150.0,83.0,,71.0,7.0,16.0,11.0,15.0,3.0,27.0,14.0,20.0,15.0,6.0,,,8.0,6.0,,7.0,5.0,8.0,4.0,9.0,2.0,16.0,12.0,13.0,10.0,4.0,,,12.0,5.0,,5.0,,,,,,,,,,,,
174943609,Tèquila,dalaran,373.0,1025.0,,83.0,,6.0,,5.0,,,,33.0,,67.0,0.0,100.0,0.0,,,,100.0,100.0,,50.0,,,,3.0,,3.0,1.0,2.0,1.0,,,,3.0,1.0,,6.0,,,,1.0,,2.0,0.0,2.0,0.0,,,,3.0,1.0,,3.0,,,,,,,,,,,,
139945419,Grancigula,kazzak,16.0,1253.0,50.0,,4.0,,2.0,,100.0,100.0,,,50.0,83.0,0.0,67.0,40.0,100.0,,,75.0,50.0,,,4.0,1.0,,,2.0,6.0,1.0,3.0,5.0,1.0,,,4.0,2.0,,,4.0,1.0,,,1.0,5.0,0.0,2.0,2.0,1.0,,,3.0,1.0,,,,,,100.0,1.0,1.0,,,,,,
163730949,Practius,twisting-nether,20.0,2121.0,0.0,83.0,3.0,6.0,0.0,5.0,100.0,,,100.0,,50.0,50.0,33.0,62.0,,100.0,,40.0,67.0,100.0,25.0,1.0,,,1.0,,6.0,8.0,6.0,8.0,,1.0,,10.0,12.0,1.0,8.0,1.0,,,1.0,,3.0,4.0,2.0,5.0,,1.0,,4.0,8.0,1.0,2.0,100.0,2.0,2.0,100.0,1.0,1.0,,,,,,
101085244,Nyrïa,khaz-modan,11.0,2231.0,67.0,,6.0,,4.0,,75.0,67.0,25.0,19.0,0.0,20.0,50.0,60.0,25.0,50.0,,,,,100.0,100.0,4.0,3.0,4.0,16.0,4.0,5.0,6.0,5.0,4.0,4.0,,,,,1.0,1.0,3.0,2.0,1.0,3.0,0.0,1.0,3.0,3.0,1.0,2.0,,,,,1.0,1.0,,,,,,,,,,,,
188927309,Boxarbengan,outland,13.0,677.0,,,,,,,,,,0.0,,25.0,50.0,100.0,,,,,50.0,0.0,,33.0,,,,1.0,,4.0,2.0,2.0,,,,,2.0,3.0,,3.0,,,,0.0,,1.0,1.0,2.0,,,,,1.0,0.0,,1.0,,,,,,,,,,,,
141075499,Eorn,khaz-modan,18.0,1911.0,,25.0,,4.0,,1.0,0.0,0.0,0.0,100.0,,33.0,56.0,60.0,100.0,38.0,,0.0,67.0,0.0,,50.0,1.0,1.0,1.0,4.0,,6.0,9.0,5.0,1.0,8.0,,1.0,3.0,2.0,,2.0,0.0,0.0,0.0,4.0,,2.0,5.0,3.0,1.0,3.0,,0.0,2.0,0.0,,1.0,,,,,,,,,,,,
174402863,Gengbèng,nemesis,26.0,1563.0,100.0,50.0,1.0,2.0,1.0,1.0,50.0,,,0.0,,50.0,0.0,,33.0,,50.0,,0.0,33.0,0.0,,4.0,,,3.0,,2.0,1.0,,3.0,,2.0,,2.0,3.0,1.0,,2.0,,,0.0,,1.0,0.0,,1.0,,1.0,,0.0,1.0,0.0,,,,,100.0,1.0,1.0,,,,,,
244605081,Valorank,balnazzar,11.0,437.0,100.0,,1.0,,1.0,,,,,,,0.0,0.0,100.0,,,,,100.0,,0.0,,,,,,,1.0,1.0,1.0,,,,,2.0,,1.0,,,,,,,0.0,0.0,1.0,,,,,2.0,,0.0,,,,,,,,,,,,,
123994069,Goatý,draenor,7.0,1128.0,,75.0,,4.0,,3.0,100.0,,,100.0,,25.0,0.0,50.0,60.0,,,,100.0,100.0,100.0,100.0,1.0,,,2.0,,4.0,1.0,2.0,5.0,,,,2.0,2.0,1.0,1.0,1.0,,,2.0,,1.0,0.0,1.0,3.0,,,,2.0,2.0,1.0,1.0,,,,,,,,,,,,
169121051,Йуле,deathguard,18.0,4799.0,80.0,,5.0,,4.0,,33.0,17.0,,83.0,100.0,38.0,30.0,32.0,62.0,67.0,100.0,,71.0,100.0,43.0,67.0,3.0,6.0,,6.0,1.0,8.0,10.0,19.0,16.0,3.0,1.0,,7.0,3.0,7.0,6.0,1.0,1.0,,5.0,1.0,3.0,3.0,6.0,10.0,2.0,1.0,,5.0,3.0,3.0,4.0,100.0,1.0,1.0,,,,,,,,,
70082112,Majjsthaa,khadgar,12.0,14801.0,46.0,50.0,136.0,2.0,63.0,1.0,41.0,34.0,25.0,25.0,56.0,44.0,50.0,55.0,25.0,33.0,,,67.0,67.0,,80.0,41.0,41.0,63.0,24.0,9.0,18.0,6.0,20.0,4.0,3.0,,,6.0,6.0,,5.0,17.0,14.0,16.0,6.0,5.0,8.0,3.0,11.0,1.0,1.0,,,4.0,4.0,,4.0,,,,,,,,,,,,
