character.id,name,achievement_points,equipped_item_level,gender.name,faction.name,race.name,active_spec.name,realm.slug,guild.name,pvp_summary.href,statistics.href,mythic_keystone_profile.href,equipment.href,active_title.name,professions.href,covenant_progress.chosen_covenant.name,covenant_progress.renown_level,covenant_progress.soulbinds.href
178142124,Десперайт,13120,221,Female,Alliance,Lightforged Draenei,Protection,gordunni,Статика,https://eu.api.blizzard.com/profile/wow/character/gordunni/%D0%B4%D0%B5%D1%81%D0%BF%D0%B5%D1%80%D0%B0%D0%B9%D1%82/pvp-summary?namespace=profile-eu,https://eu.api.blizzard.com/profile/wow/character/gordunni/%D0%B4%D0%B5%D1%81%D0%BF%D0%B5%D1%80%D0%B0%D0%B9%D1%82/statistics?namespace=profile-eu,https://eu.api.blizzard.com/profile/wow/character/gordunni/%D0%B4%D0%B5%D1%81%D0%BF%D0%B5%D1%80%D0%B0%D0%B9%D1%82/mythic-keystone-profile?namespace=profile-eu,https://eu.api.blizzard.com/profile/wow/character/gordunni/%D0%B4%D0%B5%D1%81%D0%BF%D0%B5%D1%80%D0%B0%D0%B9%D1%82/equipment?namespace=profile-eu,Vengeance Incarnate,https://eu.api.blizzard.com/profile/wow/character/gordunni/%D0%B4%D0%B5%D1%81%D0%BF%D0%B5%D1%80%D0%B0%D0%B9%D1%82/professions?namespace=profile-eu,Kyrian,26,https://eu.api.blizzard.com/profile/wow/character/gordunni/%D0%B4%D0%B5%D1%81%D0%BF%D0%B5%D1%80%D0%B0%D0%B9%D1%82/soulbinds?namespace=profile-eu
209809699,Тайелочка,23790,214,Female,Alliance,Lightforged Draenei,Protection,gordunni,Мемтропия,https://eu.api.blizzard.com/profile/wow/character/gordunni/%D1%82%D0%B0%D0%B9%D0%B5%D0%BB%D0%BE%D1%87%D0%BA%D0%B0/pvp-summary?namespace=profile-eu,https://eu.api.blizzard.com/profile/wow/character/gordunni/%D1%82%D0%B0%D0%B9%D0%B5%D0%BB%D0%BE%D1%87%D0%BA%D0%B0/statistics?namespace=profile-eu,https://eu.api.blizzard.com/profile/wow/character/gordunni/%D1%82%D0%B0%D0%B9%D0%B5%D0%BB%D0%BE%D1%87%D0%BA%D0%B0/mythic-keystone-profile?namespace=profile-eu,https://eu.api.blizzard.com/profile/wow/character/gordunni/%D1%82%D0%B0%D0%B9%D0%B5%D0%BB%D0%BE%D1%87%D0%BA%D0%B0/equipment?namespace=profile-eu,the Proud,https://eu.api.blizzard.com/profile/wow/character/gordunni/%D1%82%D0%B0%D0%B9%D0%B5%D0%BB%D0%BE%D1%87%D0%BA%D0%B0/professions?namespace=profile-eu,Kyrian,24,https://eu.api.blizzard.com/profile/wow/character/gordunni/%D1%82%D0%B0%D0%B9%D0%B5%D0%BB%D0%BE%D1%87%D0%BA%D0%B0/soulbinds?namespace=profile-eu
113620817,Cykapala,11235,215,Female,Alliance,Dwarf,Protection,ravencrest,PEERLESS,https://eu.api.blizzard.com/profile/wow/character/ravencrest/cykapala/pvp-summary?namespace=profile-eu,https://eu.api.blizzard.com/profile/wow/character/ravencrest/cykapala/statistics?namespace=profile-eu,https://eu.api.blizzard.com/profile/wow/character/ravencrest/cykapala/mythic-keystone-profile?namespace=profile-eu,https://eu.api.blizzard.com/profile/wow/character/ravencrest/cykapala/equipment?namespace=profile-eu,the Uncorrupted,https://eu.api.blizzard.com/profile/wow/character/ravencrest/cykapala/professions?namespace=profile-eu,Kyrian,26,https://eu.api.blizzard.com/profile/wow/character/ravencrest/cykapala/soulbinds?namespace=profile-eu
156356594,Wyrea,12810,218,Female,Alliance,Human,Protection,antonidas,Veneration,https://eu.api.blizzard.com/profile/wow/character/antonidas/wyrea/pvp-summary?namespace=profile-eu,https://eu.api.blizzard.com/profile/wow/character/antonidas/wyrea/statistics?namespace=profile-eu,https://eu.api.blizzard.com/profile/wow/character/antonidas/wyrea/mythic-keystone-profile?namespace=profile-eu,https://eu.api.blizzard.com/profile/wow/character/antonidas/wyrea/equipment?namespace=profile-eu,Vengeance Incarnate,https://eu.api.blizzard.com/profile/wow/character/antonidas/wyrea/professions?namespace=profile-eu,Kyrian,21,https://eu.api.blizzard.com/profile/wow/character/antonidas/wyrea/soulbinds?namespace=profile-eu
181587981,Кэмрад,21695,214,Male,Alliance,Dark Iron Dwarf,Protection,gordunni,Выстрел в ногу,https://eu.api.blizzard.com/profile/wow/character/gordunni/%D0%BA%D1%8D%D0%BC%D1%80%D0%B0%D0%B4/pvp-summary?namespace=profile-eu,https://eu.api.blizzard.com/profile/wow/character/gordunni/%D0%BA%D1%8D%D0%BC%D1%80%D0%B0%D0%B4/statistics?namespace=profile-eu,https://eu.api.blizzard.com/profile/wow/character/gordunni/%D0%BA%D1%8D%D0%BC%D1%80%D0%B0%D0%B4/mythic-keystone-profile?namespace=profile-eu,https://eu.api.blizzard.com/profile/wow/character/gordunni/%D0%BA%D1%8D%D0%BC%D1%80%D0%B0%D0%B4/equipment?namespace=profile-eu,Captain,https://eu.api.blizzard.com/profile/wow/character/gordunni/%D0%BA%D1%8D%D0%BC%D1%80%D0%B0%D0%B4/professions?namespace=profile-eu,Kyrian,25,https://eu.api.blizzard.com/profile/wow/character/gordunni/%D0%BA%D1%8D%D0%BC%D1%80%D0%B0%D0%B4/soulbinds?namespace=profile-eu
199152184,Слипноумо,13790,211,Female,Alliance,Human,Protection,gordunni,Тёмные Времена,https://eu.api.blizzard.com/profile/wow/character/gordunni/%D1%81%D0%BB%D0%B8%D0%BF%D0%BD%D0%BE%D1%83%D0%BC%D0%BE/pvp-summary?namespace=profile-eu,https://eu.api.blizzard.com/profile/wow/character/gordunni/%D1%81%D0%BB%D0%B8%D0%BF%D0%BD%D0%BE%D1%83%D0%BC%D0%BE/statistics?namespace=profile-eu,https://eu.api.blizzard.com/profile/wow/character/gordunni/%D1%81%D0%BB%D0%B8%D0%BF%D0%BD%D0%BE%D1%83%D0%BC%D0%BE/mythic-keystone-profile?namespace=profile-eu,https://eu.api.blizzard.com/profile/wow/character/gordunni/%D1%81%D0%BB%D0%B8%D0%BF%D0%BD%D0%BE%D1%83%D0%BC%D0%BE/equipment?namespace=profile-eu,the Lightbringer,https://eu.api.blizzard.com/profile/wow/character/gordunni/%D1%81%D0%BB%D0%B8%D0%BF%D0%BD%D0%BE%D1%83%D0%BC%D0%BE/professions?namespace=profile-eu,Kyrian,21,https://eu.api.blizzard.com/profile/wow/character/gordunni/%D1%81%D0%BB%D0%B8%D0%BF%D0%BD%D0%BE%D1%83%D0%BC%D0%BE/soulbinds?namespace=profile-eu
210021985,Goldanna,21965,215,Female,Alliance,Human,Protection,nagrand,Equinoxe,https://eu.api.blizzard.com/profile/wow/character/nagrand/goldanna/pvp-summary?namespace=profile-eu,https://eu.api.blizzard.com/profile/wow/character/nagrand/goldanna/statistics?namespace=profile-eu,https://eu.api.blizzard.com/profile/wow/character/nagrand/goldanna/mythic-keystone-profile?namespace=profile-eu,https://eu.api.blizzard.com/profile/wow/character/nagrand/goldanna/equipment?namespace=profile-eu,the Lightbringer,https://eu.api.blizzard.com/profile/wow/character/nagrand/goldanna/professions?namespace=profile-eu,Kyrian,24,https://eu.api.blizzard.com/profile/wow/character/nagrand/goldanna/soulbinds?namespace=profile-eu
226274304,Valithria,32330,221,Female,Alliance,Draenei,Protection,sylvanas,Not Great Not Terrible,https://eu.api.blizzard.com/profile/wow/character/sylvanas/valithria/pvp-summary?namespace=profile-eu,https://eu.api.blizzard.com/profile/wow/character/sylvanas/valithria/statistics?namespace=profile-eu,https://eu.api.blizzard.com/profile/wow/character/sylvanas/valithria/mythic-keystone-profile?namespace=profile-eu,https://eu.api.blizzard.com/profile/wow/character/sylvanas/valithria/equipment?namespace=profile-eu,the Insane,https://eu.api.blizzard.com/profile/wow/character/sylvanas/valithria/professions?namespace=profile-eu,Kyrian,26,https://eu.api.blizzard.com/profile/wow/character/sylvanas/valithria/soulbinds?namespace=profile-eu
180191286,Альтошка,10315,218,Male,Alliance,Draenei,Protection,gordunni,Знание тактик,https://eu.api.blizzard.com/profile/wow/character/gordunni/%D0%B0%D0%BB%D1%8C%D1%82%D0%BE%D1%88%D0%BA%D0%B0/pvp-summary?namespace=profile-eu,https://eu.api.blizzard.com/profile/wow/character/gordunni/%D0%B0%D0%BB%D1%8C%D1%82%D0%BE%D1%88%D0%BA%D0%B0/statistics?namespace=profile-eu,https://eu.api.blizzard.com/profile/wow/character/gordunni/%D0%B0%D0%BB%D1%8C%D1%82%D0%BE%D1%88%D0%BA%D0%B0/mythic-keystone-profile?namespace=profile-eu,https://eu.api.blizzard.com/profile/wow/character/gordunni/%D0%B0%D0%BB%D1%8C%D1%82%D0%BE%D1%88%D0%BA%D0%B0/equipment?namespace=profile-eu,Inquisitor,https://eu.api.blizzard.com/profile/wow/character/gordunni/%D0%B0%D0%BB%D1%8C%D1%82%D0%BE%D1%88%D0%BA%D0%B0/professions?namespace=profile-eu,Kyrian,26,https://eu.api.blizzard.com/profile/wow/character/gordunni/%D0%B0%D0%BB%D1%8C%D1%82%D0%BE%D1%88%D0%BA%D0%B0/soulbinds?namespace=profile-eu
226283851,Doríáth,24695,220,Male,Alliance,Human,Protection,sylvanas,Operation Divine Storm,https://eu.api.blizzard.com/profile/wow/character/sylvanas/dor%C3%AD%C3%A1th/pvp-summary?namespace=profile-eu,https://eu.api.blizzard.com/profile/wow/character/sylvanas/dor%C3%AD%C3%A1th/statistics?namespace=profile-eu,https://eu.api.blizzard.com/profile/wow/character/sylvanas/dor%C3%AD%C3%A1th/mythic-keystone-profile?namespace=profile-eu,https://eu.api.blizzard.com/profile/wow/character/sylvanas/dor%C3%AD%C3%A1th/equipment?namespace=profile-eu,Azeroth's Champion,https://eu.api.blizzard.com/profile/wow/character/sylvanas/dor%C3%AD%C3%A1th/professions?namespace=profile-eu,Kyrian,26,https://eu.api.blizzard.com/profile/wow/character/sylvanas/dor%C3%AD%C3%A1th/soulbinds?namespace=profile-eu
184106006,Спангебуб,25730,218,Female,Alliance,Human,Protection,gordunni,Лэйстлэс,https://eu.api.blizzard.com/profile/wow/character/gordunni/%D1%81%D0%BF%D0%B0%D0%BD%D0%B3%D0%B5%D0%B1%D1%83%D0%B1/pvp-summary?namespace=profile-eu,https://eu.api.blizzard.com/profile/wow/character/gordunni/%D1%81%D0%BF%D0%B0%D0%BD%D0%B3%D0%B5%D0%B1%D1%83%D0%B1/statistics?namespace=profile-eu,https://eu.api.blizzard.com/profile/wow/character/gordunni/%D1%81%D0%BF%D0%B0%D0%BD%D0%B3%D0%B5%D0%B1%D1%83%D0%B1/mythic-keystone-profile?namespace=profile-eu,https://eu.api.blizzard.com/profile/wow/character/gordunni/%D1%81%D0%BF%D0%B0%D0%BD%D0%B3%D0%B5%D0%B1%D1%83%D0%B1/equipment?namespace=profile-eu,of the Deeps,https://eu.api.blizzard.com/profile/wow/character/gordunni/%D1%81%D0%BF%D0%B0%D0%BD%D0%B3%D0%B5%D0%B1%D1%83%D0%B1/professions?namespace=profile-eu,Kyrian,26,https://eu.api.blizzard.com/profile/wow/character/gordunni/%D1%81%D0%BF%D0%B0%D0%BD%D0%B3%D0%B5%D0%B1%D1%83%D0%B1/soulbinds?namespace=profile-eu
156893097,Dawnbringer,11110,217,Female,Alliance,Lightforged Draenei,Protection,archimonde,Sin Brain,https://eu.api.blizzard.com/profile/wow/character/archimonde/dawnbringer/pvp-summary?namespace=profile-eu,https://eu.api.blizzard.com/profile/wow/character/archimonde/dawnbringer/statistics?namespace=profile-eu,https://eu.api.blizzard.com/profile/wow/character/archimonde/dawnbringer/mythic-keystone-profile?namespace=profile-eu,https://eu.api.blizzard.com/profile/wow/character/archimonde/dawnbringer/equipment?namespace=profile-eu,Empire's Twilight,https://eu.api.blizzard.com/profile/wow/character/archimonde/dawnbringer/professions?namespace=profile-eu,Kyrian,25,https://eu.api.blizzard.com/profile/wow/character/archimonde/dawnbringer/soulbinds?namespace=profile-eu
192656603,Пчелобав,8890,218,Male,Alliance,Dark Iron Dwarf,Protection,gordunni,Мы передумали,https://eu.api.blizzard.com/profile/wow/character/gordunni/%D0%BF%D1%87%D0%B5%D0%BB%D0%BE%D0%B1%D0%B0%D0%B2/pvp-summary?namespace=profile-eu,https://eu.api.blizzard.com/profile/wow/character/gordunni/%D0%BF%D1%87%D0%B5%D0%BB%D0%BE%D0%B1%D0%B0%D0%B2/statistics?namespace=profile-eu,https://eu.api.blizzard.com/profile/wow/character/gordunni/%D0%BF%D1%87%D0%B5%D0%BB%D0%BE%D0%B1%D0%B0%D0%B2/mythic-keystone-profile?namespace=profile-eu,https://eu.api.blizzard.com/profile/wow/character/gordunni/%D0%BF%D1%87%D0%B5%D0%BB%D0%BE%D0%B1%D0%B0%D0%B2/equipment?namespace=profile-eu,Spirestalker,https://eu.api.blizzard.com/profile/wow/character/gordunni/%D0%BF%D1%87%D0%B5%D0%BB%D0%BE%D0%B1%D0%B0%D0%B2/professions?namespace=profile-eu,Kyrian,26,https://eu.api.blizzard.com/profile/wow/character/gordunni/%D0%BF%D1%87%D0%B5%D0%BB%D0%BE%D0%B1%D0%B0%D0%B2/soulbinds?namespace=profile-eu
165606918,Hegeshine,12855,217,Male,Alliance,Dark Iron Dwarf,Protection,argent-dawn,The Cursed,https://eu.api.blizzard.com/profile/wow/character/argent-dawn/hegeshine/pvp-summary?namespace=profile-eu,https://eu.api.blizzard.com/profile/wow/character/argent-dawn/hegeshine/statistics?namespace=profile-eu,https://eu.api.blizzard.com/profile/wow/character/argent-dawn/hegeshine/mythic-keystone-profile?namespace=profile-eu,https://eu.api.blizzard.com/profile/wow/character/argent-dawn/hegeshine/equipment?namespace=profile-eu,Prelate,https://eu.api.blizzard.com/profile/wow/character/argent-dawn/hegeshine/professions?namespace=profile-eu,Kyrian,26,https://eu.api.blizzard.com/profile/wow/character/argent-dawn/hegeshine/soulbinds?namespace=profile-eu
101228281,Reava,16910,219,Male,Horde,Tauren,Protection,alleria,Die Illuminati,https://eu.api.blizzard.com/profile/wow/character/alleria/reava/pvp-summary?namespace=profile-eu,https://eu.api.blizzard.com/profile/wow/character/alleria/reava/statistics?namespace=profile-eu,https://eu.api.blizzard.com/profile/wow/character/alleria/reava/mythic-keystone-profile?namespace=profile-eu,https://eu.api.blizzard.com/profile/wow/character/alleria/reava/equipment?namespace=profile-eu,the Undying,https://eu.api.blizzard.com/profile/wow/character/alleria/reava/professions?namespace=profile-eu,Kyrian,26,https://eu.api.blizzard.com/profile/wow/character/alleria/reava/soulbinds?namespace=profile-eu
64791081,Ревирант,18550,219,Male,Alliance,Human,Protection,gordunni,Выход,https://eu.api.blizzard.com/profile/wow/character/gordunni/%D1%80%D0%B5%D0%B2%D0%B8%D1%80%D0%B0%D0%BD%D1%82/pvp-summary?namespace=profile-eu,https://eu.api.blizzard.com/profile/wow/character/gordunni/%D1%80%D0%B5%D0%B2%D0%B8%D1%80%D0%B0%D0%BD%D1%82/statistics?namespace=profile-eu,https://eu.api.blizzard.com/profile/wow/character/gordunni/%D1%80%D0%B5%D0%B2%D0%B8%D1%80%D0%B0%D0%BD%D1%82/mythic-keystone-profile?namespace=profile-eu,https://eu.api.blizzard.com/profile/wow/character/gordunni/%D1%80%D0%B5%D0%B2%D0%B8%D1%80%D0%B0%D0%BD%D1%82/equipment?namespace=profile-eu,Highlord,https://eu.api.blizzard.com/profile/wow/character/gordunni/%D1%80%D0%B5%D0%B2%D0%B8%D1%80%D0%B0%D0%BD%D1%82/professions?namespace=profile-eu,Kyrian,26,https://eu.api.blizzard.com/profile/wow/character/gordunni/%D1%80%D0%B5%D0%B2%D0%B8%D1%80%D0%B0%D0%BD%D1%82/soulbinds?namespace=profile-eu
162999798,Iladonf,9385,216,Female,Alliance,Human,Protection,dalaran,Torghast,https://eu.api.blizzard.com/profile/wow/character/dalaran/iladonf/pvp-summary?namespace=profile-eu,https://eu.api.blizzard.com/profile/wow/character/dalaran/iladonf/statistics?namespace=profile-eu,https://eu.api.blizzard.com/profile/wow/character/dalaran/iladonf/mythic-keystone-profile?namespace=profile-eu,https://eu.api.blizzard.com/profile/wow/character/dalaran/iladonf/equipment?namespace=profile-eu,the Light of Dawn,https://eu.api.blizzard.com/profile/wow/character/dalaran/iladonf/professions?namespace=profile-eu,Kyrian,26,https://eu.api.blizzard.com/profile/wow/character/dalaran/iladonf/soulbinds?namespace=profile-eu
183148479,Медаяз,11275,225,Male,Alliance,Dwarf,Protection,gordunni,Станция Токсичных,https://eu.api.blizzard.com/profile/wow/character/gordunni/%D0%BC%D0%B5%D0%B4%D0%B0%D1%8F%D0%B7/pvp-summary?namespace=profile-eu,https://eu.api.blizzard.com/profile/wow/character/gordunni/%D0%BC%D0%B5%D0%B4%D0%B0%D1%8F%D0%B7/statistics?namespace=profile-eu,https://eu.api.blizzard.com/profile/wow/character/gordunni/%D0%BC%D0%B5%D0%B4%D0%B0%D1%8F%D0%B7/mythic-keystone-profile?namespace=profile-eu,https://eu.api.blizzard.com/profile/wow/character/gordunni/%D0%BC%D0%B5%D0%B4%D0%B0%D1%8F%D0%B7/equipment?namespace=profile-eu,the Proven Defender,https://eu.api.blizzard.com/profile/wow/character/gordunni/%D0%BC%D0%B5%D0%B4%D0%B0%D1%8F%D0%B7/professions?namespace=profile-eu,Kyrian,26,https://eu.api.blizzard.com/profile/wow/character/gordunni/%D0%BC%D0%B5%D0%B4%D0%B0%D1%8F%D0%B7/soulbinds?namespace=profile-eu
139653617,Bolívar,23930,217,Male,Alliance,Human,Protection,magtheridon,IQ,https://eu.api.blizzard.com/profile/wow/character/magtheridon/bol%C3%ADvar/pvp-summary?namespace=profile-eu,https://eu.api.blizzard.com/profile/wow/character/magtheridon/bol%C3%ADvar/statistics?namespace=profile-eu,https://eu.api.blizzard.com/profile/wow/character/magtheridon/bol%C3%ADvar/mythic-keystone-profile?namespace=profile-eu,https://eu.api.blizzard.com/profile/wow/character/magtheridon/bol%C3%ADvar/equipment?namespace=profile-eu,the Proud,https://eu.api.blizzard.com/profile/wow/character/magtheridon/bol%C3%ADvar/professions?namespace=profile-eu,Kyrian,26,https://eu.api.blizzard.com/profile/wow/character/magtheridon/bol%C3%ADvar/soulbinds?namespace=profile-eu
83741128,Talaessa,21445,216,Female,Alliance,Lightforged Draenei,Protection,pozzo-delleternità,Pirates of Scarlet Moon,https://eu.api.blizzard.com/profile/wow/character/pozzo-delleternit%C3%A0/talaessa/pvp-summary?namespace=profile-eu,https://eu.api.blizzard.com/profile/wow/character/pozzo-delleternit%C3%A0/talaessa/statistics?namespace=profile-eu,https://eu.api.blizzard.com/profile/wow/character/pozzo-delleternit%C3%A0/talaessa/mythic-keystone-profile?namespace=profile-eu,https://eu.api.blizzard.com/profile/wow/character/pozzo-delleternit%C3%A0/talaessa/equipment?namespace=profile-eu,the Undying,https://eu.api.blizzard.com/profile/wow/character/pozzo-delleternit%C3%A0/talaessa/professions?namespace=profile-eu,Kyrian,26,https://eu.api.blizzard.com/profile/wow/character/pozzo-delleternit%C3%A0/talaessa/soulbinds?namespace=profile-eu
77429208,Дэно,11290,213,Male,Alliance,Dwarf,Protection,fordragon,Адекватус,https://eu.api.blizzard.com/profile/wow/character/fordragon/%D0%B4%D1%8D%D0%BD%D0%BE/pvp-summary?namespace=profile-eu,https://eu.api.blizzard.com/profile/wow/character/fordragon/%D0%B4%D1%8D%D0%BD%D0%BE/statistics?namespace=profile-eu,https://eu.api.blizzard.com/profile/wow/character/fordragon/%D0%B4%D1%8D%D0%BD%D0%BE/mythic-keystone-profile?namespace=profile-eu,https://eu.api.blizzard.com/profile/wow/character/fordragon/%D0%B4%D1%8D%D0%BD%D0%BE/equipment?namespace=profile-eu,Predator,https://eu.api.blizzard.com/profile/wow/character/fordragon/%D0%B4%D1%8D%D0%BD%D0%BE/professions?namespace=profile-eu,Kyrian,25,https://eu.api.blizzard.com/profile/wow/character/fordragon/%D0%B4%D1%8D%D0%BD%D0%BE/soulbinds?namespace=profile-eu
149900052,Nølight,20355,216,Male,Alliance,Human,Protection,antonidas,Mysteria,https://eu.api.blizzard.com/profile/wow/character/antonidas/n%C3%B8light/pvp-summary?namespace=profile-eu,https://eu.api.blizzard.com/profile/wow/character/antonidas/n%C3%B8light/statistics?namespace=profile-eu,https://eu.api.blizzard.com/profile/wow/character/antonidas/n%C3%B8light/mythic-keystone-profile?namespace=profile-eu,https://eu.api.blizzard.com/profile/wow/character/antonidas/n%C3%B8light/equipment?namespace=profile-eu,Prelate,https://eu.api.blizzard.com/profile/wow/character/antonidas/n%C3%B8light/professions?namespace=profile-eu,Kyrian,26,https://eu.api.blizzard.com/profile/wow/character/antonidas/n%C3%B8light/soulbinds?namespace=profile-eu
194098262,Miyamoto,18805,222,Male,Alliance,Dark Iron Dwarf,Protection,balnazzar,The Laughing Skulls,https://eu.api.blizzard.com/profile/wow/character/balnazzar/miyamoto/pvp-summary?namespace=profile-eu,https://eu.api.blizzard.com/profile/wow/character/balnazzar/miyamoto/statistics?namespace=profile-eu,https://eu.api.blizzard.com/profile/wow/character/balnazzar/miyamoto/mythic-keystone-profile?namespace=profile-eu,https://eu.api.blizzard.com/profile/wow/character/balnazzar/miyamoto/equipment?namespace=profile-eu,the Insane,https://eu.api.blizzard.com/profile/wow/character/balnazzar/miyamoto/professions?namespace=profile-eu,Kyrian,25,https://eu.api.blizzard.com/profile/wow/character/balnazzar/miyamoto/soulbinds?namespace=profile-eu
218020568,Zephyrindark,8530,220,Male,Alliance,Human,Protection,sylvanas,vernium,https://eu.api.blizzard.com/profile/wow/character/sylvanas/zephyrindark/pvp-summary?namespace=profile-eu,https://eu.api.blizzard.com/profile/wow/character/sylvanas/zephyrindark/statistics?namespace=profile-eu,https://eu.api.blizzard.com/profile/wow/character/sylvanas/zephyrindark/mythic-keystone-profile?namespace=profile-eu,https://eu.api.blizzard.com/profile/wow/character/sylvanas/zephyrindark/equipment?namespace=profile-eu,Knight,https://eu.api.blizzard.com/profile/wow/character/sylvanas/zephyrindark/professions?namespace=profile-eu,Night Fae,26,https://eu.api.blizzard.com/profile/wow/character/sylvanas/zephyrindark/soulbinds?namespace=profile-eu
174241461,Hêizën,13315,223,Female,Alliance,Draenei,Protection,marécage-de-zangar,Details,https://eu.api.blizzard.com/profile/wow/character/mar%C3%A9cage-de-zangar/h%C3%AAiz%C3%ABn/pvp-summary?namespace=profile-eu,https://eu.api.blizzard.com/profile/wow/character/mar%C3%A9cage-de-zangar/h%C3%AAiz%C3%ABn/statistics?namespace=profile-eu,https://eu.api.blizzard.com/profile/wow/character/mar%C3%A9cage-de-zangar/h%C3%AAiz%C3%ABn/mythic-keystone-profile?namespace=profile-eu,https://eu.api.blizzard.com/profile/wow/character/mar%C3%A9cage-de-zangar/h%C3%AAiz%C3%ABn/equipment?namespace=profile-eu,the Astral Walker,https://eu.api.blizzard.com/profile/wow/character/mar%C3%A9cage-de-zangar/h%C3%AAiz%C3%ABn/professions?namespace=profile-eu,Venthyr,26,https://eu.api.blizzard.com/profile/wow/character/mar%C3%A9cage-de-zangar/h%C3%AAiz%C3%ABn/soulbinds?namespace=profile-eu
161166557,Perlite,13325,217,Female,Alliance,Lightforged Draenei,Protection,conseil-des-ombres,Privilégié,https://eu.api.blizzard.com/profile/wow/character/conseil-des-ombres/perlite/pvp-summary?namespace=profile-eu,https://eu.api.blizzard.com/profile/wow/character/conseil-des-ombres/perlite/statistics?namespace=profile-eu,https://eu.api.blizzard.com/profile/wow/character/conseil-des-ombres/perlite/mythic-keystone-profile?namespace=profile-eu,https://eu.api.blizzard.com/profile/wow/character/conseil-des-ombres/perlite/equipment?namespace=profile-eu,Conqueror of Naxxramas,https://eu.api.blizzard.com/profile/wow/character/conseil-des-ombres/perlite/professions?namespace=profile-eu,Kyrian,26,https://eu.api.blizzard.com/profile/wow/character/conseil-des-ombres/perlite/soulbinds?namespace=profile-eu
170229125,Элитныи,17750,208,Male,Alliance,Human,Protection,gordunni,Субботние Эпохальщики,https://eu.api.blizzard.com/profile/wow/character/gordunni/%D1%8D%D0%BB%D0%B8%D1%82%D0%BD%D1%8B%D0%B8/pvp-summary?namespace=profile-eu,https://eu.api.blizzard.com/profile/wow/character/gordunni/%D1%8D%D0%BB%D0%B8%D1%82%D0%BD%D1%8B%D0%B8/statistics?namespace=profile-eu,https://eu.api.blizzard.com/profile/wow/character/gordunni/%D1%8D%D0%BB%D0%B8%D1%82%D0%BD%D1%8B%D0%B8/mythic-keystone-profile?namespace=profile-eu,https://eu.api.blizzard.com/profile/wow/character/gordunni/%D1%8D%D0%BB%D0%B8%D1%82%D0%BD%D1%8B%D0%B8/equipment?namespace=profile-eu,Veteran of the Alliance,https://eu.api.blizzard.com/profile/wow/character/gordunni/%D1%8D%D0%BB%D0%B8%D1%82%D0%BD%D1%8B%D0%B8/professions?namespace=profile-eu,Kyrian,21,https://eu.api.blizzard.com/profile/wow/character/gordunni/%D1%8D%D0%BB%D0%B8%D1%82%D0%BD%D1%8B%D0%B8/soulbinds?namespace=profile-eu
175810099,Paloushe,2035,220,Male,Alliance,Dwarf,Protection,dalaran,A Toute Berzingue,https://eu.api.blizzard.com/profile/wow/character/dalaran/paloushe/pvp-summary?namespace=profile-eu,https://eu.api.blizzard.com/profile/wow/character/dalaran/paloushe/statistics?namespace=profile-eu,https://eu.api.blizzard.com/profile/wow/character/dalaran/paloushe/mythic-keystone-profile?namespace=profile-eu,https://eu.api.blizzard.com/profile/wow/character/dalaran/paloushe/equipment?namespace=profile-eu,Rival,https://eu.api.blizzard.com/profile/wow/character/dalaran/paloushe/professions?namespace=profile-eu,Kyrian,26,https://eu.api.blizzard.com/profile/wow/character/dalaran/paloushe/soulbinds?namespace=profile-eu
18820223,Лайтмен,19340,215,Male,Alliance,Human,Protection,azuregos,Гидеон,https://eu.api.blizzard.com/profile/wow/character/azuregos/%D0%BB%D0%B0%D0%B9%D1%82%D0%BC%D0%B5%D0%BD/pvp-summary?namespace=profile-eu,https://eu.api.blizzard.com/profile/wow/character/azuregos/%D0%BB%D0%B0%D0%B9%D1%82%D0%BC%D0%B5%D0%BD/statistics?namespace=profile-eu,https://eu.api.blizzard.com/profile/wow/character/azuregos/%D0%BB%D0%B0%D0%B9%D1%82%D0%BC%D0%B5%D0%BD/mythic-keystone-profile?namespace=profile-eu,https://eu.api.blizzard.com/profile/wow/character/azuregos/%D0%BB%D0%B0%D0%B9%D1%82%D0%BC%D0%B5%D0%BD/equipment?namespace=profile-eu,the Immortal,https://eu.api.blizzard.com/profile/wow/character/azuregos/%D0%BB%D0%B0%D0%B9%D1%82%D0%BC%D0%B5%D0%BD/professions?namespace=profile-eu,Kyrian,26,https://eu.api.blizzard.com/profile/wow/character/azuregos/%D0%BB%D0%B0%D0%B9%D1%82%D0%BC%D0%B5%D0%BD/soulbinds?namespace=profile-eu
187353286,Анбели,24300,220,Female,Alliance,Draenei,Protection,gordunni,Хекс,https://eu.api.blizzard.com/profile/wow/character/gordunni/%D0%B0%D0%BD%D0%B1%D0%B5%D0%BB%D0%B8/pvp-summary?namespace=profile-eu,https://eu.api.blizzard.com/profile/wow/character/gordunni/%D0%B0%D0%BD%D0%B1%D0%B5%D0%BB%D0%B8/statistics?namespace=profile-eu,https://eu.api.blizzard.com/profile/wow/character/gordunni/%D0%B0%D0%BD%D0%B1%D0%B5%D0%BB%D0%B8/mythic-keystone-profile?namespace=profile-eu,https://eu.api.blizzard.com/profile/wow/character/gordunni/%D0%B0%D0%BD%D0%B1%D0%B5%D0%BB%D0%B8/equipment?namespace=profile-eu,the Faceless One,https://eu.api.blizzard.com/profile/wow/character/gordunni/%D0%B0%D0%BD%D0%B1%D0%B5%D0%BB%D0%B8/professions?namespace=profile-eu,Kyrian,26,https://eu.api.blizzard.com/profile/wow/character/gordunni/%D0%B0%D0%BD%D0%B1%D0%B5%D0%BB%D0%B8/soulbinds?namespace=profile-eu
143937353,Blumes,19215,218,Female,Alliance,Human,Protection,argent-dawn,Tungsten,https://eu.api.blizzard.com/profile/wow/character/argent-dawn/blumes/pvp-summary?namespace=profile-eu,https://eu.api.blizzard.com/profile/wow/character/argent-dawn/blumes/statistics?namespace=profile-eu,https://eu.api.blizzard.com/profile/wow/character/argent-dawn/blumes/mythic-keystone-profile?namespace=profile-eu,https://eu.api.blizzard.com/profile/wow/character/argent-dawn/blumes/equipment?namespace=profile-eu,the Proud,https://eu.api.blizzard.com/profile/wow/character/argent-dawn/blumes/professions?namespace=profile-eu,Kyrian,26,https://eu.api.blizzard.com/profile/wow/character/argent-dawn/blumes/soulbinds?namespace=profile-eu
190883503,Светляк,21795,218,Male,Alliance,Human,Protection,gordunni,Предел тишины,https://eu.api.blizzard.com/profile/wow/character/gordunni/%D1%81%D0%B2%D0%B5%D1%82%D0%BB%D1%8F%D0%BA/pvp-summary?namespace=profile-eu,https://eu.api.blizzard.com/profile/wow/character/gordunni/%D1%81%D0%B2%D0%B5%D1%82%D0%BB%D1%8F%D0%BA/statistics?namespace=profile-eu,https://eu.api.blizzard.com/profile/wow/character/gordunni/%D1%81%D0%B2%D0%B5%D1%82%D0%BB%D1%8F%D0%BA/mythic-keystone-profile?namespace=profile-eu,https://eu.api.blizzard.com/profile/wow/character/gordunni/%D1%81%D0%B2%D0%B5%D1%82%D0%BB%D1%8F%D0%BA/equipment?namespace=profile-eu,the Horde Slayer,https://eu.api.blizzard.com/profile/wow/character/gordunni/%D1%81%D0%B2%D0%B5%D1%82%D0%BB%D1%8F%D0%BA/professions?namespace=profile-eu,Kyrian,25,https://eu.api.blizzard.com/profile/wow/character/gordunni/%D1%81%D0%B2%D0%B5%D1%82%D0%BB%D1%8F%D0%BA/soulbinds?namespace=profile-eu
154138855,Shearduck,11015,220,Male,Alliance,Human,Protection,silvermoon,Barely Parsing,https://eu.api.blizzard.com/profile/wow/character/silvermoon/shearduck/pvp-summary?namespace=profile-eu,https://eu.api.blizzard.com/profile/wow/character/silvermoon/shearduck/statistics?namespace=profile-eu,https://eu.api.blizzard.com/profile/wow/character/silvermoon/shearduck/mythic-keystone-profile?namespace=profile-eu,https://eu.api.blizzard.com/profile/wow/character/silvermoon/shearduck/equipment?namespace=profile-eu,the Light of Dawn,https://eu.api.blizzard.com/profile/wow/character/silvermoon/shearduck/professions?namespace=profile-eu,Venthyr,26,https://eu.api.blizzard.com/profile/wow/character/silvermoon/shearduck/soulbinds?namespace=profile-eu
74086767,Fàlk,29360,214,Male,Alliance,Human,Protection,antonidas,Old Generation,https://eu.api.blizzard.com/profile/wow/character/antonidas/f%C3%A0lk/pvp-summary?namespace=profile-eu,https://eu.api.blizzard.com/profile/wow/character/antonidas/f%C3%A0lk/statistics?namespace=profile-eu,https://eu.api.blizzard.com/profile/wow/character/antonidas/f%C3%A0lk/mythic-keystone-profile?namespace=profile-eu,https://eu.api.blizzard.com/profile/wow/character/antonidas/f%C3%A0lk/equipment?namespace=profile-eu,Hand of A'dal,https://eu.api.blizzard.com/profile/wow/character/antonidas/f%C3%A0lk/professions?namespace=profile-eu,Kyrian,26,https://eu.api.blizzard.com/profile/wow/character/antonidas/f%C3%A0lk/soulbinds?namespace=profile-eu
148198080,Virtualpala,12355,218,Male,Alliance,Human,Protection,blackmoore,without mercy,https://eu.api.blizzard.com/profile/wow/character/blackmoore/virtualpala/pvp-summary?namespace=profile-eu,https://eu.api.blizzard.com/profile/wow/character/blackmoore/virtualpala/statistics?namespace=profile-eu,https://eu.api.blizzard.com/profile/wow/character/blackmoore/virtualpala/mythic-keystone-profile?namespace=profile-eu,https://eu.api.blizzard.com/profile/wow/character/blackmoore/virtualpala/equipment?namespace=profile-eu,the Proven Defender,https://eu.api.blizzard.com/profile/wow/character/blackmoore/virtualpala/professions?namespace=profile-eu,Kyrian,26,https://eu.api.blizzard.com/profile/wow/character/blackmoore/virtualpala/soulbinds?namespace=profile-eu
175091275,Läthgërtha,16555,218,Female,Alliance,Human,Protection,dun-modr,Never Dies,https://eu.api.blizzard.com/profile/wow/character/dun-modr/l%C3%A4thg%C3%ABrtha/pvp-summary?namespace=profile-eu,https://eu.api.blizzard.com/profile/wow/character/dun-modr/l%C3%A4thg%C3%ABrtha/statistics?namespace=profile-eu,https://eu.api.blizzard.com/profile/wow/character/dun-modr/l%C3%A4thg%C3%ABrtha/mythic-keystone-profile?namespace=profile-eu,https://eu.api.blizzard.com/profile/wow/character/dun-modr/l%C3%A4thg%C3%ABrtha/equipment?namespace=profile-eu,Patron of War,https://eu.api.blizzard.com/profile/wow/character/dun-modr/l%C3%A4thg%C3%ABrtha/professions?namespace=profile-eu,Venthyr,26,https://eu.api.blizzard.com/profile/wow/character/dun-modr/l%C3%A4thg%C3%ABrtha/soulbinds?namespace=profile-eu
194386574,Bigclock,5625,213,Male,Alliance,Human,Protection,outland,Bona Fide,https://eu.api.blizzard.com/profile/wow/character/outland/bigclock/pvp-summary?namespace=profile-eu,https://eu.api.blizzard.com/profile/wow/character/outland/bigclock/statistics?namespace=profile-eu,https://eu.api.blizzard.com/profile/wow/character/outland/bigclock/mythic-keystone-profile?namespace=profile-eu,https://eu.api.blizzard.com/profile/wow/character/outland/bigclock/equipment?namespace=profile-eu,the Patient,https://eu.api.blizzard.com/profile/wow/character/outland/bigclock/professions?namespace=profile-eu,Venthyr,26,https://eu.api.blizzard.com/profile/wow/character/outland/bigclock/soulbinds?namespace=profile-eu
157586606,Лонгдейл,23455,221,Male,Alliance,Human,Protection,gordunni,Вересковый мёд,https://eu.api.blizzard.com/profile/wow/character/gordunni/%D0%BB%D0%BE%D0%BD%D0%B3%D0%B4%D0%B5%D0%B9%D0%BB/pvp-summary?namespace=profile-eu,https://eu.api.blizzard.com/profile/wow/character/gordunni/%D0%BB%D0%BE%D0%BD%D0%B3%D0%B4%D0%B5%D0%B9%D0%BB/statistics?namespace=profile-eu,https://eu.api.blizzard.com/profile/wow/character/gordunni/%D0%BB%D0%BE%D0%BD%D0%B3%D0%B4%D0%B5%D0%B9%D0%BB/mythic-keystone-profile?namespace=profile-eu,https://eu.api.blizzard.com/profile/wow/character/gordunni/%D0%BB%D0%BE%D0%BD%D0%B3%D0%B4%D0%B5%D0%B9%D0%BB/equipment?namespace=profile-eu,Inquisitor,https://eu.api.blizzard.com/profile/wow/character/gordunni/%D0%BB%D0%BE%D0%BD%D0%B3%D0%B4%D0%B5%D0%B9%D0%BB/professions?namespace=profile-eu,Venthyr,26,https://eu.api.blizzard.com/profile/wow/character/gordunni/%D0%BB%D0%BE%D0%BD%D0%B3%D0%B4%D0%B5%D0%B9%D0%BB/soulbinds?namespace=profile-eu
192017612,Pomfritzel,11085,220,Male,Alliance,Human,Protection,silvermoon,Second Wind,https://eu.api.blizzard.com/profile/wow/character/silvermoon/pomfritzel/pvp-summary?namespace=profile-eu,https://eu.api.blizzard.com/profile/wow/character/silvermoon/pomfritzel/statistics?namespace=profile-eu,https://eu.api.blizzard.com/profile/wow/character/silvermoon/pomfritzel/mythic-keystone-profile?namespace=profile-eu,https://eu.api.blizzard.com/profile/wow/character/silvermoon/pomfritzel/equipment?namespace=profile-eu,Highlord,https://eu.api.blizzard.com/profile/wow/character/silvermoon/pomfritzel/professions?namespace=profile-eu,Venthyr,26,https://eu.api.blizzard.com/profile/wow/character/silvermoon/pomfritzel/soulbinds?namespace=profile-eu
156183143,Røllstuhl,11245,213,Male,Alliance,Dark Iron Dwarf,Protection,blackmoore,Woodzstock,https://eu.api.blizzard.com/profile/wow/character/blackmoore/r%C3%B8llstuhl/pvp-summary?namespace=profile-eu,https://eu.api.blizzard.com/profile/wow/character/blackmoore/r%C3%B8llstuhl/statistics?namespace=profile-eu,https://eu.api.blizzard.com/profile/wow/character/blackmoore/r%C3%B8llstuhl/mythic-keystone-profile?namespace=profile-eu,https://eu.api.blizzard.com/profile/wow/character/blackmoore/r%C3%B8llstuhl/equipment?namespace=profile-eu,of the Deeps,https://eu.api.blizzard.com/profile/wow/character/blackmoore/r%C3%B8llstuhl/professions?namespace=profile-eu,Kyrian,26,https://eu.api.blizzard.com/profile/wow/character/blackmoore/r%C3%B8llstuhl/soulbinds?namespace=profile-eu
133368774,Qunaii,14170,214,Male,Alliance,Lightforged Draenei,Protection,defias-brotherhood,Upper City,https://eu.api.blizzard.com/profile/wow/character/defias-brotherhood/qunaii/pvp-summary?namespace=profile-eu,https://eu.api.blizzard.com/profile/wow/character/defias-brotherhood/qunaii/statistics?namespace=profile-eu,https://eu.api.blizzard.com/profile/wow/character/defias-brotherhood/qunaii/mythic-keystone-profile?namespace=profile-eu,https://eu.api.blizzard.com/profile/wow/character/defias-brotherhood/qunaii/equipment?namespace=profile-eu,Challenger,https://eu.api.blizzard.com/profile/wow/character/defias-brotherhood/qunaii/professions?namespace=profile-eu,Kyrian,25,https://eu.api.blizzard.com/profile/wow/character/defias-brotherhood/qunaii/soulbinds?namespace=profile-eu
126725985,Borimir,12615,213,Male,Alliance,Human,Protection,agamaggan,Reincarnated,https://eu.api.blizzard.com/profile/wow/character/agamaggan/borimir/pvp-summary?namespace=profile-eu,https://eu.api.blizzard.com/profile/wow/character/agamaggan/borimir/statistics?namespace=profile-eu,https://eu.api.blizzard.com/profile/wow/character/agamaggan/borimir/mythic-keystone-profile?namespace=profile-eu,https://eu.api.blizzard.com/profile/wow/character/agamaggan/borimir/equipment?namespace=profile-eu,Crusader,https://eu.api.blizzard.com/profile/wow/character/agamaggan/borimir/professions?namespace=profile-eu,Kyrian,26,https://eu.api.blizzard.com/profile/wow/character/agamaggan/borimir/soulbinds?namespace=profile-eu
188714945,Галяпетровна,13115,212,Female,Alliance,Human,Protection,gordunni,Орлиный взор,https://eu.api.blizzard.com/profile/wow/character/gordunni/%D0%B3%D0%B0%D0%BB%D1%8F%D0%BF%D0%B5%D1%82%D1%80%D0%BE%D0%B2%D0%BD%D0%B0/pvp-summary?namespace=profile-eu,https://eu.api.blizzard.com/profile/wow/character/gordunni/%D0%B3%D0%B0%D0%BB%D1%8F%D0%BF%D0%B5%D1%82%D1%80%D0%BE%D0%B2%D0%BD%D0%B0/statistics?namespace=profile-eu,https://eu.api.blizzard.com/profile/wow/character/gordunni/%D0%B3%D0%B0%D0%BB%D1%8F%D0%BF%D0%B5%D1%82%D1%80%D0%BE%D0%B2%D0%BD%D0%B0/mythic-keystone-profile?namespace=profile-eu,https://eu.api.blizzard.com/profile/wow/character/gordunni/%D0%B3%D0%B0%D0%BB%D1%8F%D0%BF%D0%B5%D1%82%D1%80%D0%BE%D0%B2%D0%BD%D0%B0/equipment?namespace=profile-eu,Savior of Azeroth,https://eu.api.blizzard.com/profile/wow/character/gordunni/%D0%B3%D0%B0%D0%BB%D1%8F%D0%BF%D0%B5%D1%82%D1%80%D0%BE%D0%B2%D0%BD%D0%B0/professions?namespace=profile-eu,Kyrian,26,https://eu.api.blizzard.com/profile/wow/character/gordunni/%D0%B3%D0%B0%D0%BB%D1%8F%D0%BF%D0%B5%D1%82%D1%80%D0%BE%D0%B2%D0%BD%D0%B0/soulbinds?namespace=profile-eu
98180293,Мркавай,24670,213,Male,Alliance,Human,Protection,gordunni,Эксодия,https://eu.api.blizzard.com/profile/wow/character/gordunni/%D0%BC%D1%80%D0%BA%D0%B0%D0%B2%D0%B0%D0%B9/pvp-summary?namespace=profile-eu,https://eu.api.blizzard.com/profile/wow/character/gordunni/%D0%BC%D1%80%D0%BA%D0%B0%D0%B2%D0%B0%D0%B9/statistics?namespace=profile-eu,https://eu.api.blizzard.com/profile/wow/character/gordunni/%D0%BC%D1%80%D0%BA%D0%B0%D0%B2%D0%B0%D0%B9/mythic-keystone-profile?namespace=profile-eu,https://eu.api.blizzard.com/profile/wow/character/gordunni/%D0%BC%D1%80%D0%BA%D0%B0%D0%B2%D0%B0%D0%B9/equipment?namespace=profile-eu,Highlord,https://eu.api.blizzard.com/profile/wow/character/gordunni/%D0%BC%D1%80%D0%BA%D0%B0%D0%B2%D0%B0%D0%B9/professions?namespace=profile-eu,Kyrian,24,https://eu.api.blizzard.com/profile/wow/character/gordunni/%D0%BC%D1%80%D0%BA%D0%B0%D0%B2%D0%B0%D0%B9/soulbinds?namespace=profile-eu
51285832,Громел,29390,215,Male,Alliance,Human,Protection,gordunni,Денди,https://eu.api.blizzard.com/profile/wow/character/gordunni/%D0%B3%D1%80%D0%BE%D0%BC%D0%B5%D0%BB/pvp-summary?namespace=profile-eu,https://eu.api.blizzard.com/profile/wow/character/gordunni/%D0%B3%D1%80%D0%BE%D0%BC%D0%B5%D0%BB/statistics?namespace=profile-eu,https://eu.api.blizzard.com/profile/wow/character/gordunni/%D0%B3%D1%80%D0%BE%D0%BC%D0%B5%D0%BB/mythic-keystone-profile?namespace=profile-eu,https://eu.api.blizzard.com/profile/wow/character/gordunni/%D0%B3%D1%80%D0%BE%D0%BC%D0%B5%D0%BB/equipment?namespace=profile-eu,Justicar,https://eu.api.blizzard.com/profile/wow/character/gordunni/%D0%B3%D1%80%D0%BE%D0%BC%D0%B5%D0%BB/professions?namespace=profile-eu,Kyrian,26,https://eu.api.blizzard.com/profile/wow/character/gordunni/%D0%B3%D1%80%D0%BE%D0%BC%D0%B5%D0%BB/soulbinds?namespace=profile-eu
242350481,Таймрулер,13220,215,Male,Alliance,Lightforged Draenei,Protection,gordunni,Фейт,https://eu.api.blizzard.com/profile/wow/character/gordunni/%D1%82%D0%B0%D0%B9%D0%BC%D1%80%D1%83%D0%BB%D0%B5%D1%80/pvp-summary?namespace=profile-eu,https://eu.api.blizzard.com/profile/wow/character/gordunni/%D1%82%D0%B0%D0%B9%D0%BC%D1%80%D1%83%D0%BB%D0%B5%D1%80/statistics?namespace=profile-eu,https://eu.api.blizzard.com/profile/wow/character/gordunni/%D1%82%D0%B0%D0%B9%D0%BC%D1%80%D1%83%D0%BB%D0%B5%D1%80/mythic-keystone-profile?namespace=profile-eu,https://eu.api.blizzard.com/profile/wow/character/gordunni/%D1%82%D0%B0%D0%B9%D0%BC%D1%80%D1%83%D0%BB%D0%B5%D1%80/equipment?namespace=profile-eu,the Horde Slayer,https://eu.api.blizzard.com/profile/wow/character/gordunni/%D1%82%D0%B0%D0%B9%D0%BC%D1%80%D1%83%D0%BB%D0%B5%D1%80/professions?namespace=profile-eu,Kyrian,26,https://eu.api.blizzard.com/profile/wow/character/gordunni/%D1%82%D0%B0%D0%B9%D0%BC%D1%80%D1%83%D0%BB%D0%B5%D1%80/soulbinds?namespace=profile-eu
136938662,Komaster,8650,219,Male,Alliance,Dark Iron Dwarf,Protection,todeswache,WarPigs,https://eu.api.blizzard.com/profile/wow/character/todeswache/komaster/pvp-summary?namespace=profile-eu,https://eu.api.blizzard.com/profile/wow/character/todeswache/komaster/statistics?namespace=profile-eu,https://eu.api.blizzard.com/profile/wow/character/todeswache/komaster/mythic-keystone-profile?namespace=profile-eu,https://eu.api.blizzard.com/profile/wow/character/todeswache/komaster/equipment?namespace=profile-eu,the Proud,https://eu.api.blizzard.com/profile/wow/character/todeswache/komaster/professions?namespace=profile-eu,Kyrian,25,https://eu.api.blizzard.com/profile/wow/character/todeswache/komaster/soulbinds?namespace=profile-eu
110762455,Deenit,18095,221,Female,Alliance,Human,Protection,ravencrest,Randybois,https://eu.api.blizzard.com/profile/wow/character/ravencrest/deenit/pvp-summary?namespace=profile-eu,https://eu.api.blizzard.com/profile/wow/character/ravencrest/deenit/statistics?namespace=profile-eu,https://eu.api.blizzard.com/profile/wow/character/ravencrest/deenit/mythic-keystone-profile?namespace=profile-eu,https://eu.api.blizzard.com/profile/wow/character/ravencrest/deenit/equipment?namespace=profile-eu,Captain,https://eu.api.blizzard.com/profile/wow/character/ravencrest/deenit/professions?namespace=profile-eu,Kyrian,26,https://eu.api.blizzard.com/profile/wow/character/ravencrest/deenit/soulbinds?namespace=profile-eu
124074579,Neoki,21670,219,Male,Alliance,Dark Iron Dwarf,Protection,ravencrest,Trash Pandas,https://eu.api.blizzard.com/profile/wow/character/ravencrest/neoki/pvp-summary?namespace=profile-eu,https://eu.api.blizzard.com/profile/wow/character/ravencrest/neoki/statistics?namespace=profile-eu,https://eu.api.blizzard.com/profile/wow/character/ravencrest/neoki/mythic-keystone-profile?namespace=profile-eu,https://eu.api.blizzard.com/profile/wow/character/ravencrest/neoki/equipment?namespace=profile-eu,the Proud,https://eu.api.blizzard.com/profile/wow/character/ravencrest/neoki/professions?namespace=profile-eu,Kyrian,26,https://eu.api.blizzard.com/profile/wow/character/ravencrest/neoki/soulbinds?namespace=profile-eu
193597388,Stew,3875,220,Male,Alliance,Dark Iron Dwarf,Protection,silvermoon,Ataraxia,https://eu.api.blizzard.com/profile/wow/character/silvermoon/stew/pvp-summary?namespace=profile-eu,https://eu.api.blizzard.com/profile/wow/character/silvermoon/stew/statistics?namespace=profile-eu,https://eu.api.blizzard.com/profile/wow/character/silvermoon/stew/mythic-keystone-profile?namespace=profile-eu,https://eu.api.blizzard.com/profile/wow/character/silvermoon/stew/equipment?namespace=profile-eu,Master Sergeant,https://eu.api.blizzard.com/profile/wow/character/silvermoon/stew/professions?namespace=profile-eu,Kyrian,20,https://eu.api.blizzard.com/profile/wow/character/silvermoon/stew/soulbinds?namespace=profile-eu
112514904,Maybenope,18055,213,Male,Alliance,Draenei,Protection,pozzo-delleternità,Twisted,https://eu.api.blizzard.com/profile/wow/character/pozzo-delleternit%C3%A0/maybenope/pvp-summary?namespace=profile-eu,https://eu.api.blizzard.com/profile/wow/character/pozzo-delleternit%C3%A0/maybenope/statistics?namespace=profile-eu,https://eu.api.blizzard.com/profile/wow/character/pozzo-delleternit%C3%A0/maybenope/mythic-keystone-profile?namespace=profile-eu,https://eu.api.blizzard.com/profile/wow/character/pozzo-delleternit%C3%A0/maybenope/equipment?namespace=profile-eu,the Proven Defender,https://eu.api.blizzard.com/profile/wow/character/pozzo-delleternit%C3%A0/maybenope/professions?namespace=profile-eu,Kyrian,26,https://eu.api.blizzard.com/profile/wow/character/pozzo-delleternit%C3%A0/maybenope/soulbinds?namespace=profile-eu
156071444,Darkmace,18925,214,Male,Alliance,Lightforged Draenei,Protection,ravencrest,PEERLESS,https://eu.api.blizzard.com/profile/wow/character/ravencrest/darkmace/pvp-summary?namespace=profile-eu,https://eu.api.blizzard.com/profile/wow/character/ravencrest/darkmace/statistics?namespace=profile-eu,https://eu.api.blizzard.com/profile/wow/character/ravencrest/darkmace/mythic-keystone-profile?namespace=profile-eu,https://eu.api.blizzard.com/profile/wow/character/ravencrest/darkmace/equipment?namespace=profile-eu,the Gullible,https://eu.api.blizzard.com/profile/wow/character/ravencrest/darkmace/professions?namespace=profile-eu,Kyrian,24,https://eu.api.blizzard.com/profile/wow/character/ravencrest/darkmace/soulbinds?namespace=profile-eu
181677258,Саффирин,12450,219,Female,Alliance,Human,Protection,gordunni,Лучше не бывает,https://eu.api.blizzard.com/profile/wow/character/gordunni/%D1%81%D0%B0%D1%84%D1%84%D0%B8%D1%80%D0%B8%D0%BD/pvp-summary?namespace=profile-eu,https://eu.api.blizzard.com/profile/wow/character/gordunni/%D1%81%D0%B0%D1%84%D1%84%D0%B8%D1%80%D0%B8%D0%BD/statistics?namespace=profile-eu,https://eu.api.blizzard.com/profile/wow/character/gordunni/%D1%81%D0%B0%D1%84%D1%84%D0%B8%D1%80%D0%B8%D0%BD/mythic-keystone-profile?namespace=profile-eu,https://eu.api.blizzard.com/profile/wow/character/gordunni/%D1%81%D0%B0%D1%84%D1%84%D0%B8%D1%80%D0%B8%D0%BD/equipment?namespace=profile-eu,Inquisitor,https://eu.api.blizzard.com/profile/wow/character/gordunni/%D1%81%D0%B0%D1%84%D1%84%D0%B8%D1%80%D0%B8%D0%BD/professions?namespace=profile-eu,Kyrian,26,https://eu.api.blizzard.com/profile/wow/character/gordunni/%D1%81%D0%B0%D1%84%D1%84%D0%B8%D1%80%D0%B8%D0%BD/soulbinds?namespace=profile-eu
115287737,Look,13205,218,Male,Alliance,Dwarf,Protection,throkferoth,Vanilla Spirit,https://eu.api.blizzard.com/profile/wow/character/throkferoth/look/pvp-summary?namespace=profile-eu,https://eu.api.blizzard.com/profile/wow/character/throkferoth/look/statistics?namespace=profile-eu,https://eu.api.blizzard.com/profile/wow/character/throkferoth/look/mythic-keystone-profile?namespace=profile-eu,https://eu.api.blizzard.com/profile/wow/character/throkferoth/look/equipment?namespace=profile-eu,the Seeker,https://eu.api.blizzard.com/profile/wow/character/throkferoth/look/professions?namespace=profile-eu,Kyrian,26,https://eu.api.blizzard.com/profile/wow/character/throkferoth/look/soulbinds?namespace=profile-eu
158366847,Epicskillz,16270,218,Female,Alliance,Lightforged Draenei,Protection,conseil-des-ombres,La légion de Lordaeron,https://eu.api.blizzard.com/profile/wow/character/conseil-des-ombres/epicskillz/pvp-summary?namespace=profile-eu,https://eu.api.blizzard.com/profile/wow/character/conseil-des-ombres/epicskillz/statistics?namespace=profile-eu,https://eu.api.blizzard.com/profile/wow/character/conseil-des-ombres/epicskillz/mythic-keystone-profile?namespace=profile-eu,https://eu.api.blizzard.com/profile/wow/character/conseil-des-ombres/epicskillz/equipment?namespace=profile-eu,the Chosen,https://eu.api.blizzard.com/profile/wow/character/conseil-des-ombres/epicskillz/professions?namespace=profile-eu,Kyrian,26,https://eu.api.blizzard.com/profile/wow/character/conseil-des-ombres/epicskillz/soulbinds?namespace=profile-eu
166631802,Darkghost,11575,217,Female,Alliance,Lightforged Draenei,Protection,hyjal,Douceurs,https://eu.api.blizzard.com/profile/wow/character/hyjal/darkghost/pvp-summary?namespace=profile-eu,https://eu.api.blizzard.com/profile/wow/character/hyjal/darkghost/statistics?namespace=profile-eu,https://eu.api.blizzard.com/profile/wow/character/hyjal/darkghost/mythic-keystone-profile?namespace=profile-eu,https://eu.api.blizzard.com/profile/wow/character/hyjal/darkghost/equipment?namespace=profile-eu,the Horde Slayer,https://eu.api.blizzard.com/profile/wow/character/hyjal/darkghost/professions?namespace=profile-eu,Kyrian,26,https://eu.api.blizzard.com/profile/wow/character/hyjal/darkghost/soulbinds?namespace=profile-eu
139762690,Favre,14195,218,Male,Alliance,Human,Protection,hyjal,Resonance,https://eu.api.blizzard.com/profile/wow/character/hyjal/favre/pvp-summary?namespace=profile-eu,https://eu.api.blizzard.com/profile/wow/character/hyjal/favre/statistics?namespace=profile-eu,https://eu.api.blizzard.com/profile/wow/character/hyjal/favre/mythic-keystone-profile?namespace=profile-eu,https://eu.api.blizzard.com/profile/wow/character/hyjal/favre/equipment?namespace=profile-eu,the Uncorrupted,https://eu.api.blizzard.com/profile/wow/character/hyjal/favre/professions?namespace=profile-eu,Kyrian,26,https://eu.api.blizzard.com/profile/wow/character/hyjal/favre/soulbinds?namespace=profile-eu
180862156,Mythterhawk,16655,224,Male,Alliance,Human,Protection,outland,LENG SQUAD,https://eu.api.blizzard.com/profile/wow/character/outland/mythterhawk/pvp-summary?namespace=profile-eu,https://eu.api.blizzard.com/profile/wow/character/outland/mythterhawk/statistics?namespace=profile-eu,https://eu.api.blizzard.com/profile/wow/character/outland/mythterhawk/mythic-keystone-profile?namespace=profile-eu,https://eu.api.blizzard.com/profile/wow/character/outland/mythterhawk/equipment?namespace=profile-eu,Duelist,https://eu.api.blizzard.com/profile/wow/character/outland/mythterhawk/professions?namespace=profile-eu,Kyrian,26,https://eu.api.blizzard.com/profile/wow/character/outland/mythterhawk/soulbinds?namespace=profile-eu
185122145,Кромвар,18070,215,Male,Alliance,Human,Protection,gordunni,Исиль Кале,https://eu.api.blizzard.com/profile/wow/character/gordunni/%D0%BA%D1%80%D0%BE%D0%BC%D0%B2%D0%B0%D1%80/pvp-summary?namespace=profile-eu,https://eu.api.blizzard.com/profile/wow/character/gordunni/%D0%BA%D1%80%D0%BE%D0%BC%D0%B2%D0%B0%D1%80/statistics?namespace=profile-eu,https://eu.api.blizzard.com/profile/wow/character/gordunni/%D0%BA%D1%80%D0%BE%D0%BC%D0%B2%D0%B0%D1%80/mythic-keystone-profile?namespace=profile-eu,https://eu.api.blizzard.com/profile/wow/character/gordunni/%D0%BA%D1%80%D0%BE%D0%BC%D0%B2%D0%B0%D1%80/equipment?namespace=profile-eu,the Horde Slayer,https://eu.api.blizzard.com/profile/wow/character/gordunni/%D0%BA%D1%80%D0%BE%D0%BC%D0%B2%D0%B0%D1%80/professions?namespace=profile-eu,Kyrian,26,https://eu.api.blizzard.com/profile/wow/character/gordunni/%D0%BA%D1%80%D0%BE%D0%BC%D0%B2%D0%B0%D1%80/soulbinds?namespace=profile-eu
245074253,Лайтревендж,23215,211,Male,Alliance,Human,Protection,gordunni,ВАЙП С ПУЛА,https://eu.api.blizzard.com/profile/wow/character/gordunni/%D0%BB%D0%B0%D0%B9%D1%82%D1%80%D0%B5%D0%B2%D0%B5%D0%BD%D0%B4%D0%B6/pvp-summary?namespace=profile-eu,https://eu.api.blizzard.com/profile/wow/character/gordunni/%D0%BB%D0%B0%D0%B9%D1%82%D1%80%D0%B5%D0%B2%D0%B5%D0%BD%D0%B4%D0%B6/statistics?namespace=profile-eu,https://eu.api.blizzard.com/profile/wow/character/gordunni/%D0%BB%D0%B0%D0%B9%D1%82%D1%80%D0%B5%D0%B2%D0%B5%D0%BD%D0%B4%D0%B6/mythic-keystone-profile?namespace=profile-eu,https://eu.api.blizzard.com/profile/wow/character/gordunni/%D0%BB%D0%B0%D0%B9%D1%82%D1%80%D0%B5%D0%B2%D0%B5%D0%BD%D0%B4%D0%B6/equipment?namespace=profile-eu,Elder,https://eu.api.blizzard.com/profile/wow/character/gordunni/%D0%BB%D0%B0%D0%B9%D1%82%D1%80%D0%B5%D0%B2%D0%B5%D0%BD%D0%B4%D0%B6/professions?namespace=profile-eu,Kyrian,26,https://eu.api.blizzard.com/profile/wow/character/gordunni/%D0%BB%D0%B0%D0%B9%D1%82%D1%80%D0%B5%D0%B2%D0%B5%D0%BD%D0%B4%D0%B6/soulbinds?namespace=profile-eu
187835499,Асогири,23165,215,Female,Alliance,Lightforged Draenei,Protection,gordunni,Серые логи,https://eu.api.blizzard.com/profile/wow/character/gordunni/%D0%B0%D1%81%D0%BE%D0%B3%D0%B8%D1%80%D0%B8/pvp-summary?namespace=profile-eu,https://eu.api.blizzard.com/profile/wow/character/gordunni/%D0%B0%D1%81%D0%BE%D0%B3%D0%B8%D1%80%D0%B8/statistics?namespace=profile-eu,https://eu.api.blizzard.com/profile/wow/character/gordunni/%D0%B0%D1%81%D0%BE%D0%B3%D0%B8%D1%80%D0%B8/mythic-keystone-profile?namespace=profile-eu,https://eu.api.blizzard.com/profile/wow/character/gordunni/%D0%B0%D1%81%D0%BE%D0%B3%D0%B8%D1%80%D0%B8/equipment?namespace=profile-eu,Trashmaster,https://eu.api.blizzard.com/profile/wow/character/gordunni/%D0%B0%D1%81%D0%BE%D0%B3%D0%B8%D1%80%D0%B8/professions?namespace=profile-eu,Kyrian,26,https://eu.api.blizzard.com/profile/wow/character/gordunni/%D0%B0%D1%81%D0%BE%D0%B3%D0%B8%D1%80%D0%B8/soulbinds?namespace=profile-eu
189585324,Егорметеорус,5675,215,Male,Alliance,Human,Protection,gordunni,Тут невозможно умереть,https://eu.api.blizzard.com/profile/wow/character/gordunni/%D0%B5%D0%B3%D0%BE%D1%80%D0%BC%D0%B5%D1%82%D0%B5%D0%BE%D1%80%D1%83%D1%81/pvp-summary?namespace=profile-eu,https://eu.api.blizzard.com/profile/wow/character/gordunni/%D0%B5%D0%B3%D0%BE%D1%80%D0%BC%D0%B5%D1%82%D0%B5%D0%BE%D1%80%D1%83%D1%81/statistics?namespace=profile-eu,https://eu.api.blizzard.com/profile/wow/character/gordunni/%D0%B5%D0%B3%D0%BE%D1%80%D0%BC%D0%B5%D1%82%D0%B5%D0%BE%D1%80%D1%83%D1%81/mythic-keystone-profile?namespace=profile-eu,https://eu.api.blizzard.com/profile/wow/character/gordunni/%D0%B5%D0%B3%D0%BE%D1%80%D0%BC%D0%B5%D1%82%D0%B5%D0%BE%D1%80%D1%83%D1%81/equipment?namespace=profile-eu,the Awakened,https://eu.api.blizzard.com/profile/wow/character/gordunni/%D0%B5%D0%B3%D0%BE%D1%80%D0%BC%D0%B5%D1%82%D0%B5%D0%BE%D1%80%D1%83%D1%81/professions?namespace=profile-eu,Kyrian,23,https://eu.api.blizzard.com/profile/wow/character/gordunni/%D0%B5%D0%B3%D0%BE%D1%80%D0%BC%D0%B5%D1%82%D0%B5%D0%BE%D1%80%D1%83%D1%81/soulbinds?namespace=profile-eu
94644508,Akenna,23960,218,Female,Alliance,Human,Protection,antonidas,Infinity,https://eu.api.blizzard.com/profile/wow/character/antonidas/akenna/pvp-summary?namespace=profile-eu,https://eu.api.blizzard.com/profile/wow/character/antonidas/akenna/statistics?namespace=profile-eu,https://eu.api.blizzard.com/profile/wow/character/antonidas/akenna/mythic-keystone-profile?namespace=profile-eu,https://eu.api.blizzard.com/profile/wow/character/antonidas/akenna/equipment?namespace=profile-eu,Sword of Wrynn,https://eu.api.blizzard.com/profile/wow/character/antonidas/akenna/professions?namespace=profile-eu,Kyrian,26,https://eu.api.blizzard.com/profile/wow/character/antonidas/akenna/soulbinds?namespace=profile-eu
111017100,Vyneira,22055,214,Female,Alliance,Human,Protection,zirkel-des-cenarius,Schwingen des Phoenix,https://eu.api.blizzard.com/profile/wow/character/zirkel-des-cenarius/vyneira/pvp-summary?namespace=profile-eu,https://eu.api.blizzard.com/profile/wow/character/zirkel-des-cenarius/vyneira/statistics?namespace=profile-eu,https://eu.api.blizzard.com/profile/wow/character/zirkel-des-cenarius/vyneira/mythic-keystone-profile?namespace=profile-eu,https://eu.api.blizzard.com/profile/wow/character/zirkel-des-cenarius/vyneira/equipment?namespace=profile-eu,Highlord,https://eu.api.blizzard.com/profile/wow/character/zirkel-des-cenarius/vyneira/professions?namespace=profile-eu,Kyrian,24,https://eu.api.blizzard.com/profile/wow/character/zirkel-des-cenarius/vyneira/soulbinds?namespace=profile-eu
209552371,Noderneder,5495,216,Male,Alliance,Human,Protection,deathwing,Exodus,https://eu.api.blizzard.com/profile/wow/character/deathwing/noderneder/pvp-summary?namespace=profile-eu,https://eu.api.blizzard.com/profile/wow/character/deathwing/noderneder/statistics?namespace=profile-eu,https://eu.api.blizzard.com/profile/wow/character/deathwing/noderneder/mythic-keystone-profile?namespace=profile-eu,https://eu.api.blizzard.com/profile/wow/character/deathwing/noderneder/equipment?namespace=profile-eu,Stylist,https://eu.api.blizzard.com/profile/wow/character/deathwing/noderneder/professions?namespace=profile-eu,Kyrian,26,https://eu.api.blizzard.com/profile/wow/character/deathwing/noderneder/soulbinds?namespace=profile-eu
193772441,Madares,12700,215,Female,Alliance,Lightforged Draenei,Protection,silvermoon,ComBo,https://eu.api.blizzard.com/profile/wow/character/silvermoon/madares/pvp-summary?namespace=profile-eu,https://eu.api.blizzard.com/profile/wow/character/silvermoon/madares/statistics?namespace=profile-eu,https://eu.api.blizzard.com/profile/wow/character/silvermoon/madares/mythic-keystone-profile?namespace=profile-eu,https://eu.api.blizzard.com/profile/wow/character/silvermoon/madares/equipment?namespace=profile-eu,the Proud,https://eu.api.blizzard.com/profile/wow/character/silvermoon/madares/professions?namespace=profile-eu,Kyrian,24,https://eu.api.blizzard.com/profile/wow/character/silvermoon/madares/soulbinds?namespace=profile-eu
187456315,Жоксс,20515,213,Male,Alliance,Dark Iron Dwarf,Protection,gordunni,Фоллоу Блю Марк,https://eu.api.blizzard.com/profile/wow/character/gordunni/%D0%B6%D0%BE%D0%BA%D1%81%D1%81/pvp-summary?namespace=profile-eu,https://eu.api.blizzard.com/profile/wow/character/gordunni/%D0%B6%D0%BE%D0%BA%D1%81%D1%81/statistics?namespace=profile-eu,https://eu.api.blizzard.com/profile/wow/character/gordunni/%D0%B6%D0%BE%D0%BA%D1%81%D1%81/mythic-keystone-profile?namespace=profile-eu,https://eu.api.blizzard.com/profile/wow/character/gordunni/%D0%B6%D0%BE%D0%BA%D1%81%D1%81/equipment?namespace=profile-eu,Spirestalker,https://eu.api.blizzard.com/profile/wow/character/gordunni/%D0%B6%D0%BE%D0%BA%D1%81%D1%81/professions?namespace=profile-eu,Kyrian,26,https://eu.api.blizzard.com/profile/wow/character/gordunni/%D0%B6%D0%BE%D0%BA%D1%81%D1%81/soulbinds?namespace=profile-eu
176231782,Intrøper,10905,212,Male,Alliance,Dark Iron Dwarf,Protection,outland,Old Legends,https://eu.api.blizzard.com/profile/wow/character/outland/intr%C3%B8per/pvp-summary?namespace=profile-eu,https://eu.api.blizzard.com/profile/wow/character/outland/intr%C3%B8per/statistics?namespace=profile-eu,https://eu.api.blizzard.com/profile/wow/character/outland/intr%C3%B8per/mythic-keystone-profile?namespace=profile-eu,https://eu.api.blizzard.com/profile/wow/character/outland/intr%C3%B8per/equipment?namespace=profile-eu,the Patient,https://eu.api.blizzard.com/profile/wow/character/outland/intr%C3%B8per/professions?namespace=profile-eu,Kyrian,26,https://eu.api.blizzard.com/profile/wow/character/outland/intr%C3%B8per/soulbinds?namespace=profile-eu
173135774,Koulourls,7200,216,Male,Alliance,Dark Iron Dwarf,Protection,silvermoon,MH MOY TO AGGRO TAPATTE,https://eu.api.blizzard.com/profile/wow/character/silvermoon/koulourls/pvp-summary?namespace=profile-eu,https://eu.api.blizzard.com/profile/wow/character/silvermoon/koulourls/statistics?namespace=profile-eu,https://eu.api.blizzard.com/profile/wow/character/silvermoon/koulourls/mythic-keystone-profile?namespace=profile-eu,https://eu.api.blizzard.com/profile/wow/character/silvermoon/koulourls/equipment?namespace=profile-eu,the Proud,https://eu.api.blizzard.com/profile/wow/character/silvermoon/koulourls/professions?namespace=profile-eu,Kyrian,26,https://eu.api.blizzard.com/profile/wow/character/silvermoon/koulourls/soulbinds?namespace=profile-eu
144130261,Postedeguill,14355,217,Male,Alliance,Human,Protection,dalaran,Lãst Guardians,https://eu.api.blizzard.com/profile/wow/character/dalaran/postedeguill/pvp-summary?namespace=profile-eu,https://eu.api.blizzard.com/profile/wow/character/dalaran/postedeguill/statistics?namespace=profile-eu,https://eu.api.blizzard.com/profile/wow/character/dalaran/postedeguill/mythic-keystone-profile?namespace=profile-eu,https://eu.api.blizzard.com/profile/wow/character/dalaran/postedeguill/equipment?namespace=profile-eu,Highlord,https://eu.api.blizzard.com/profile/wow/character/dalaran/postedeguill/professions?namespace=profile-eu,Kyrian,26,https://eu.api.blizzard.com/profile/wow/character/dalaran/postedeguill/soulbinds?namespace=profile-eu
247160183,Палстар,19150,214,Male,Alliance,Human,Protection,gordunni,Дьявольская раковальня,https://eu.api.blizzard.com/profile/wow/character/gordunni/%D0%BF%D0%B0%D0%BB%D1%81%D1%82%D0%B0%D1%80/pvp-summary?namespace=profile-eu,https://eu.api.blizzard.com/profile/wow/character/gordunni/%D0%BF%D0%B0%D0%BB%D1%81%D1%82%D0%B0%D1%80/statistics?namespace=profile-eu,https://eu.api.blizzard.com/profile/wow/character/gordunni/%D0%BF%D0%B0%D0%BB%D1%81%D1%82%D0%B0%D1%80/mythic-keystone-profile?namespace=profile-eu,https://eu.api.blizzard.com/profile/wow/character/gordunni/%D0%BF%D0%B0%D0%BB%D1%81%D1%82%D0%B0%D1%80/equipment?namespace=profile-eu,Vengeance Incarnate,https://eu.api.blizzard.com/profile/wow/character/gordunni/%D0%BF%D0%B0%D0%BB%D1%81%D1%82%D0%B0%D1%80/professions?namespace=profile-eu,Kyrian,26,https://eu.api.blizzard.com/profile/wow/character/gordunni/%D0%BF%D0%B0%D0%BB%D1%81%D1%82%D0%B0%D1%80/soulbinds?namespace=profile-eu
172901306,Aiffel,16830,211,Male,Alliance,Dwarf,Protection,silvermoon,Withered,https://eu.api.blizzard.com/profile/wow/character/silvermoon/aiffel/pvp-summary?namespace=profile-eu,https://eu.api.blizzard.com/profile/wow/character/silvermoon/aiffel/statistics?namespace=profile-eu,https://eu.api.blizzard.com/profile/wow/character/silvermoon/aiffel/mythic-keystone-profile?namespace=profile-eu,https://eu.api.blizzard.com/profile/wow/character/silvermoon/aiffel/equipment?namespace=profile-eu,Spirestalker,https://eu.api.blizzard.com/profile/wow/character/silvermoon/aiffel/professions?namespace=profile-eu,Kyrian,21,https://eu.api.blizzard.com/profile/wow/character/silvermoon/aiffel/soulbinds?namespace=profile-eu
153584340,Shei,18385,213,Female,Alliance,Human,Protection,eitrigg,Artefact,https://eu.api.blizzard.com/profile/wow/character/eitrigg/shei/pvp-summary?namespace=profile-eu,https://eu.api.blizzard.com/profile/wow/character/eitrigg/shei/statistics?namespace=profile-eu,https://eu.api.blizzard.com/profile/wow/character/eitrigg/shei/mythic-keystone-profile?namespace=profile-eu,https://eu.api.blizzard.com/profile/wow/character/eitrigg/shei/equipment?namespace=profile-eu,the Chosen,https://eu.api.blizzard.com/profile/wow/character/eitrigg/shei/professions?namespace=profile-eu,Kyrian,21,https://eu.api.blizzard.com/profile/wow/character/eitrigg/shei/soulbinds?namespace=profile-eu
192045964,Дикобраазз,11815,214,Male,Alliance,Draenei,Protection,eversong,Банановый Трип,https://eu.api.blizzard.com/profile/wow/character/eversong/%D0%B4%D0%B8%D0%BA%D0%BE%D0%B1%D1%80%D0%B0%D0%B0%D0%B7%D0%B7/pvp-summary?namespace=profile-eu,https://eu.api.blizzard.com/profile/wow/character/eversong/%D0%B4%D0%B8%D0%BA%D0%BE%D0%B1%D1%80%D0%B0%D0%B0%D0%B7%D0%B7/statistics?namespace=profile-eu,https://eu.api.blizzard.com/profile/wow/character/eversong/%D0%B4%D0%B8%D0%BA%D0%BE%D0%B1%D1%80%D0%B0%D0%B0%D0%B7%D0%B7/mythic-keystone-profile?namespace=profile-eu,https://eu.api.blizzard.com/profile/wow/character/eversong/%D0%B4%D0%B8%D0%BA%D0%BE%D0%B1%D1%80%D0%B0%D0%B0%D0%B7%D0%B7/equipment?namespace=profile-eu,the Kingslayer,https://eu.api.blizzard.com/profile/wow/character/eversong/%D0%B4%D0%B8%D0%BA%D0%BE%D0%B1%D1%80%D0%B0%D0%B0%D0%B7%D0%B7/professions?namespace=profile-eu,Kyrian,26,https://eu.api.blizzard.com/profile/wow/character/eversong/%D0%B4%D0%B8%D0%BA%D0%BE%D0%B1%D1%80%D0%B0%D0%B0%D0%B7%D0%B7/soulbinds?namespace=profile-eu
193091808,Thaladriana,13370,209,Female,Alliance,Human,Protection,aegwynn,Nova,https://eu.api.blizzard.com/profile/wow/character/aegwynn/thaladriana/pvp-summary?namespace=profile-eu,https://eu.api.blizzard.com/profile/wow/character/aegwynn/thaladriana/statistics?namespace=profile-eu,https://eu.api.blizzard.com/profile/wow/character/aegwynn/thaladriana/mythic-keystone-profile?namespace=profile-eu,https://eu.api.blizzard.com/profile/wow/character/aegwynn/thaladriana/equipment?namespace=profile-eu,Spirestalker,https://eu.api.blizzard.com/profile/wow/character/aegwynn/thaladriana/professions?namespace=profile-eu,Kyrian,26,https://eu.api.blizzard.com/profile/wow/character/aegwynn/thaladriana/soulbinds?namespace=profile-eu
158006360,Erokan,21425,212,Male,Alliance,Dwarf,Protection,antonidas,Drunken Tavern Brawlers,https://eu.api.blizzard.com/profile/wow/character/antonidas/erokan/pvp-summary?namespace=profile-eu,https://eu.api.blizzard.com/profile/wow/character/antonidas/erokan/statistics?namespace=profile-eu,https://eu.api.blizzard.com/profile/wow/character/antonidas/erokan/mythic-keystone-profile?namespace=profile-eu,https://eu.api.blizzard.com/profile/wow/character/antonidas/erokan/equipment?namespace=profile-eu,the Proud,https://eu.api.blizzard.com/profile/wow/character/antonidas/erokan/professions?namespace=profile-eu,Kyrian,26,https://eu.api.blizzard.com/profile/wow/character/antonidas/erokan/soulbinds?namespace=profile-eu
246270802,Раскурашка,9655,215,Male,Alliance,Dark Iron Dwarf,Protection,gordunni,Эффект Доплера,https://eu.api.blizzard.com/profile/wow/character/gordunni/%D1%80%D0%B0%D1%81%D0%BA%D1%83%D1%80%D0%B0%D1%88%D0%BA%D0%B0/pvp-summary?namespace=profile-eu,https://eu.api.blizzard.com/profile/wow/character/gordunni/%D1%80%D0%B0%D1%81%D0%BA%D1%83%D1%80%D0%B0%D1%88%D0%BA%D0%B0/statistics?namespace=profile-eu,https://eu.api.blizzard.com/profile/wow/character/gordunni/%D1%80%D0%B0%D1%81%D0%BA%D1%83%D1%80%D0%B0%D1%88%D0%BA%D0%B0/mythic-keystone-profile?namespace=profile-eu,https://eu.api.blizzard.com/profile/wow/character/gordunni/%D1%80%D0%B0%D1%81%D0%BA%D1%83%D1%80%D0%B0%D1%88%D0%BA%D0%B0/equipment?namespace=profile-eu,Spirestalker,https://eu.api.blizzard.com/profile/wow/character/gordunni/%D1%80%D0%B0%D1%81%D0%BA%D1%83%D1%80%D0%B0%D1%88%D0%BA%D0%B0/professions?namespace=profile-eu,Kyrian,24,https://eu.api.blizzard.com/profile/wow/character/gordunni/%D1%80%D0%B0%D1%81%D0%BA%D1%83%D1%80%D0%B0%D1%88%D0%BA%D0%B0/soulbinds?namespace=profile-eu
189279294,Холиманьяк,9015,217,Male,Alliance,Human,Protection,gordunni,Станция Токсичных,https://eu.api.blizzard.com/profile/wow/character/gordunni/%D1%85%D0%BE%D0%BB%D0%B8%D0%BC%D0%B0%D0%BD%D1%8C%D1%8F%D0%BA/pvp-summary?namespace=profile-eu,https://eu.api.blizzard.com/profile/wow/character/gordunni/%D1%85%D0%BE%D0%BB%D0%B8%D0%BC%D0%B0%D0%BD%D1%8C%D1%8F%D0%BA/statistics?namespace=profile-eu,https://eu.api.blizzard.com/profile/wow/character/gordunni/%D1%85%D0%BE%D0%BB%D0%B8%D0%BC%D0%B0%D0%BD%D1%8C%D1%8F%D0%BA/mythic-keystone-profile?namespace=profile-eu,https://eu.api.blizzard.com/profile/wow/character/gordunni/%D1%85%D0%BE%D0%BB%D0%B8%D0%BC%D0%B0%D0%BD%D1%8C%D1%8F%D0%BA/equipment?namespace=profile-eu,the Fearless,https://eu.api.blizzard.com/profile/wow/character/gordunni/%D1%85%D0%BE%D0%BB%D0%B8%D0%BC%D0%B0%D0%BD%D1%8C%D1%8F%D0%BA/professions?namespace=profile-eu,Venthyr,25,https://eu.api.blizzard.com/profile/wow/character/gordunni/%D1%85%D0%BE%D0%BB%D0%B8%D0%BC%D0%B0%D0%BD%D1%8C%D1%8F%D0%BA/soulbinds?namespace=profile-eu
165294205,Холимелия,26905,217,Female,Alliance,Human,Protection,gordunni,Биогенезис,https://eu.api.blizzard.com/profile/wow/character/gordunni/%D1%85%D0%BE%D0%BB%D0%B8%D0%BC%D0%B5%D0%BB%D0%B8%D1%8F/pvp-summary?namespace=profile-eu,https://eu.api.blizzard.com/profile/wow/character/gordunni/%D1%85%D0%BE%D0%BB%D0%B8%D0%BC%D0%B5%D0%BB%D0%B8%D1%8F/statistics?namespace=profile-eu,https://eu.api.blizzard.com/profile/wow/character/gordunni/%D1%85%D0%BE%D0%BB%D0%B8%D0%BC%D0%B5%D0%BB%D0%B8%D1%8F/mythic-keystone-profile?namespace=profile-eu,https://eu.api.blizzard.com/profile/wow/character/gordunni/%D1%85%D0%BE%D0%BB%D0%B8%D0%BC%D0%B5%D0%BB%D0%B8%D1%8F/equipment?namespace=profile-eu,Conqueror of Ulduar,https://eu.api.blizzard.com/profile/wow/character/gordunni/%D1%85%D0%BE%D0%BB%D0%B8%D0%BC%D0%B5%D0%BB%D0%B8%D1%8F/professions?namespace=profile-eu,Kyrian,26,https://eu.api.blizzard.com/profile/wow/character/gordunni/%D1%85%D0%BE%D0%BB%D0%B8%D0%BC%D0%B5%D0%BB%D0%B8%D1%8F/soulbinds?namespace=profile-eu
185202259,Aritas,14040,214,Male,Alliance,Human,Protection,silvermoon,Jamboys,https://eu.api.blizzard.com/profile/wow/character/silvermoon/aritas/pvp-summary?namespace=profile-eu,https://eu.api.blizzard.com/profile/wow/character/silvermoon/aritas/statistics?namespace=profile-eu,https://eu.api.blizzard.com/profile/wow/character/silvermoon/aritas/mythic-keystone-profile?namespace=profile-eu,https://eu.api.blizzard.com/profile/wow/character/silvermoon/aritas/equipment?namespace=profile-eu,Highlord,https://eu.api.blizzard.com/profile/wow/character/silvermoon/aritas/professions?namespace=profile-eu,Kyrian,26,https://eu.api.blizzard.com/profile/wow/character/silvermoon/aritas/soulbinds?namespace=profile-eu
244259126,Хольлонар,7560,214,Male,Alliance,Dark Iron Dwarf,Protection,gordunni,Казус Бэлли,https://eu.api.blizzard.com/profile/wow/character/gordunni/%D1%85%D0%BE%D0%BB%D1%8C%D0%BB%D0%BE%D0%BD%D0%B0%D1%80/pvp-summary?namespace=profile-eu,https://eu.api.blizzard.com/profile/wow/character/gordunni/%D1%85%D0%BE%D0%BB%D1%8C%D0%BB%D0%BE%D0%BD%D0%B0%D1%80/statistics?namespace=profile-eu,https://eu.api.blizzard.com/profile/wow/character/gordunni/%D1%85%D0%BE%D0%BB%D1%8C%D0%BB%D0%BE%D0%BD%D0%B0%D1%80/mythic-keystone-profile?namespace=profile-eu,https://eu.api.blizzard.com/profile/wow/character/gordunni/%D1%85%D0%BE%D0%BB%D1%8C%D0%BB%D0%BE%D0%BD%D0%B0%D1%80/equipment?namespace=profile-eu,the Dreamer,https://eu.api.blizzard.com/profile/wow/character/gordunni/%D1%85%D0%BE%D0%BB%D1%8C%D0%BB%D0%BE%D0%BD%D0%B0%D1%80/professions?namespace=profile-eu,Kyrian,26,https://eu.api.blizzard.com/profile/wow/character/gordunni/%D1%85%D0%BE%D0%BB%D1%8C%D0%BB%D0%BE%D0%BD%D0%B0%D1%80/soulbinds?namespace=profile-eu
177514687,Grunnbeld,7595,214,Male,Alliance,Dwarf,Protection,dalaran,Les Potes à Modonte,https://eu.api.blizzard.com/profile/wow/character/dalaran/grunnbeld/pvp-summary?namespace=profile-eu,https://eu.api.blizzard.com/profile/wow/character/dalaran/grunnbeld/statistics?namespace=profile-eu,https://eu.api.blizzard.com/profile/wow/character/dalaran/grunnbeld/mythic-keystone-profile?namespace=profile-eu,https://eu.api.blizzard.com/profile/wow/character/dalaran/grunnbeld/equipment?namespace=profile-eu,Knight,https://eu.api.blizzard.com/profile/wow/character/dalaran/grunnbeld/professions?namespace=profile-eu,Kyrian,26,https://eu.api.blizzard.com/profile/wow/character/dalaran/grunnbeld/soulbinds?namespace=profile-eu
141445649,Adrianie,32065,214,Female,Alliance,Lightforged Draenei,Protection,ysera,Madness,https://eu.api.blizzard.com/profile/wow/character/ysera/adrianie/pvp-summary?namespace=profile-eu,https://eu.api.blizzard.com/profile/wow/character/ysera/adrianie/statistics?namespace=profile-eu,https://eu.api.blizzard.com/profile/wow/character/ysera/adrianie/mythic-keystone-profile?namespace=profile-eu,https://eu.api.blizzard.com/profile/wow/character/ysera/adrianie/equipment?namespace=profile-eu,the Proud,https://eu.api.blizzard.com/profile/wow/character/ysera/adrianie/professions?namespace=profile-eu,Kyrian,26,https://eu.api.blizzard.com/profile/wow/character/ysera/adrianie/soulbinds?namespace=profile-eu
191840232,Nakui,3365,222,Female,Alliance,Human,Protection,aegwynn,Undepleted,https://eu.api.blizzard.com/profile/wow/character/aegwynn/nakui/pvp-summary?namespace=profile-eu,https://eu.api.blizzard.com/profile/wow/character/aegwynn/nakui/statistics?namespace=profile-eu,https://eu.api.blizzard.com/profile/wow/character/aegwynn/nakui/mythic-keystone-profile?namespace=profile-eu,https://eu.api.blizzard.com/profile/wow/character/aegwynn/nakui/equipment?namespace=profile-eu,Warmongering Gladiator,https://eu.api.blizzard.com/profile/wow/character/aegwynn/nakui/professions?namespace=profile-eu,Kyrian,26,https://eu.api.blizzard.com/profile/wow/character/aegwynn/nakui/soulbinds?namespace=profile-eu
166079251,Steks,22900,218,Male,Alliance,Human,Protection,blades-edge,Explicit,https://eu.api.blizzard.com/profile/wow/character/blades-edge/steks/pvp-summary?namespace=profile-eu,https://eu.api.blizzard.com/profile/wow/character/blades-edge/steks/statistics?namespace=profile-eu,https://eu.api.blizzard.com/profile/wow/character/blades-edge/steks/mythic-keystone-profile?namespace=profile-eu,https://eu.api.blizzard.com/profile/wow/character/blades-edge/steks/equipment?namespace=profile-eu,the Insane,https://eu.api.blizzard.com/profile/wow/character/blades-edge/steks/professions?namespace=profile-eu,Kyrian,26,https://eu.api.blizzard.com/profile/wow/character/blades-edge/steks/soulbinds?namespace=profile-eu
202503394,Брескето,16045,210,Male,Alliance,Human,Protection,gordunni,Мау Ве,https://eu.api.blizzard.com/profile/wow/character/gordunni/%D0%B1%D1%80%D0%B5%D1%81%D0%BA%D0%B5%D1%82%D0%BE/pvp-summary?namespace=profile-eu,https://eu.api.blizzard.com/profile/wow/character/gordunni/%D0%B1%D1%80%D0%B5%D1%81%D0%BA%D0%B5%D1%82%D0%BE/statistics?namespace=profile-eu,https://eu.api.blizzard.com/profile/wow/character/gordunni/%D0%B1%D1%80%D0%B5%D1%81%D0%BA%D0%B5%D1%82%D0%BE/mythic-keystone-profile?namespace=profile-eu,https://eu.api.blizzard.com/profile/wow/character/gordunni/%D0%B1%D1%80%D0%B5%D1%81%D0%BA%D0%B5%D1%82%D0%BE/equipment?namespace=profile-eu,the Proud,https://eu.api.blizzard.com/profile/wow/character/gordunni/%D0%B1%D1%80%D0%B5%D1%81%D0%BA%D0%B5%D1%82%D0%BE/professions?namespace=profile-eu,Venthyr,26,https://eu.api.blizzard.com/profile/wow/character/gordunni/%D0%B1%D1%80%D0%B5%D1%81%D0%BA%D0%B5%D1%82%D0%BE/soulbinds?namespace=profile-eu
244844901,Танкохилодпс,3985,217,Female,Alliance,Lightforged Draenei,Protection,borean-tundra,Олдскульные коты,https://eu.api.blizzard.com/profile/wow/character/borean-tundra/%D1%82%D0%B0%D0%BD%D0%BA%D0%BE%D1%85%D0%B8%D0%BB%D0%BE%D0%B4%D0%BF%D1%81/pvp-summary?namespace=profile-eu,https://eu.api.blizzard.com/profile/wow/character/borean-tundra/%D1%82%D0%B0%D0%BD%D0%BA%D0%BE%D1%85%D0%B8%D0%BB%D0%BE%D0%B4%D0%BF%D1%81/statistics?namespace=profile-eu,https://eu.api.blizzard.com/profile/wow/character/borean-tundra/%D1%82%D0%B0%D0%BD%D0%BA%D0%BE%D1%85%D0%B8%D0%BB%D0%BE%D0%B4%D0%BF%D1%81/mythic-keystone-profile?namespace=profile-eu,https://eu.api.blizzard.com/profile/wow/character/borean-tundra/%D1%82%D0%B0%D0%BD%D0%BA%D0%BE%D1%85%D0%B8%D0%BB%D0%BE%D0%B4%D0%BF%D1%81/equipment?namespace=profile-eu,the Patient,https://eu.api.blizzard.com/profile/wow/character/borean-tundra/%D1%82%D0%B0%D0%BD%D0%BA%D0%BE%D1%85%D0%B8%D0%BB%D0%BE%D0%B4%D0%BF%D1%81/professions?namespace=profile-eu,Kyrian,20,https://eu.api.blizzard.com/profile/wow/character/borean-tundra/%D1%82%D0%B0%D0%BD%D0%BA%D0%BE%D1%85%D0%B8%D0%BB%D0%BE%D0%B4%D0%BF%D1%81/soulbinds?namespace=profile-eu
192498688,Эндоул,6140,215,Male,Alliance,Human,Protection,gordunni,Клевер,https://eu.api.blizzard.com/profile/wow/character/gordunni/%D1%8D%D0%BD%D0%B4%D0%BE%D1%83%D0%BB/pvp-summary?namespace=profile-eu,https://eu.api.blizzard.com/profile/wow/character/gordunni/%D1%8D%D0%BD%D0%B4%D0%BE%D1%83%D0%BB/statistics?namespace=profile-eu,https://eu.api.blizzard.com/profile/wow/character/gordunni/%D1%8D%D0%BD%D0%B4%D0%BE%D1%83%D0%BB/mythic-keystone-profile?namespace=profile-eu,https://eu.api.blizzard.com/profile/wow/character/gordunni/%D1%8D%D0%BD%D0%B4%D0%BE%D1%83%D0%BB/equipment?namespace=profile-eu,Defiler's End,https://eu.api.blizzard.com/profile/wow/character/gordunni/%D1%8D%D0%BD%D0%B4%D0%BE%D1%83%D0%BB/professions?namespace=profile-eu,Kyrian,26,https://eu.api.blizzard.com/profile/wow/character/gordunni/%D1%8D%D0%BD%D0%B4%D0%BE%D1%83%D0%BB/soulbinds?namespace=profile-eu
