character.id,character.name,character.realm.slug,honor_level,honorable_kills,Eye of the Storm win_rate,Twin Peaks win_rate,Silvershard Mines win_rate,The Battle for Gilneas win_rate,Rated Eye of the Storm win_rate,Temple of Kotmogu win_rate,Seething Shore win_rate,Warsong Gulch win_rate,Arathi Basin win_rate,Deepwind Gorge win_rate,Eye of the Storm played,Twin Peaks played,Silvershard Mines played,The Battle for Gilneas played,Rated Eye of the Storm played,Temple of Kotmogu played,Seething Shore played,Warsong Gulch played,Arathi Basin played,Deepwind Gorge played,Eye of the Storm won,Twin Peaks won,Silvershard Mines won,The Battle for Gilneas won,Rated Eye of the Storm won,Temple of Kotmogu won,Seething Shore won,Warsong Gulch won,Arathi Basin won,Deepwind Gorge won,Alterac Valley win_rate,Classic Warsong Gulch win_rate,Classic Arathi Basin win_rate,Strand of the Ancients win_rate,Isle of Conquest win_rate,Deepwind Gorge (Legacy) win_rate,Ashran win_rate,Alterac Valley played,Classic Warsong Gulch played,Classic Arathi Basin played,Strand of the Ancients played,Isle of Conquest played,Deepwind Gorge (Legacy) played,Ashran played,Alterac Valley won,Classic Warsong Gulch won,Classic Arathi Basin won,Strand of the Ancients won,Isle of Conquest won,Deepwind Gorge (Legacy) won,Ashran won,Arathi Basin Comp Stomp win_rate,Arathi Basin Comp Stomp played,Arathi Basin Comp Stomp won,Battle for Wintergrasp win_rate,Battle for Wintergrasp played,Battle for Wintergrasp won,Korrak's Revenge win_rate,Korrak's Revenge played,Korrak's Revenge won,Arathi Basin Winter win_rate,Arathi Basin Winter played,Arathi Basin Winter won,Southshore vs. Tarren Mill win_rate,Southshore vs. Tarren Mill played,Southshore vs. Tarren Mill won,Cooking: Impossible win_rate,Cooking: Impossible played,Cooking: Impossible won
194386574,Bigclock,outland,43.0,1749.0,80.0,17.0,55.0,100.0,57.0,50.0,71.0,50.0,80.0,88.0,5.0,6.0,11.0,6.0,7.0,6.0,7.0,10.0,10.0,8.0,4.0,1.0,6.0,6.0,4.0,3.0,5.0,5.0,8.0,7.0,,,,,,,,,,,,,,,,,,,,,,,,,,,,,,,,,,,,,,,
164701935,Avíréx,blackrock,5.0,54.0,,0.0,,100.0,,,,,,,,1.0,,1.0,,,,,,,,0.0,,1.0,,,,,,,,,,,,,,,,,,,,,,,,,,,,,,,,,,,,,,,,,,,,,
111017100,Vyneira,zirkel-des-cenarius,42.0,496.0,,100.0,50.0,,,40.0,100.0,100.0,100.0,,,1.0,2.0,,,5.0,1.0,2.0,1.0,,,1.0,1.0,,,2.0,1.0,2.0,1.0,,,,,,,,,,,,,,,,,,,,,,,,,,,,,,,,,,,,,,,,
85396355,Tyranu,frostwolf,3.0,3749.0,100.0,50.0,33.0,70.0,,50.0,,,100.0,25.0,2.0,8.0,3.0,10.0,,6.0,,,1.0,4.0,2.0,4.0,1.0,7.0,,3.0,,,1.0,1.0,46.0,17.0,60.0,86.0,17.0,44.0,100.0,13.0,6.0,10.0,7.0,18.0,9.0,1.0,6.0,1.0,6.0,6.0,3.0,4.0,1.0,,,,,,,,,,,,,,,,,,
165507222,Thyrann,blackmoore,29.0,21290.0,54.0,59.0,47.0,24.0,,73.0,,0.0,,,35.0,29.0,17.0,17.0,,22.0,,1.0,,,19.0,17.0,8.0,4.0,,16.0,,0.0,,,68.0,60.0,53.0,45.0,71.0,50.0,,38.0,110.0,59.0,29.0,17.0,8.0,,26.0,66.0,31.0,13.0,12.0,4.0,,100.0,13.0,13.0,,,,,,,,,,,,,,,
162775094,Snude,azshara,13.0,34650.0,54.0,27.0,50.0,50.0,,54.0,60.0,0.0,100.0,100.0,101.0,11.0,10.0,6.0,,13.0,5.0,2.0,2.0,1.0,55.0,3.0,5.0,3.0,,7.0,3.0,0.0,2.0,1.0,49.0,56.0,64.0,50.0,38.0,33.0,,71.0,106.0,87.0,109.0,40.0,6.0,,35.0,59.0,56.0,54.0,15.0,2.0,,100.0,1.0,1.0,67.0,3.0,2.0,,,,,,,,,,,,
164826119,Muhbringer,blackrock,5.0,13071.0,61.0,46.0,75.0,43.0,,33.0,0.0,,0.0,100.0,31.0,13.0,4.0,14.0,,3.0,1.0,,2.0,1.0,19.0,6.0,3.0,6.0,,1.0,0.0,,0.0,1.0,62.0,70.0,68.0,55.0,80.0,67.0,67.0,37.0,82.0,37.0,33.0,15.0,3.0,3.0,23.0,57.0,25.0,18.0,12.0,2.0,2.0,,,,0.0,1.0,0.0,,,,,,,,,,,,
84566364,Sariwa,blackhand,45.0,20242.0,48.0,65.0,52.0,42.0,,50.0,100.0,0.0,50.0,0.0,40.0,26.0,31.0,26.0,,12.0,2.0,2.0,2.0,1.0,19.0,17.0,16.0,11.0,,6.0,2.0,0.0,1.0,0.0,30.0,60.0,54.0,62.0,18.0,56.0,,37.0,45.0,37.0,32.0,22.0,16.0,,11.0,27.0,20.0,20.0,4.0,9.0,,100.0,22.0,22.0,43.0,7.0,3.0,,,,,,,,,,,,
44926816,Peragorn,arthas,12.0,27269.0,45.0,49.0,55.0,49.0,,45.0,50.0,,,,42.0,90.0,121.0,93.0,,114.0,4.0,,,,19.0,44.0,67.0,46.0,,51.0,2.0,,,,64.0,59.0,56.0,44.0,62.0,60.0,,67.0,106.0,116.0,45.0,16.0,43.0,,43.0,63.0,65.0,20.0,10.0,26.0,,,,,50.0,2.0,1.0,0.0,2.0,0.0,,,,,,,,,
120373370,Groobaz,burning-legion,25.0,29635.0,66.0,50.0,50.0,53.0,,44.0,,,100.0,,79.0,16.0,6.0,19.0,,9.0,,,1.0,,52.0,8.0,3.0,10.0,,4.0,,,1.0,,46.0,66.0,62.0,50.0,61.0,40.0,,72.0,77.0,90.0,80.0,31.0,5.0,,33.0,51.0,56.0,40.0,19.0,2.0,,,,,67.0,3.0,2.0,,,,,,,,,,,,
155465560,Kekwpala,tirion,26.0,2680.0,50.0,43.0,38.0,33.0,67.0,71.0,33.0,75.0,62.0,17.0,2.0,7.0,8.0,6.0,3.0,7.0,3.0,4.0,8.0,6.0,1.0,3.0,3.0,2.0,2.0,5.0,1.0,3.0,5.0,1.0,100.0,,,,60.0,,75.0,2.0,,,,5.0,,4.0,2.0,,,,3.0,,3.0,,,,0.0,3.0,0.0,,,,,,,,,,,,
154156029,Saluai,ravencrest,10.0,1344.0,20.0,50.0,50.0,33.0,,67.0,,,,,5.0,2.0,4.0,3.0,,3.0,,,,,1.0,1.0,2.0,1.0,,2.0,,,,,75.0,0.0,33.0,0.0,100.0,33.0,,4.0,3.0,3.0,2.0,1.0,3.0,,3.0,0.0,1.0,0.0,1.0,1.0,,,,,,,,,,,,,,,,,,,
154395030,Tayluh,silvermoon,10.0,456.0,67.0,,0.0,100.0,,,,,,100.0,3.0,,1.0,1.0,,,,,,1.0,2.0,,0.0,1.0,,,,,,1.0,,,,,,,,,,,,,,,,,,,,,,,,,,,,,,,,,,,,,,,
166734171,Zelaeya,blackmoore,14.0,32.0,,,,,,100.0,,,,,,,,,,1.0,,,,,,,,,,1.0,,,,,,,,,,,,,,,,,,,,,,,,,,,,,,,,,,,,,,,,,,,
181393909,Darkfellix,aggra-português,53.0,8642.0,39.0,38.0,35.0,35.0,83.0,42.0,68.0,44.0,45.0,41.0,23.0,24.0,26.0,20.0,6.0,26.0,19.0,43.0,33.0,32.0,9.0,9.0,9.0,7.0,5.0,11.0,13.0,19.0,15.0,13.0,71.0,,,,78.0,0.0,,7.0,,,,9.0,2.0,,5.0,,,,7.0,0.0,,100.0,10.0,10.0,50.0,4.0,2.0,,,,0.0,1.0,0.0,,,,,,
148169893,Yesyesyes,arthas,5.0,190.0,,,,0.0,,,,,0.0,100.0,,,,1.0,,,,,1.0,1.0,,,,0.0,,,,,0.0,1.0,,,,,,,,,,,,,,,,,,,,,,,,,,,,,,,,,,,,,,,
123988351,Erikson,alexstrasza,20.0,4113.0,50.0,54.0,67.0,43.0,,25.0,,,,,4.0,13.0,6.0,7.0,,12.0,,,,,2.0,7.0,4.0,3.0,,3.0,,,,,50.0,60.0,33.0,40.0,50.0,33.0,,16.0,10.0,3.0,10.0,8.0,3.0,,8.0,6.0,1.0,4.0,4.0,1.0,,,,,,,,,,,,,,,,,,,
150700960,Donvictus,silvermoon,59.0,24785.0,68.0,73.0,70.0,66.0,,69.0,65.0,62.0,46.0,64.0,40.0,41.0,46.0,29.0,,39.0,31.0,45.0,96.0,44.0,27.0,30.0,32.0,19.0,,27.0,20.0,28.0,44.0,28.0,73.0,38.0,,0.0,33.0,75.0,,11.0,8.0,,5.0,3.0,8.0,,8.0,3.0,,0.0,1.0,6.0,,100.0,5.0,5.0,75.0,4.0,3.0,,,,,,,,,,,,
140826339,Luthers,pozzo-delleternità,127.0,5901.0,100.0,33.0,53.0,62.0,,58.0,0.0,100.0,,,5.0,9.0,15.0,8.0,,19.0,3.0,1.0,,,5.0,3.0,8.0,5.0,,11.0,0.0,1.0,,,40.0,44.0,60.0,50.0,61.0,88.0,,15.0,9.0,5.0,4.0,28.0,8.0,,6.0,4.0,3.0,2.0,17.0,7.0,,,,,33.0,6.0,2.0,0.0,1.0,0.0,,,,,,,,,
134795825,Ashanea,arthas,294.0,4936.0,100.0,67.0,62.0,75.0,50.0,50.0,75.0,0.0,0.0,100.0,3.0,6.0,8.0,4.0,2.0,14.0,4.0,2.0,2.0,2.0,3.0,4.0,5.0,3.0,1.0,7.0,3.0,0.0,0.0,2.0,43.0,0.0,0.0,,25.0,67.0,50.0,7.0,2.0,1.0,,8.0,3.0,2.0,3.0,0.0,0.0,,2.0,2.0,1.0,100.0,4.0,4.0,60.0,5.0,3.0,,,,,,,,,,,,
176395591,Xalgar,ragnaros,25.0,1303.0,80.0,50.0,67.0,100.0,,100.0,33.0,67.0,67.0,100.0,5.0,2.0,3.0,1.0,,4.0,3.0,3.0,3.0,2.0,4.0,1.0,2.0,1.0,,4.0,1.0,2.0,2.0,2.0,,,,,,,,,,,,,,,,,,,,,,,,,100.0,1.0,1.0,,,,,,,,,,,,
146437861,Majtipapusza,the-maelstrom,136.0,22170.0,61.0,57.0,68.0,54.0,,73.0,73.0,43.0,90.0,100.0,18.0,23.0,28.0,26.0,,33.0,11.0,7.0,10.0,4.0,11.0,13.0,19.0,14.0,,24.0,8.0,3.0,9.0,4.0,67.0,43.0,62.0,71.0,72.0,69.0,50.0,21.0,23.0,21.0,7.0,18.0,26.0,2.0,14.0,10.0,13.0,5.0,13.0,18.0,1.0,,,,40.0,5.0,2.0,,,,100.0,1.0,1.0,,,,,,
217470555,Rezta,sylvanas,23.0,5237.0,67.0,36.0,67.0,33.0,,56.0,50.0,50.0,40.0,44.0,9.0,11.0,18.0,9.0,,16.0,8.0,8.0,10.0,9.0,6.0,4.0,12.0,3.0,,9.0,4.0,4.0,4.0,4.0,50.0,75.0,60.0,75.0,62.0,60.0,50.0,4.0,4.0,5.0,4.0,8.0,5.0,2.0,2.0,3.0,3.0,3.0,5.0,3.0,1.0,,,,100.0,2.0,2.0,,,,33.0,3.0,1.0,,,,,,
247013395,Kavladin,sylvanas,17.0,560.0,75.0,0.0,100.0,,,100.0,,0.0,75.0,50.0,4.0,2.0,1.0,,,1.0,,1.0,4.0,2.0,3.0,0.0,1.0,,,1.0,,0.0,3.0,1.0,,,,,,,,,,,,,,,,,,,,,,,,,,,,,,,,,,,,,,,
159709105,Numenor,lothar,6.0,758.0,,,,,,0.0,,,,100.0,,,,,,1.0,,,,3.0,,,,,,0.0,,,,3.0,,,,,100.0,,,,,,,2.0,,,,,,,2.0,,,,,,50.0,2.0,1.0,,,,,,,,,,,,
194658674,Blipptastic,grim-batol,10.0,10879.0,61.0,41.0,57.0,52.0,,47.0,100.0,50.0,0.0,,33.0,22.0,14.0,33.0,,15.0,1.0,2.0,1.0,,20.0,9.0,8.0,17.0,,7.0,1.0,1.0,0.0,,65.0,27.0,42.0,61.0,38.0,58.0,100.0,49.0,26.0,26.0,28.0,21.0,19.0,1.0,32.0,7.0,11.0,17.0,8.0,11.0,1.0,,,,0.0,1.0,0.0,,,,,,,,,,,,
72227975,Latchman,antonidas,14.0,7357.0,36.0,25.0,50.0,25.0,,67.0,100.0,60.0,67.0,38.0,11.0,12.0,22.0,20.0,,12.0,7.0,5.0,6.0,8.0,4.0,3.0,11.0,5.0,,8.0,7.0,3.0,4.0,3.0,67.0,43.0,22.0,40.0,42.0,36.0,18.0,21.0,14.0,9.0,5.0,12.0,11.0,11.0,14.0,6.0,2.0,2.0,5.0,4.0,2.0,,,,64.0,11.0,7.0,,,,,,,,,,,,
156374158,Julézz,tirion,39.0,10923.0,15.0,33.0,60.0,20.0,,48.0,46.0,0.0,0.0,,13.0,12.0,42.0,5.0,,33.0,13.0,2.0,2.0,,2.0,4.0,25.0,1.0,,16.0,6.0,0.0,0.0,,53.0,50.0,62.0,50.0,26.0,58.0,0.0,55.0,4.0,8.0,2.0,31.0,12.0,4.0,29.0,2.0,5.0,1.0,8.0,7.0,0.0,,,,,,,4.0,23.0,1.0,50.0,2.0,1.0,,,,,,
159145308,Lanthariel,culte-de-la-rive-noire,2.0,361.0,,100.0,0.0,,,100.0,100.0,,,100.0,,1.0,1.0,,,2.0,1.0,,,1.0,,1.0,0.0,,,2.0,1.0,,,1.0,,,,,,,,,,,,,,,,,,,,,,,,,,,,,,,,,,,,,,,
194739259,Snutzler,aegwynn,5.0,2029.0,75.0,0.0,75.0,50.0,,50.0,60.0,50.0,67.0,75.0,4.0,1.0,4.0,2.0,,6.0,5.0,2.0,3.0,4.0,3.0,0.0,3.0,1.0,,3.0,3.0,1.0,2.0,3.0,100.0,,,,50.0,100.0,,1.0,,,,2.0,1.0,,1.0,,,,1.0,1.0,,,,,100.0,1.0,1.0,,,,,,,0.0,1.0,0.0,,,
94693709,Knuddel,kelthuzad,27.0,16654.0,59.0,53.0,74.0,55.0,,50.0,,,,,22.0,34.0,19.0,29.0,,18.0,,,,,13.0,18.0,14.0,16.0,,9.0,,,,,61.0,60.0,68.0,52.0,61.0,73.0,,41.0,67.0,53.0,31.0,23.0,11.0,,25.0,40.0,36.0,16.0,14.0,8.0,,,,,,,,0.0,2.0,0.0,,,,,,,,,
158078035,Palduin,arthas,8.0,386.0,,,,,,,,,,,,,,,,,,,,,,,,,,,,,,,0.0,,,,20.0,,,2.0,,,,5.0,,,0.0,,,,1.0,,,,,,100.0,1.0,1.0,,,,,,,,,,,,
157409587,Taeriah,antonidas,12.0,6387.0,33.0,86.0,33.0,75.0,,33.0,0.0,,,,9.0,7.0,3.0,4.0,,6.0,1.0,,,,3.0,6.0,1.0,3.0,,2.0,0.0,,,,59.0,68.0,64.0,64.0,50.0,100.0,100.0,17.0,25.0,11.0,11.0,8.0,1.0,1.0,10.0,17.0,7.0,7.0,4.0,1.0,1.0,100.0,1.0,1.0,50.0,2.0,1.0,,,,,,,,,,,,
108691028,Fipsy,ragnaros,15.0,178.0,,0.0,,,,,,,,,,1.0,,,,,,,,,,0.0,,,,,,,,,,100.0,,,,,,,1.0,,,,,,,1.0,,,,,,,,,,,,,,,,,,,,,,,
176897232,Aurivia,burning-legion,9.0,196.0,100.0,,0.0,,,,,,,,1.0,,2.0,,,,,,,,1.0,,0.0,,,,,,,,0.0,,,,0.0,,,1.0,,,,1.0,,,0.0,,,,0.0,,,,,,,,,,,,,,,,,,,,
166731995,Qjiun,arthas,4.0,771.0,100.0,25.0,67.0,0.0,,,100.0,,100.0,,1.0,4.0,3.0,1.0,,,1.0,,2.0,,1.0,1.0,2.0,0.0,,,1.0,,2.0,,,,,,0.0,,,,,,,1.0,,,,,,,0.0,,,,,,33.0,3.0,1.0,,,,,,,,,,,,
157740157,Selesia,blackhand,9.0,30203.0,64.0,72.0,67.0,61.0,3400.0,78.0,67.0,100.0,100.0,50.0,69.0,47.0,6.0,51.0,1.0,9.0,3.0,2.0,2.0,2.0,44.0,34.0,4.0,31.0,34.0,7.0,2.0,2.0,2.0,1.0,69.0,67.0,61.0,61.0,68.0,0.0,,45.0,101.0,88.0,71.0,37.0,1.0,,31.0,68.0,54.0,43.0,25.0,0.0,,,,,50.0,2.0,1.0,,,,,,,,,,,,
140327879,Freyall,arthas,29.0,226.0,,0.0,100.0,100.0,,,50.0,,,,,1.0,1.0,1.0,,,2.0,,,,,0.0,1.0,1.0,,,1.0,,,,,,,,,,,,,,,,,,,,,,,,,,,,,,,0.0,1.0,0.0,,,,,,,,,
91002580,Kumpelblasen,frostwolf,5.0,1333.0,,50.0,0.0,33.0,,100.0,,,,,,2.0,2.0,3.0,,1.0,,,,,,1.0,0.0,1.0,,1.0,,,,,100.0,0.0,50.0,0.0,,100.0,,1.0,1.0,2.0,1.0,,1.0,,1.0,0.0,1.0,0.0,,1.0,,,,,0.0,2.0,0.0,57.0,7.0,4.0,100.0,1.0,1.0,,,,,,
94961101,Medu,wrathbringer,75.0,28057.0,53.0,44.0,69.0,69.0,2200.0,56.0,67.0,33.0,38.0,29.0,51.0,16.0,13.0,13.0,1.0,18.0,15.0,12.0,8.0,7.0,27.0,7.0,9.0,9.0,22.0,10.0,10.0,4.0,3.0,2.0,38.0,72.0,62.0,59.0,41.0,80.0,50.0,56.0,36.0,37.0,37.0,34.0,5.0,2.0,21.0,26.0,23.0,22.0,14.0,4.0,1.0,,,,38.0,16.0,6.0,60.0,5.0,3.0,0.0,1.0,0.0,,,,,,
157584187,Celara,rexxar,23.0,727.0,0.0,100.0,0.0,100.0,,67.0,33.0,,100.0,,1.0,1.0,1.0,1.0,,3.0,3.0,,1.0,,0.0,1.0,0.0,1.0,,2.0,1.0,,1.0,,,,,,100.0,,,,,,,1.0,,,,,,,1.0,,,,,,0.0,1.0,0.0,,,,,,,,,,,,
114426776,Krowen,blackhand,8.0,156.0,0.0,,0.0,,,,,,,,1.0,,1.0,,,,,,,,0.0,,0.0,,,,,,,,,,,,,,100.0,,,,,,,1.0,,,,,,,1.0,,,,,,,,,,,,,,,,,,
87936936,Kadelris,draenor,26.0,4753.0,40.0,57.0,50.0,50.0,,54.0,80.0,33.0,75.0,,5.0,7.0,8.0,8.0,,13.0,5.0,3.0,4.0,,2.0,4.0,4.0,4.0,,7.0,4.0,1.0,3.0,,50.0,43.0,25.0,100.0,14.0,0.0,0.0,16.0,7.0,4.0,2.0,7.0,3.0,2.0,8.0,3.0,1.0,2.0,1.0,0.0,0.0,100.0,15.0,15.0,83.0,6.0,5.0,,,,,,,,,,,,
155123012,Häny,tirion,19.0,10395.0,65.0,44.0,,45.0,,,,,,,23.0,18.0,,20.0,,,,,,,15.0,8.0,,9.0,,,,,,,73.0,55.0,48.0,59.0,60.0,,,59.0,113.0,79.0,17.0,10.0,,,43.0,62.0,38.0,10.0,6.0,,,,,,,,,,,,,,,,,,,,
154525486,Mectiv,arthas,13.0,3956.0,0.0,,50.0,50.0,,33.0,0.0,67.0,100.0,0.0,2.0,,2.0,4.0,,3.0,1.0,3.0,1.0,2.0,0.0,,1.0,2.0,,1.0,0.0,2.0,1.0,0.0,100.0,,,,,,33.0,2.0,,,,,,3.0,2.0,,,,,,1.0,,,,50.0,2.0,1.0,33.0,6.0,2.0,,,,,,,,,
76173648,Ròx,veklor,11.0,1863.0,100.0,33.0,50.0,80.0,,60.0,50.0,50.0,,100.0,2.0,3.0,4.0,5.0,,5.0,2.0,2.0,,1.0,2.0,1.0,2.0,4.0,,3.0,1.0,1.0,,1.0,60.0,60.0,100.0,100.0,33.0,,,5.0,5.0,2.0,2.0,3.0,,,3.0,3.0,2.0,2.0,1.0,,,100.0,1.0,1.0,67.0,3.0,2.0,100.0,1.0,1.0,0.0,2.0,0.0,,,,,,
110406274,Noisette,arthas,8.0,1891.0,20.0,0.0,,20.0,,25.0,,50.0,0.0,,5.0,3.0,,5.0,,4.0,,2.0,1.0,,1.0,0.0,,1.0,,1.0,,1.0,0.0,,33.0,100.0,50.0,33.0,79.0,50.0,,6.0,1.0,2.0,6.0,14.0,4.0,,2.0,1.0,1.0,2.0,11.0,2.0,,,,,100.0,1.0,1.0,,,,,,,,,,,,
189585324,Егорметеорус,gordunni,19.0,1466.0,100.0,,50.0,0.0,,0.0,100.0,100.0,33.0,100.0,1.0,,2.0,1.0,,1.0,2.0,1.0,3.0,1.0,1.0,,1.0,0.0,,0.0,2.0,1.0,1.0,1.0,,,,,100.0,0.0,,,,,,1.0,2.0,,,,,,1.0,0.0,,,,,100.0,1.0,1.0,,,,,,,,,,,,
133368774,Qunaii,defias-brotherhood,29.0,1882.0,80.0,100.0,0.0,25.0,50.0,,0.0,50.0,50.0,60.0,5.0,1.0,1.0,4.0,2.0,,1.0,4.0,2.0,5.0,4.0,1.0,0.0,1.0,1.0,,0.0,2.0,1.0,3.0,50.0,,,,25.0,,,6.0,,,,4.0,,,3.0,,,,1.0,,,,,,,,,0.0,6.0,0.0,0.0,1.0,0.0,,,,,,
160353447,Madefence,doomhammer,10.0,2173.0,100.0,75.0,67.0,50.0,,80.0,100.0,17.0,75.0,100.0,3.0,4.0,3.0,6.0,,5.0,3.0,6.0,4.0,2.0,3.0,3.0,2.0,3.0,,4.0,3.0,1.0,3.0,2.0,100.0,,,,0.0,,50.0,2.0,,,,2.0,,2.0,2.0,,,,0.0,,1.0,,,,50.0,2.0,1.0,100.0,2.0,2.0,100.0,1.0,1.0,,,,,,
153959746,Oink,antonidas,16.0,99.0,,100.0,,100.0,,,,,,0.0,,1.0,,1.0,,,,,,1.0,,1.0,,1.0,,,,,,0.0,,,,,,,,,,,,,,,,,,,,,,,,,,,,,,,,,,,,,,,
185599669,Holydang,kazzak,67.0,162.0,,100.0,0.0,,,100.0,,,,,,1.0,1.0,,,1.0,,,,,,1.0,0.0,,,1.0,,,,,,,,,,,,,,,,,,,,,,,,,,,,,100.0,1.0,1.0,,,,,,,,,,,,
175091275,Läthgërtha,dun-modr,44.0,3760.0,50.0,62.0,80.0,58.0,56.0,40.0,62.0,59.0,43.0,67.0,4.0,16.0,10.0,19.0,9.0,10.0,16.0,17.0,14.0,27.0,2.0,10.0,8.0,11.0,5.0,4.0,10.0,10.0,6.0,18.0,0.0,,,,40.0,,0.0,2.0,,,,5.0,,2.0,0.0,,,,2.0,,0.0,,,,33.0,3.0,1.0,,,,,,,,,,0.0,1.0,0.0
96768294,Vasilipupkin,antonidas,122.0,141705.0,53.0,56.0,52.0,53.0,3225.0,63.0,77.0,19.0,50.0,50.0,300.0,209.0,132.0,202.0,4.0,144.0,13.0,16.0,4.0,2.0,160.0,117.0,68.0,107.0,129.0,91.0,10.0,3.0,2.0,1.0,62.0,57.0,55.0,55.0,60.0,51.0,,271.0,512.0,477.0,211.0,121.0,89.0,,168.0,294.0,263.0,116.0,73.0,45.0,,100.0,10.0,10.0,33.0,6.0,2.0,0.0,2.0,0.0,33.0,3.0,1.0,,,,,,
164152236,Dynamic,aszune,11.0,1144.0,100.0,,50.0,,,100.0,,100.0,,,1.0,,2.0,,,2.0,,1.0,,,1.0,,1.0,,,2.0,,1.0,,,,,,,100.0,,67.0,,,,,2.0,,3.0,,,,,2.0,,2.0,,,,50.0,2.0,1.0,,,,100.0,1.0,1.0,,,,,,
39219785,Lûzífêr,blackrock,4.0,24502.0,80.0,68.0,82.0,76.0,,75.0,67.0,0.0,0.0,,54.0,28.0,17.0,38.0,,12.0,3.0,1.0,1.0,,43.0,19.0,14.0,29.0,,9.0,2.0,0.0,0.0,,56.0,71.0,68.0,67.0,61.0,75.0,,99.0,84.0,69.0,54.0,33.0,8.0,,55.0,60.0,47.0,36.0,20.0,6.0,,,,,100.0,2.0,2.0,,,,,,,,,,,,
163405904,Fløy,draenor,8.0,149.0,50.0,,,,,,0.0,0.0,,100.0,2.0,,,,,,1.0,1.0,,1.0,1.0,,,,,,0.0,0.0,,1.0,,,,,,,,,,,,,,,,,,,,,,,,,,,,,,,,,,,,,,,
70787323,Taktik,arthas,19.0,8790.0,67.0,50.0,27.0,75.0,,43.0,33.0,100.0,100.0,,9.0,14.0,15.0,12.0,,7.0,6.0,2.0,2.0,,6.0,7.0,4.0,9.0,,3.0,2.0,2.0,2.0,,50.0,53.0,80.0,38.0,56.0,22.0,60.0,20.0,15.0,5.0,8.0,9.0,9.0,5.0,10.0,8.0,4.0,3.0,5.0,2.0,3.0,100.0,6.0,6.0,71.0,7.0,5.0,12.0,8.0,1.0,,,,,,,,,
193054276,Shyliin,silvermoon,4.0,1029.0,,0.0,100.0,0.0,,100.0,,,100.0,33.0,,1.0,1.0,1.0,,1.0,,,1.0,3.0,,0.0,1.0,0.0,,1.0,,,1.0,1.0,,,,,,,0.0,,,,,,,2.0,,,,,,,0.0,,,,33.0,3.0,1.0,,,,,,,,,,,,
139217921,Genghiss,thrall,6.0,1262.0,100.0,100.0,50.0,0.0,,33.0,33.0,0.0,100.0,0.0,2.0,1.0,2.0,1.0,,3.0,3.0,1.0,2.0,1.0,2.0,1.0,1.0,0.0,,1.0,1.0,0.0,2.0,0.0,0.0,33.0,0.0,,67.0,100.0,,1.0,3.0,1.0,,3.0,1.0,,0.0,1.0,0.0,,2.0,1.0,,100.0,6.0,6.0,,,,,,,50.0,2.0,1.0,,,,,,
148224739,Rory,blackmoore,29.0,29748.0,44.0,58.0,23.0,62.0,,77.0,,,100.0,,62.0,26.0,13.0,24.0,,39.0,,,1.0,,27.0,15.0,3.0,15.0,,30.0,,,1.0,,53.0,60.0,41.0,52.0,48.0,43.0,,53.0,192.0,147.0,54.0,67.0,21.0,,28.0,115.0,60.0,28.0,32.0,9.0,,100.0,1.0,1.0,38.0,13.0,5.0,0.0,2.0,0.0,,,,,,,,,
123223712,Ketherian,blutkessel,28.0,2226.0,,25.0,88.0,25.0,,33.0,100.0,,100.0,50.0,,4.0,8.0,4.0,,3.0,1.0,,1.0,2.0,,1.0,7.0,1.0,,1.0,1.0,,1.0,1.0,25.0,67.0,50.0,,14.0,17.0,0.0,8.0,9.0,2.0,,7.0,6.0,1.0,2.0,6.0,1.0,,1.0,1.0,0.0,,,,0.0,3.0,0.0,,,,,,,,,,,,
158326157,Hirschelf,antonidas,6.0,13583.0,60.0,45.0,17.0,32.0,,20.0,0.0,,,,47.0,31.0,12.0,25.0,,10.0,1.0,,,,28.0,14.0,2.0,8.0,,2.0,0.0,,,,59.0,38.0,40.0,39.0,70.0,0.0,,66.0,52.0,55.0,46.0,27.0,1.0,,39.0,20.0,22.0,18.0,19.0,0.0,,,,,,,,,,,,,,,,,,,
167232853,Donzick,alakir,17.0,18212.0,51.0,49.0,65.0,51.0,,55.0,100.0,0.0,50.0,,55.0,77.0,23.0,51.0,,33.0,4.0,2.0,2.0,,28.0,38.0,15.0,26.0,,18.0,4.0,0.0,1.0,,28.0,50.0,72.0,49.0,39.0,26.0,,96.0,54.0,54.0,61.0,31.0,19.0,,27.0,27.0,39.0,30.0,12.0,5.0,,,,,0.0,1.0,0.0,,,,,,,,,,,,
144046900,Рахэль,howling-fjord,41.0,94792.0,59.0,61.0,50.0,62.0,,39.0,67.0,,50.0,,199.0,87.0,32.0,91.0,,33.0,6.0,,4.0,,117.0,53.0,16.0,56.0,,13.0,4.0,,2.0,,69.0,62.0,55.0,49.0,67.0,71.0,100.0,218.0,296.0,358.0,245.0,147.0,21.0,1.0,150.0,184.0,198.0,119.0,99.0,15.0,1.0,100.0,7.0,7.0,100.0,8.0,8.0,100.0,5.0,5.0,,,,,,,,,
165953154,Маэсътро,howling-fjord,9.0,891.0,,,100.0,,,,50.0,,,,,,1.0,,,,2.0,,,,,,1.0,,,,1.0,,,,100.0,,,,,,,1.0,,,,,,,1.0,,,,,,,100.0,1.0,1.0,,,,100.0,1.0,1.0,,,,,,,,,
151829070,Ericsa,madmortem,94.0,33968.0,52.0,42.0,51.0,58.0,,50.0,122.0,30.0,80.0,60.0,62.0,73.0,92.0,71.0,,90.0,18.0,10.0,10.0,5.0,32.0,31.0,47.0,41.0,,45.0,22.0,3.0,8.0,3.0,45.0,49.0,58.0,50.0,41.0,39.0,65.0,97.0,63.0,55.0,6.0,49.0,33.0,17.0,44.0,31.0,32.0,3.0,20.0,13.0,11.0,100.0,2.0,2.0,55.0,38.0,21.0,60.0,10.0,6.0,50.0,2.0,1.0,,,,,,
153301873,Paldrian,malganis,10.0,5958.0,67.0,44.0,50.0,53.0,,38.0,25.0,25.0,50.0,50.0,9.0,18.0,12.0,15.0,,16.0,8.0,4.0,8.0,4.0,6.0,8.0,6.0,8.0,,6.0,2.0,1.0,4.0,2.0,55.0,29.0,33.0,45.0,43.0,75.0,,11.0,14.0,9.0,11.0,7.0,4.0,,6.0,4.0,3.0,5.0,3.0,3.0,,,,,25.0,8.0,2.0,,,,100.0,1.0,1.0,,,,,,
162561989,Tarlxa,silvermoon,33.0,19376.0,47.0,57.0,54.0,67.0,,50.0,67.0,67.0,17.0,100.0,36.0,23.0,37.0,30.0,,36.0,15.0,6.0,6.0,2.0,17.0,13.0,20.0,20.0,,18.0,10.0,4.0,1.0,2.0,65.0,48.0,49.0,27.0,50.0,58.0,,80.0,69.0,37.0,22.0,8.0,19.0,,52.0,33.0,18.0,6.0,4.0,11.0,,100.0,5.0,5.0,100.0,1.0,1.0,,,,20.0,5.0,1.0,,,,,,
131403913,Weinbaron,malfurion,11.0,3041.0,43.0,57.0,33.0,60.0,,44.0,40.0,31.0,50.0,40.0,7.0,14.0,12.0,10.0,,9.0,10.0,13.0,2.0,10.0,3.0,8.0,4.0,6.0,,4.0,4.0,4.0,1.0,4.0,75.0,,,,50.0,,,4.0,,,,2.0,,,3.0,,,,1.0,,,,,,,,,0.0,2.0,0.0,,,,,,,,,
82649630,Tesalion,blackhand,13.0,6050.0,23.0,46.0,69.0,29.0,,31.0,33.0,50.0,,67.0,13.0,13.0,16.0,7.0,,13.0,3.0,2.0,,3.0,3.0,6.0,11.0,2.0,,4.0,1.0,1.0,,2.0,15.0,57.0,50.0,40.0,14.0,29.0,100.0,26.0,14.0,10.0,5.0,14.0,14.0,2.0,4.0,8.0,5.0,2.0,2.0,4.0,2.0,,,,67.0,3.0,2.0,100.0,5.0,5.0,,,,,,,,,
167496466,Elaína,wrathbringer,1.0,24.0,,,,,,,,,0.0,,,,,,,,,,1.0,,,,,,,,,,0.0,,,,,,,,,,,,,,,,,,,,,,,,,,,,,,,,,,,,,,,,
24738305,Svenealavate,nazjatar,13.0,9652.0,56.0,,100.0,0.0,,50.0,,,,,9.0,,1.0,1.0,,2.0,,,,,5.0,,1.0,0.0,,1.0,,,,,31.0,51.0,68.0,60.0,33.0,100.0,,13.0,37.0,50.0,5.0,6.0,1.0,,4.0,19.0,34.0,3.0,2.0,1.0,,,,,,,,,,,,,,,,,,,
137973728,Josslan,arthas,15.0,5633.0,50.0,67.0,27.0,12.0,,60.0,100.0,0.0,,,6.0,12.0,11.0,8.0,,10.0,9.0,3.0,,,3.0,8.0,3.0,1.0,,6.0,9.0,0.0,,,57.0,44.0,62.0,,60.0,20.0,50.0,21.0,9.0,8.0,,15.0,5.0,2.0,12.0,4.0,5.0,,9.0,1.0,1.0,,,,57.0,7.0,4.0,,,,,,,,,,,,
160760092,Духов,gordunni,21.0,467.0,,,,,,50.0,,0.0,,0.0,,,,,,2.0,,1.0,,1.0,,,,,,1.0,,0.0,,0.0,100.0,,,,100.0,,50.0,1.0,,,,1.0,,2.0,1.0,,,,1.0,,1.0,,,,,,,,,,,,,,,,,,
66737729,Lúx,hellscream,50.0,21381.0,33.0,48.0,46.0,46.0,,49.0,71.0,33.0,57.0,71.0,42.0,40.0,48.0,63.0,,65.0,7.0,6.0,7.0,7.0,14.0,19.0,22.0,29.0,,32.0,5.0,2.0,4.0,5.0,81.0,46.0,32.0,29.0,92.0,45.0,100.0,156.0,61.0,38.0,28.0,123.0,31.0,2.0,127.0,28.0,12.0,8.0,113.0,14.0,2.0,,,,,,,0.0,1.0,0.0,100.0,1.0,1.0,,,,,,
156708165,Cadoras,antonidas,8.0,66056.0,41.0,45.0,66.0,52.0,,52.0,100.0,,,,32.0,47.0,56.0,46.0,,66.0,1.0,,,,13.0,21.0,37.0,24.0,,34.0,1.0,,,,62.0,65.0,55.0,52.0,58.0,61.0,,117.0,85.0,80.0,42.0,69.0,18.0,,73.0,55.0,44.0,22.0,40.0,11.0,,,,,100.0,1.0,1.0,,,,,,,,,,,,
123099113,Mayce,veklor,55.0,5628.0,54.0,73.0,73.0,57.0,,71.0,67.0,43.0,50.0,,13.0,15.0,26.0,14.0,,21.0,6.0,7.0,2.0,,7.0,11.0,19.0,8.0,,15.0,4.0,3.0,1.0,,60.0,80.0,88.0,80.0,25.0,43.0,,5.0,15.0,8.0,5.0,4.0,21.0,,3.0,12.0,7.0,4.0,1.0,9.0,,100.0,1.0,1.0,67.0,3.0,2.0,,,,0.0,1.0,0.0,,,,,,
122153033,Wojinwomacka,drakthul,9.0,4037.0,,80.0,,,,50.0,,100.0,,0.0,,5.0,,,,2.0,,1.0,,1.0,,4.0,,,,1.0,,1.0,,0.0,25.0,100.0,50.0,,0.0,100.0,,4.0,1.0,2.0,,4.0,1.0,,1.0,1.0,1.0,,0.0,1.0,,,,,,,,100.0,1.0,1.0,,,,,,,,,
167238257,Isotheos,azjolnerub,1.0,55.0,,,,,,,,,,,,,,,,,,,,,,,,,,,,,,,,,,,,,,,,,,,,,,,,,,,,,,,100.0,1.0,1.0,,,,,,,,,,,,
163618431,Dakosi,arthas,6.0,1446.0,0.0,50.0,0.0,50.0,0.0,100.0,50.0,17.0,,,2.0,2.0,1.0,2.0,2.0,2.0,2.0,6.0,,,0.0,1.0,0.0,1.0,0.0,2.0,1.0,1.0,,,60.0,,,,67.0,,75.0,5.0,,,,3.0,,4.0,3.0,,,,2.0,,3.0,,,,50.0,4.0,2.0,,,,,,,,,,,,
156159630,Blàkê,tirion,17.0,5261.0,67.0,50.0,45.0,60.0,,56.0,75.0,75.0,0.0,83.0,6.0,6.0,11.0,10.0,,9.0,8.0,4.0,3.0,6.0,4.0,3.0,5.0,6.0,,5.0,6.0,3.0,0.0,5.0,43.0,,,,62.0,,100.0,7.0,,,,8.0,,1.0,3.0,,,,5.0,,1.0,,,,33.0,6.0,2.0,0.0,6.0,0.0,100.0,1.0,1.0,,,,,,
246596315,Lattebenny,auchindoun,9.0,3084.0,83.0,71.0,70.0,80.0,100.0,40.0,50.0,44.0,20.0,67.0,6.0,7.0,10.0,5.0,1.0,10.0,10.0,9.0,10.0,6.0,5.0,5.0,7.0,4.0,1.0,4.0,5.0,4.0,2.0,4.0,0.0,,,,100.0,,,2.0,,,,1.0,,,0.0,,,,1.0,,,,,,50.0,2.0,1.0,,,,100.0,1.0,1.0,,,,,,
95138661,Cription,wrathbringer,12.0,21426.0,58.0,29.0,33.0,54.0,,36.0,67.0,0.0,75.0,33.0,24.0,14.0,9.0,13.0,,14.0,3.0,1.0,4.0,3.0,14.0,4.0,3.0,7.0,,5.0,2.0,0.0,3.0,1.0,31.0,36.0,70.0,41.0,25.0,80.0,40.0,45.0,25.0,27.0,22.0,28.0,5.0,5.0,14.0,9.0,19.0,9.0,7.0,4.0,2.0,,,,50.0,4.0,2.0,,,,100.0,1.0,1.0,,,,,,
183097731,Delpa,kazzak,46.0,890.0,0.0,100.0,,,,100.0,0.0,100.0,,100.0,1.0,1.0,,,,1.0,1.0,1.0,,1.0,0.0,1.0,,,,1.0,0.0,1.0,,1.0,0.0,,,,33.0,,100.0,1.0,,,,3.0,,3.0,0.0,,,,1.0,,3.0,,,,100.0,2.0,2.0,,,,100.0,1.0,1.0,,,,,,
11950566,Palama,arthas,26.0,29124.0,63.0,60.0,33.0,52.0,,50.0,50.0,75.0,100.0,100.0,46.0,20.0,12.0,27.0,,10.0,2.0,4.0,1.0,2.0,29.0,12.0,4.0,14.0,,5.0,1.0,3.0,1.0,2.0,64.0,53.0,53.0,41.0,60.0,60.0,0.0,50.0,64.0,87.0,29.0,20.0,5.0,6.0,32.0,34.0,46.0,12.0,12.0,3.0,0.0,,,,67.0,3.0,2.0,,,,,,,,,,,,
156103505,Echnatón,teldrassil,48.0,102085.0,42.0,50.0,40.0,52.0,,12.0,0.0,67.0,100.0,,230.0,166.0,20.0,111.0,,25.0,3.0,3.0,1.0,,96.0,83.0,8.0,58.0,,3.0,0.0,2.0,1.0,,59.0,44.0,39.0,46.0,58.0,54.0,,325.0,425.0,328.0,203.0,117.0,13.0,,191.0,187.0,128.0,94.0,68.0,7.0,,100.0,2.0,2.0,0.0,1.0,0.0,14.0,7.0,1.0,100.0,1.0,1.0,,,,,,
98572901,Kaldarus,kult-der-verdammten,4.0,12396.0,69.0,62.0,88.0,80.0,,70.0,,,,,26.0,8.0,8.0,10.0,,20.0,,,,,18.0,5.0,7.0,8.0,,14.0,,,,,64.0,72.0,82.0,50.0,73.0,67.0,,22.0,50.0,45.0,22.0,15.0,3.0,,14.0,36.0,37.0,11.0,11.0,2.0,,,,,,,,,,,,,,,,,,,
209745323,Sauron,runetotem,6.0,176.0,,,0.0,,,,,,,,,,1.0,,,,,,,,,,0.0,,,,,,,,0.0,,,,,,,1.0,,,,,,,0.0,,,,,,,,,,,,,,,,,,,,,,,,
76594537,Torasin,blackhand,1.0,97.0,,,,,,,,,,,,,,,,,,,,,,,,,,,,,,,,,,,,,100.0,,,,,,,1.0,,,,,,,1.0,,,,,,,,,,,,,,,,,,
246126056,Аркним,gordunni,22.0,1424.0,75.0,100.0,0.0,33.0,,40.0,75.0,67.0,100.0,0.0,4.0,1.0,1.0,3.0,,5.0,4.0,3.0,1.0,1.0,3.0,1.0,0.0,1.0,,2.0,3.0,2.0,1.0,0.0,0.0,,,,50.0,,0.0,1.0,,,,2.0,,1.0,0.0,,,,1.0,,0.0,,,,67.0,3.0,2.0,,,,,,,,,,,,
149913959,Akhîro,malygos,5.0,1014.0,0.0,0.0,0.0,50.0,,0.0,,,,,1.0,2.0,4.0,4.0,,2.0,,,,,0.0,0.0,0.0,2.0,,0.0,,,,,43.0,0.0,,50.0,50.0,100.0,,7.0,1.0,,2.0,2.0,2.0,,3.0,0.0,,1.0,1.0,2.0,,,,,,,,,,,,,,,,,,,
30725823,Tankadinxs,drakthul,15.0,65757.0,36.0,69.0,50.0,58.0,,60.0,50.0,100.0,0.0,,117.0,72.0,10.0,71.0,,15.0,8.0,2.0,1.0,,42.0,50.0,5.0,41.0,,9.0,4.0,2.0,0.0,,46.0,53.0,41.0,37.0,48.0,0.0,20.0,143.0,135.0,148.0,109.0,240.0,2.0,5.0,66.0,72.0,60.0,40.0,116.0,0.0,1.0,,,,33.0,6.0,2.0,,,,,,,,,,,,
110299912,Zhanya,arthas,7.0,2268.0,0.0,67.0,50.0,80.0,,33.0,0.0,0.0,33.0,0.0,3.0,3.0,2.0,5.0,,6.0,1.0,2.0,3.0,1.0,0.0,2.0,1.0,4.0,,2.0,0.0,0.0,1.0,0.0,100.0,,,,50.0,,43.0,4.0,,,,4.0,,7.0,4.0,,,,2.0,,3.0,,,,100.0,3.0,3.0,,,,100.0,1.0,1.0,,,,,,
159116071,Grumpy,la-croisade-écarlate,55.0,7468.0,0.0,45.0,33.0,40.0,,25.0,62.0,55.0,67.0,75.0,1.0,11.0,9.0,10.0,,12.0,8.0,11.0,3.0,4.0,0.0,5.0,3.0,4.0,,3.0,5.0,6.0,2.0,3.0,0.0,,,,60.0,0.0,75.0,1.0,,,,10.0,1.0,4.0,0.0,,,,6.0,0.0,3.0,100.0,5.0,5.0,45.0,11.0,5.0,33.0,6.0,2.0,20.0,10.0,2.0,,,,,,
147986913,Leeu,malganis,73.0,52417.0,54.0,60.0,54.0,56.0,871.0,43.0,42.0,43.0,64.0,27.0,139.0,178.0,126.0,163.0,7.0,143.0,33.0,30.0,22.0,11.0,75.0,106.0,68.0,92.0,61.0,61.0,14.0,13.0,14.0,3.0,47.0,56.0,54.0,62.0,50.0,36.0,100.0,172.0,219.0,213.0,128.0,102.0,72.0,1.0,80.0,122.0,114.0,80.0,51.0,26.0,1.0,100.0,1.0,1.0,50.0,4.0,2.0,,,,100.0,2.0,2.0,,,,,,
58775074,Ilyra,arthas,16.0,12067.0,53.0,52.0,53.0,53.0,,31.0,50.0,,,,38.0,40.0,17.0,47.0,,16.0,2.0,,,,20.0,21.0,9.0,25.0,,5.0,1.0,,,,60.0,58.0,45.0,44.0,74.0,43.0,,42.0,45.0,40.0,41.0,53.0,7.0,,25.0,26.0,18.0,18.0,39.0,3.0,,,,,50.0,2.0,1.0,,,,,,,,,,,,
69296778,Wtsfood,stormscale,12.0,17680.0,55.0,43.0,,88.0,,100.0,,,,,85.0,7.0,,8.0,,2.0,,,,,47.0,3.0,,7.0,,2.0,,,,,43.0,62.0,52.0,46.0,64.0,0.0,100.0,134.0,97.0,77.0,83.0,39.0,1.0,2.0,58.0,60.0,40.0,38.0,25.0,0.0,2.0,,,,25.0,4.0,1.0,,,,,,,,,,,,
143058202,Luebby,blackmoore,47.0,9611.0,36.0,62.0,54.0,53.0,,27.0,80.0,56.0,43.0,50.0,22.0,13.0,24.0,15.0,,15.0,5.0,9.0,7.0,6.0,8.0,8.0,13.0,8.0,,4.0,4.0,5.0,3.0,3.0,33.0,12.0,71.0,67.0,33.0,57.0,46.0,15.0,8.0,7.0,3.0,36.0,7.0,13.0,5.0,1.0,5.0,2.0,12.0,4.0,6.0,,,,60.0,15.0,9.0,,,,44.0,9.0,4.0,,,,,,
159705803,Setsuya,blackhand,8.0,1933.0,33.0,50.0,0.0,,,40.0,20.0,33.0,0.0,0.0,3.0,2.0,2.0,,,5.0,5.0,3.0,1.0,3.0,1.0,1.0,0.0,,,2.0,1.0,1.0,0.0,0.0,100.0,,,,67.0,,,1.0,,,,3.0,,,1.0,,,,2.0,,,,,,80.0,5.0,4.0,,,,,,,,,,,,
145420670,Tramleth,argent-dawn,3.0,947.0,,100.0,,100.0,,100.0,,,,,,1.0,,1.0,,2.0,,,,,,1.0,,1.0,,2.0,,,,,,50.0,0.0,,,50.0,,,2.0,1.0,,,2.0,,,1.0,0.0,,,1.0,,,,,,,,,,,,,,,,,,,
147544743,Lusimusi,rajaxx,48.0,20033.0,66.0,39.0,58.0,59.0,56.0,58.0,63.0,54.0,38.0,60.0,29.0,28.0,24.0,32.0,9.0,43.0,30.0,24.0,26.0,30.0,19.0,11.0,14.0,19.0,5.0,25.0,19.0,13.0,10.0,18.0,52.0,33.0,100.0,0.0,68.0,12.0,56.0,29.0,3.0,1.0,2.0,28.0,8.0,9.0,15.0,1.0,1.0,0.0,19.0,1.0,5.0,,,,45.0,22.0,10.0,71.0,7.0,5.0,100.0,2.0,2.0,50.0,2.0,1.0,,,
166165645,Ilim,tirion,7.0,156.0,0.0,,,,,,,,,100.0,1.0,,,,,,,,,1.0,0.0,,,,,,,,,1.0,,,,,,,100.0,,,,,,,1.0,,,,,,,1.0,,,,,,,,,,,,,,,,,,
218020568,Zephyrindark,sylvanas,62.0,5598.0,62.0,53.0,62.0,71.0,100.0,94.0,50.0,77.0,56.0,60.0,8.0,17.0,21.0,14.0,2.0,17.0,18.0,13.0,9.0,15.0,5.0,9.0,13.0,10.0,2.0,16.0,9.0,10.0,5.0,9.0,100.0,100.0,,,0.0,67.0,50.0,2.0,1.0,,,1.0,6.0,2.0,2.0,1.0,,,0.0,4.0,1.0,,,,100.0,1.0,1.0,,,,100.0,1.0,1.0,,,,,,
96835183,Thenaron,ragnaros,14.0,3058.0,67.0,67.0,50.0,67.0,,60.0,0.0,100.0,0.0,100.0,6.0,3.0,4.0,6.0,,5.0,1.0,1.0,1.0,1.0,4.0,2.0,2.0,4.0,,3.0,0.0,1.0,0.0,1.0,25.0,100.0,62.0,0.0,25.0,0.0,0.0,4.0,1.0,8.0,4.0,8.0,2.0,1.0,1.0,1.0,5.0,0.0,2.0,0.0,0.0,,,,0.0,1.0,0.0,,,,,,,,,,,,
115463739,Ærdaras,blackhand,11.0,4606.0,25.0,33.0,60.0,46.0,,46.0,50.0,40.0,50.0,100.0,16.0,6.0,10.0,13.0,,13.0,10.0,10.0,4.0,2.0,4.0,2.0,6.0,6.0,,6.0,5.0,4.0,2.0,2.0,50.0,20.0,33.0,,40.0,100.0,0.0,6.0,10.0,3.0,,5.0,1.0,1.0,3.0,2.0,1.0,,2.0,1.0,0.0,,,,75.0,4.0,3.0,,,,,,,,,,,,
108323144,Legendharry,frostwolf,10.0,158.0,,,,,,,,,,,,,,,,,,,,,,,,,,,,,,,,,,,,100.0,,,,,,,1.0,,,,,,,1.0,,,,,,,,,,,,,,,,,,,
159032241,Shâdi,antonidas,6.0,317.0,0.0,33.0,,,,,0.0,50.0,0.0,,1.0,3.0,,,,,2.0,2.0,1.0,,0.0,1.0,,,,,0.0,1.0,0.0,,,,,,,,,,,,,,,,,,,,,,,,,,,,,,,,,,,,,,,,
194466614,Narletto,pozzo-delleternità,17.0,2730.0,,60.0,33.0,100.0,,33.0,50.0,50.0,67.0,67.0,,10.0,3.0,2.0,,12.0,2.0,2.0,6.0,3.0,,6.0,1.0,2.0,,4.0,1.0,1.0,4.0,2.0,0.0,,,,67.0,,0.0,2.0,,,,3.0,,2.0,0.0,,,,2.0,,0.0,,,,100.0,2.0,2.0,0.0,1.0,0.0,100.0,1.0,1.0,50.0,2.0,1.0,,,
140013807,Pingudin,arthas,42.0,10884.0,47.0,64.0,57.0,74.0,,70.0,50.0,0.0,,,19.0,22.0,21.0,50.0,,10.0,8.0,2.0,,,9.0,14.0,12.0,37.0,,7.0,4.0,0.0,,,72.0,55.0,62.0,40.0,57.0,54.0,,25.0,55.0,42.0,15.0,14.0,13.0,,18.0,30.0,26.0,6.0,8.0,7.0,,,,,,,,100.0,1.0,1.0,,,,,,,,,
165697196,Tekrapon,blackmoore,12.0,2028.0,80.0,100.0,100.0,100.0,,67.0,100.0,67.0,,50.0,5.0,1.0,1.0,1.0,,3.0,2.0,3.0,,2.0,4.0,1.0,1.0,1.0,,2.0,2.0,2.0,,1.0,0.0,,,,75.0,,100.0,2.0,,,,4.0,,3.0,0.0,,,,3.0,,3.0,,,,0.0,1.0,0.0,,,,,,,,,,,,
156999348,Ascèse,culte-de-la-rive-noire,46.0,46028.0,56.0,34.0,53.0,38.0,,38.0,50.0,100.0,100.0,,66.0,35.0,85.0,68.0,,69.0,6.0,1.0,1.0,,37.0,12.0,45.0,26.0,,26.0,3.0,1.0,1.0,,62.0,38.0,45.0,43.0,61.0,48.0,,125.0,26.0,62.0,83.0,95.0,44.0,,77.0,10.0,28.0,36.0,58.0,21.0,,,,,17.0,6.0,1.0,,,,,,,,,,,,
95655246,Zeroheal,antonidas,25.0,4302.0,43.0,42.0,67.0,55.0,,31.0,100.0,,,,7.0,24.0,9.0,20.0,,13.0,1.0,,,,3.0,10.0,6.0,11.0,,4.0,1.0,,,,100.0,45.0,50.0,0.0,100.0,33.0,,1.0,20.0,10.0,3.0,1.0,9.0,,1.0,9.0,5.0,0.0,1.0,3.0,,,,,,,,,,,,,,,,,,,
139869567,Elderoon,kelthuzad,6.0,18541.0,56.0,83.0,60.0,50.0,,0.0,0.0,33.0,50.0,0.0,34.0,12.0,5.0,18.0,,2.0,1.0,3.0,2.0,1.0,19.0,10.0,3.0,9.0,,0.0,0.0,1.0,1.0,0.0,35.0,41.0,63.0,50.0,40.0,100.0,0.0,31.0,17.0,30.0,26.0,35.0,1.0,1.0,11.0,7.0,19.0,13.0,14.0,1.0,0.0,,,,50.0,2.0,1.0,,,,,,,,,,,,
85088610,Xkapa,eredar,36.0,612.0,100.0,,,50.0,,100.0,,,,,1.0,,,2.0,,2.0,,,,,1.0,,,1.0,,2.0,,,,,,100.0,0.0,,0.0,0.0,67.0,,3.0,1.0,,2.0,1.0,3.0,,3.0,0.0,,0.0,0.0,2.0,,,,,,,,,,,,,,,,,,
196109569,Davylz,archimonde,19.0,14137.0,48.0,100.0,67.0,88.0,,43.0,60.0,43.0,57.0,17.0,31.0,3.0,6.0,8.0,,7.0,10.0,7.0,7.0,6.0,15.0,3.0,4.0,7.0,,3.0,6.0,3.0,4.0,1.0,100.0,54.0,39.0,61.0,58.0,0.0,,7.0,39.0,33.0,28.0,12.0,1.0,,7.0,21.0,13.0,17.0,7.0,0.0,,,,,50.0,2.0,1.0,,,,,,,,,,,,
165388212,Sjèfke,silvermoon,20.0,25971.0,58.0,64.0,54.0,58.0,,64.0,50.0,38.0,100.0,50.0,48.0,11.0,13.0,12.0,,11.0,6.0,8.0,4.0,8.0,28.0,7.0,7.0,7.0,,7.0,3.0,3.0,4.0,4.0,60.0,56.0,37.0,58.0,68.0,,75.0,73.0,36.0,19.0,59.0,22.0,,4.0,44.0,20.0,7.0,34.0,15.0,,3.0,100.0,2.0,2.0,50.0,6.0,3.0,,,,,,,,,,,,
180977913,Yarowit,silvermoon,22.0,1212.0,33.0,100.0,67.0,50.0,,0.0,100.0,100.0,100.0,,6.0,1.0,3.0,2.0,,1.0,2.0,1.0,1.0,,2.0,1.0,2.0,1.0,,0.0,2.0,1.0,1.0,,,,,,0.0,,,,,,,1.0,,,,,,,0.0,,,,,,100.0,1.0,1.0,,,,25.0,4.0,1.0,,,,,,
142895048,Tharíon,blackmoore,19.0,2455.0,50.0,50.0,50.0,50.0,,33.0,100.0,71.0,0.0,,2.0,4.0,4.0,2.0,,3.0,3.0,7.0,1.0,,1.0,2.0,2.0,1.0,,1.0,3.0,5.0,0.0,,83.0,,,,100.0,100.0,67.0,6.0,,,,3.0,1.0,3.0,5.0,,,,3.0,1.0,2.0,100.0,2.0,2.0,50.0,4.0,2.0,50.0,2.0,1.0,50.0,2.0,1.0,,,,,,
162304832,Kakaopulver,kargath,7.0,4688.0,80.0,36.0,,53.0,,,,,,,10.0,11.0,,15.0,,,,,,,8.0,4.0,,8.0,,,,,,,75.0,80.0,54.0,46.0,87.0,,100.0,12.0,10.0,13.0,13.0,15.0,,2.0,9.0,8.0,7.0,6.0,13.0,,2.0,,,,100.0,1.0,1.0,,,,,,,,,,,,
164541110,Алекстрэк,gordunni,37.0,21384.0,59.0,46.0,42.0,49.0,,46.0,44.0,54.0,67.0,25.0,34.0,39.0,31.0,39.0,,28.0,18.0,13.0,3.0,4.0,20.0,18.0,13.0,19.0,,13.0,8.0,7.0,2.0,1.0,68.0,54.0,33.0,41.0,80.0,55.0,0.0,22.0,26.0,24.0,27.0,10.0,38.0,1.0,15.0,14.0,8.0,11.0,8.0,21.0,0.0,100.0,7.0,7.0,17.0,6.0,1.0,,,,100.0,1.0,1.0,,,,,,
177201981,Тенелом,azuregos,69.0,38416.0,61.0,49.0,68.0,52.0,,62.0,74.0,43.0,75.0,0.0,49.0,78.0,56.0,65.0,,45.0,19.0,7.0,4.0,3.0,30.0,38.0,38.0,34.0,,28.0,14.0,3.0,3.0,0.0,57.0,45.0,44.0,60.0,48.0,61.0,50.0,21.0,104.0,50.0,40.0,52.0,28.0,2.0,12.0,47.0,22.0,24.0,25.0,17.0,1.0,,,,100.0,1.0,1.0,0.0,2.0,0.0,100.0,1.0,1.0,,,,,,
78973088,Киирраа,gordunni,44.0,29121.0,59.0,58.0,69.0,57.0,,68.0,100.0,,0.0,,66.0,50.0,26.0,63.0,,19.0,1.0,,1.0,,39.0,29.0,18.0,36.0,,13.0,1.0,,0.0,,46.0,51.0,39.0,46.0,66.0,54.0,,26.0,136.0,80.0,56.0,29.0,13.0,,12.0,69.0,31.0,26.0,19.0,7.0,,,,,,,,,,,0.0,1.0,0.0,,,,,,
117376503,Lunö,archimonde,14.0,4970.0,45.0,64.0,81.0,57.0,,36.0,60.0,20.0,75.0,,11.0,14.0,16.0,14.0,,22.0,10.0,5.0,4.0,,5.0,9.0,13.0,8.0,,8.0,6.0,1.0,3.0,,0.0,25.0,50.0,50.0,0.0,25.0,0.0,1.0,4.0,4.0,2.0,2.0,12.0,1.0,0.0,1.0,2.0,1.0,0.0,3.0,0.0,,,,,,,67.0,3.0,2.0,50.0,2.0,1.0,,,,,,
150040512,Mushz,dalaran,81.0,2100.0,100.0,0.0,0.0,50.0,,100.0,67.0,75.0,0.0,0.0,1.0,3.0,1.0,4.0,,1.0,6.0,4.0,1.0,3.0,1.0,0.0,0.0,2.0,,1.0,4.0,3.0,0.0,0.0,0.0,,100.0,,,100.0,,1.0,,1.0,,,1.0,,0.0,,1.0,,,1.0,,,,,,,,,,,,,,,,,,,
158112757,Làzarùs,thrall,7.0,1253.0,25.0,60.0,100.0,25.0,,80.0,75.0,100.0,33.0,,4.0,5.0,2.0,4.0,,5.0,4.0,3.0,3.0,,1.0,3.0,2.0,1.0,,4.0,3.0,3.0,1.0,,100.0,,,,0.0,,,1.0,,,,1.0,,,1.0,,,,0.0,,,,,,,,,,,,,,,,,,,,
196137091,Pasladeter,archimonde,20.0,5103.0,33.0,62.0,37.0,55.0,33.0,33.0,63.0,57.0,67.0,50.0,9.0,13.0,19.0,20.0,3.0,9.0,27.0,21.0,9.0,12.0,3.0,8.0,7.0,11.0,1.0,3.0,17.0,12.0,6.0,6.0,57.0,,,,67.0,,20.0,7.0,,,,6.0,,5.0,4.0,,,,4.0,,1.0,,,,0.0,3.0,0.0,,,,0.0,1.0,0.0,,,,,,
170223858,Dôrian,neptulon,13.0,14802.0,45.0,0.0,50.0,0.0,,0.0,,0.0,,,20.0,1.0,2.0,2.0,,1.0,,1.0,,,9.0,0.0,1.0,0.0,,0.0,,0.0,,,82.0,52.0,51.0,56.0,46.0,100.0,,11.0,65.0,37.0,34.0,13.0,1.0,,9.0,34.0,19.0,19.0,6.0,1.0,,100.0,1.0,1.0,,,,,,,,,,,,,,,
156028558,Ánderson,durotan,5.0,226.0,,,0.0,100.0,,100.0,50.0,,,,,,1.0,1.0,,1.0,2.0,,,,,,0.0,1.0,,1.0,1.0,,,,,,100.0,,,,,,,2.0,,,,,,,2.0,,,,,,,,,,,,,,,,,,,,,,
140247153,Veldini,lightbringer,11.0,2480.0,33.0,67.0,0.0,0.0,,62.0,50.0,50.0,33.0,50.0,3.0,3.0,2.0,2.0,,8.0,4.0,4.0,3.0,4.0,1.0,2.0,0.0,0.0,,5.0,2.0,2.0,1.0,2.0,0.0,,0.0,,33.0,0.0,80.0,2.0,,1.0,,3.0,1.0,5.0,0.0,,0.0,,1.0,0.0,4.0,,,,0.0,2.0,0.0,,,,,,,,,,,,
75425149,Athamon,dun-modr,24.0,4164.0,33.0,62.0,44.0,52.0,,38.0,0.0,,100.0,0.0,12.0,29.0,16.0,29.0,,29.0,1.0,,1.0,2.0,4.0,18.0,7.0,15.0,,11.0,0.0,,1.0,0.0,75.0,32.0,48.0,73.0,50.0,100.0,,8.0,19.0,21.0,22.0,2.0,1.0,,6.0,6.0,10.0,16.0,1.0,1.0,,,,,,,,,,,,,,,,,,,
140751707,Golbam,hyjal,9.0,4614.0,20.0,67.0,43.0,33.0,,75.0,100.0,67.0,0.0,,5.0,3.0,7.0,3.0,,8.0,1.0,3.0,1.0,,1.0,2.0,3.0,1.0,,6.0,1.0,2.0,0.0,,14.0,60.0,100.0,50.0,22.0,20.0,0.0,14.0,5.0,1.0,2.0,9.0,5.0,2.0,2.0,3.0,1.0,1.0,2.0,1.0,0.0,,,,0.0,3.0,0.0,100.0,1.0,1.0,,,,,,,,,
129762319,Oggino,drakthul,16.0,357.0,,,,,,,100.0,,,,,,,,,,1.0,,,,,,,,,,1.0,,,,0.0,100.0,,,100.0,100.0,,1.0,1.0,,,1.0,1.0,,0.0,1.0,,,1.0,1.0,,,,,,,,,,,,,,,,,,,
209200794,Метапаладин,gordunni,18.0,154.0,,,0.0,,,,,,,100.0,,,1.0,,,,,,,1.0,,,0.0,,,,,,,1.0,,,,,,,0.0,,,,,,,2.0,,,,,,,0.0,,,,0.0,1.0,0.0,,,,,,,,,,,,
174241461,Hêizën,marécage-de-zangar,17.0,519.0,,100.0,33.0,100.0,,60.0,0.0,50.0,50.0,0.0,,1.0,3.0,1.0,,5.0,1.0,2.0,2.0,2.0,,1.0,1.0,1.0,,3.0,0.0,1.0,1.0,0.0,,,,,100.0,,0.0,,,,,1.0,,1.0,,,,,1.0,,0.0,,,,,,,,,,,,,,,,,,
65143466,Amris,blackmoore,7.0,187.0,,,100.0,,,,,,,,,,1.0,,,,,,,,,,1.0,,,,,,,,,100.0,,,,,,,1.0,,,,,,,1.0,,,,,,,,,,,,100.0,1.0,1.0,,,,,,,,,
166840952,Kippis,blackmoore,16.0,5881.0,40.0,44.0,57.0,43.0,67.0,50.0,33.0,50.0,40.0,44.0,5.0,9.0,7.0,7.0,3.0,8.0,9.0,4.0,5.0,9.0,2.0,4.0,4.0,3.0,2.0,4.0,3.0,2.0,2.0,4.0,63.0,,,,46.0,,62.0,27.0,,,,26.0,,16.0,17.0,,,,12.0,,10.0,,,,33.0,18.0,6.0,,,,100.0,1.0,1.0,,,,,,
144743983,Nekozaryella,blackmoore,28.0,3040.0,17.0,100.0,83.0,40.0,,50.0,29.0,64.0,60.0,60.0,6.0,6.0,6.0,5.0,,6.0,7.0,11.0,5.0,5.0,1.0,6.0,5.0,2.0,,3.0,2.0,7.0,3.0,3.0,43.0,,,,60.0,,67.0,7.0,,,,5.0,,3.0,3.0,,,,3.0,,2.0,,,,67.0,6.0,4.0,67.0,3.0,2.0,,,,,,,,,
191101245,Spankntank,frostmane,4.0,112.0,,0.0,0.0,,,,,0.0,,0.0,,1.0,1.0,,,,,1.0,,1.0,,0.0,0.0,,,,,0.0,,0.0,,,,,,,,,,,,,,,,,,,,,,,,,,,,,,,,,,,,,,,
185244175,Helliél,pozzo-delleternità,4.0,664.0,100.0,43.0,0.0,100.0,,67.0,50.0,33.0,0.0,0.0,1.0,7.0,2.0,1.0,,3.0,2.0,3.0,2.0,2.0,1.0,3.0,0.0,1.0,,2.0,1.0,1.0,0.0,0.0,,,,,,,,,,,,,,,,,,,,,,,,,,,,,,,,,,,,,,,
170123188,Helige,stormreaver,6.0,17013.0,46.0,56.0,0.0,62.0,,56.0,,,,,35.0,43.0,2.0,13.0,,9.0,,,,,16.0,24.0,0.0,8.0,,5.0,,,,,49.0,43.0,56.0,53.0,68.0,75.0,,49.0,53.0,59.0,53.0,34.0,4.0,,24.0,23.0,33.0,28.0,23.0,3.0,,,,,100.0,1.0,1.0,,,,,,,,,,,,
85807981,Imperiüs,dun-modr,11.0,5651.0,60.0,25.0,38.0,25.0,,50.0,0.0,0.0,0.0,100.0,5.0,4.0,8.0,4.0,,6.0,1.0,1.0,1.0,1.0,3.0,1.0,3.0,1.0,,3.0,0.0,0.0,0.0,1.0,75.0,62.0,20.0,50.0,100.0,0.0,,4.0,8.0,5.0,4.0,7.0,2.0,,3.0,5.0,1.0,2.0,7.0,0.0,,,,,100.0,1.0,1.0,,,,,,,,,,,,
168998405,Sarthigas,dalaran,23.0,7694.0,57.0,60.0,47.0,70.0,,43.0,88.0,64.0,62.0,57.0,7.0,10.0,15.0,10.0,,7.0,8.0,11.0,13.0,7.0,4.0,6.0,7.0,7.0,,3.0,7.0,7.0,8.0,4.0,55.0,,,,81.0,,67.0,33.0,,,,27.0,,6.0,18.0,,,,22.0,,4.0,,,,56.0,18.0,10.0,,,,,,,,,,,,
117575209,Aquanos,khazgoroth,15.0,3530.0,100.0,20.0,43.0,75.0,,33.0,100.0,,0.0,,6.0,5.0,7.0,8.0,,9.0,2.0,,2.0,,6.0,1.0,3.0,6.0,,3.0,2.0,,0.0,,22.0,33.0,67.0,43.0,68.0,44.0,,18.0,3.0,6.0,7.0,25.0,9.0,,4.0,1.0,4.0,3.0,17.0,4.0,,,,,100.0,1.0,1.0,,,,,,,,,,,,
168148465,Tonsofchedar,uldum,16.0,3096.0,100.0,,25.0,67.0,,100.0,75.0,50.0,43.0,67.0,3.0,,4.0,3.0,,1.0,4.0,2.0,7.0,3.0,3.0,,1.0,2.0,,1.0,3.0,1.0,3.0,2.0,62.0,,,,50.0,,40.0,13.0,,,,4.0,,10.0,8.0,,,,2.0,,4.0,,,,100.0,5.0,5.0,,,,,,,,,,,,
198038484,Dinosnoar,chamber-of-aspects,10.0,1995.0,,50.0,0.0,100.0,,0.0,71.0,100.0,,100.0,,6.0,1.0,1.0,,1.0,7.0,2.0,,2.0,,3.0,0.0,1.0,,0.0,5.0,2.0,,2.0,50.0,,,,50.0,,100.0,2.0,,,,6.0,,3.0,1.0,,,,3.0,,3.0,,,,67.0,3.0,2.0,,,,50.0,2.0,1.0,,,,,,
137873710,Manolo,wrathbringer,13.0,1448.0,33.0,100.0,0.0,0.0,,0.0,100.0,100.0,,,3.0,1.0,1.0,1.0,,2.0,1.0,1.0,,,1.0,1.0,0.0,0.0,,0.0,1.0,1.0,,,50.0,,0.0,,56.0,14.0,0.0,10.0,,1.0,,9.0,7.0,1.0,5.0,,0.0,,5.0,1.0,0.0,,,,0.0,1.0,0.0,,,,,,,,,,,,
174996474,Кинуэй,gordunni,18.0,2555.0,60.0,50.0,29.0,62.0,,75.0,100.0,25.0,,75.0,5.0,4.0,7.0,8.0,,8.0,5.0,4.0,,4.0,3.0,2.0,2.0,5.0,,6.0,5.0,1.0,,3.0,,,,,0.0,,,,,,,2.0,,,,,,,0.0,,,,,,33.0,3.0,1.0,,,,,,,,,,,,
94544331,Gaeth,kelthuzad,66.0,6694.0,50.0,52.0,65.0,42.0,0.0,42.0,67.0,50.0,100.0,56.0,18.0,21.0,17.0,19.0,1.0,19.0,9.0,6.0,1.0,9.0,9.0,11.0,11.0,8.0,0.0,8.0,6.0,3.0,1.0,5.0,83.0,31.0,44.0,43.0,73.0,50.0,50.0,12.0,13.0,16.0,7.0,11.0,4.0,2.0,10.0,4.0,7.0,3.0,8.0,2.0,1.0,,,,0.0,1.0,0.0,,,,,,,,,,,,
82386110,Mortank,dun-modr,11.0,3351.0,20.0,50.0,70.0,22.0,,19.0,67.0,33.0,33.0,100.0,5.0,2.0,10.0,9.0,,16.0,3.0,3.0,3.0,1.0,1.0,1.0,7.0,2.0,,3.0,2.0,1.0,1.0,1.0,100.0,57.0,60.0,33.0,64.0,0.0,,6.0,7.0,5.0,3.0,11.0,1.0,,6.0,4.0,3.0,1.0,7.0,0.0,,100.0,7.0,7.0,50.0,2.0,1.0,,,,,,,,,,,,
141818565,Bigjazzy,kazzak,5.0,310.0,100.0,,100.0,,,,100.0,,,100.0,1.0,,1.0,,,,1.0,,,1.0,1.0,,1.0,,,,1.0,,,1.0,0.0,,,,,,0.0,1.0,,,,,,1.0,0.0,,,,,,0.0,,,,,,,,,,,,,,,,,,
154706215,Tilted,antonidas,56.0,5953.0,91.0,46.0,62.0,50.0,100.0,73.0,68.0,70.0,29.0,89.0,11.0,13.0,21.0,22.0,1.0,22.0,25.0,20.0,7.0,9.0,10.0,6.0,13.0,11.0,1.0,16.0,17.0,14.0,2.0,8.0,0.0,,,,,,100.0,1.0,,,,,,2.0,0.0,,,,,,2.0,,,,,,,,,,,,,,,,,,
166719629,Kasaandra,blackmoore,48.0,6290.0,69.0,41.0,40.0,33.0,,56.0,71.0,57.0,71.0,60.0,16.0,17.0,5.0,6.0,,9.0,7.0,7.0,7.0,5.0,11.0,7.0,2.0,2.0,,5.0,5.0,4.0,5.0,3.0,45.0,81.0,45.0,73.0,50.0,50.0,50.0,22.0,16.0,11.0,11.0,10.0,6.0,4.0,10.0,13.0,5.0,8.0,5.0,3.0,2.0,,,,0.0,2.0,0.0,,,,100.0,1.0,1.0,,,,,,
195802808,Staforti,aggra-português,2.0,74.0,,,,,,,0.0,,,100.0,,,,,,,1.0,,,2.0,,,,,,,0.0,,,2.0,,,,,,,,,,,,,,,,,,,,,,,,,,,,,,,,,,,,,,,
158069165,Atrexnew,eredar,2.0,14816.0,62.0,100.0,0.0,100.0,,50.0,,,,,34.0,6.0,1.0,3.0,,4.0,,,,,21.0,6.0,0.0,3.0,,2.0,,,,,61.0,67.0,70.0,76.0,60.0,50.0,,41.0,73.0,61.0,21.0,25.0,2.0,,25.0,49.0,43.0,16.0,15.0,1.0,,,,,,,,,,,,,,,,,,,
161915249,Twinibo,shattrath,8.0,312.0,,,0.0,,,,,,0.0,,,,1.0,,,,,,2.0,,,,0.0,,,,,,0.0,,0.0,,,,,,100.0,1.0,,,,,,1.0,0.0,,,,,,1.0,,,,,,,,,,,,,,,,,,
130301630,Dialdrin,twisting-nether,32.0,3133.0,50.0,33.0,43.0,50.0,75.0,58.0,12.0,88.0,71.0,40.0,10.0,6.0,7.0,6.0,4.0,19.0,8.0,8.0,7.0,5.0,5.0,2.0,3.0,3.0,3.0,11.0,1.0,7.0,5.0,2.0,25.0,,,,100.0,0.0,100.0,4.0,,,,1.0,1.0,2.0,1.0,,,,1.0,0.0,2.0,,,,0.0,3.0,0.0,,,,,,,,,,,,
160050801,Nyashas,draenor,21.0,30.0,,,0.0,,,,,,,,,,1.0,,,,,,,,,,0.0,,,,,,,,,,,,,,,,,,,,,,,,,,,,,,,,,,,,,,,,,,,,,,
122426455,Casjopaia,thrall,16.0,558.0,,0.0,,,,,,,,,,1.0,,,,,,,,,,0.0,,,,,,,,,,,,,0.0,,,,,,,1.0,,,,,,,0.0,,,,,,,,,,,,,,,,,,,,
85146514,Dáyworker,blackhand,9.0,5817.0,48.0,40.0,62.0,35.0,,57.0,0.0,,67.0,,23.0,15.0,13.0,17.0,,23.0,2.0,,3.0,,11.0,6.0,8.0,6.0,,13.0,0.0,,2.0,,,46.0,33.0,92.0,,45.0,,,28.0,18.0,13.0,,11.0,,,13.0,6.0,12.0,,5.0,,,,,,,,,,,,,,,,,,,
131112497,Lokyrea,kelthuzad,30.0,2952.0,20.0,20.0,0.0,43.0,,40.0,,,,,5.0,5.0,1.0,7.0,,5.0,,,,,1.0,1.0,0.0,3.0,,2.0,,,,,25.0,38.0,75.0,38.0,62.0,0.0,,8.0,8.0,4.0,8.0,8.0,2.0,,2.0,3.0,3.0,3.0,5.0,0.0,,,,,,,,,,,,,,,,,,,
73690101,Нюрланхотеп,soulflayer,34.0,11627.0,65.0,22.0,41.0,28.0,,30.0,50.0,50.0,33.0,0.0,23.0,9.0,17.0,18.0,,27.0,4.0,8.0,3.0,1.0,15.0,2.0,7.0,5.0,,8.0,2.0,4.0,1.0,0.0,43.0,41.0,67.0,30.0,35.0,50.0,50.0,21.0,32.0,12.0,10.0,17.0,14.0,2.0,9.0,13.0,8.0,3.0,6.0,7.0,1.0,100.0,4.0,4.0,33.0,3.0,1.0,,,,,,,,,,,,
169121051,Йуле,deathguard,18.0,4799.0,83.0,38.0,30.0,32.0,100.0,62.0,71.0,100.0,,67.0,6.0,8.0,10.0,19.0,1.0,16.0,7.0,3.0,,6.0,5.0,3.0,3.0,6.0,1.0,10.0,5.0,3.0,,4.0,33.0,17.0,,100.0,80.0,67.0,100.0,3.0,6.0,,1.0,5.0,3.0,1.0,1.0,1.0,,1.0,4.0,2.0,1.0,,,,43.0,7.0,3.0,,,,,,,,,,,,
216309744,Huanamare,sylvanas,9.0,37574.0,33.0,60.0,61.0,48.0,,67.0,60.0,100.0,43.0,75.0,61.0,75.0,94.0,102.0,,81.0,5.0,2.0,7.0,4.0,20.0,45.0,57.0,49.0,,54.0,3.0,2.0,3.0,3.0,65.0,50.0,48.0,38.0,64.0,66.0,100.0,101.0,107.0,104.0,66.0,94.0,68.0,1.0,66.0,54.0,50.0,25.0,60.0,45.0,1.0,,,,60.0,5.0,3.0,,,,67.0,3.0,2.0,,,,,,
148273915,Mâira,blackrock,30.0,57.0,,100.0,,,,,,,,,,1.0,,,,,,,,,,1.0,,,,,,,,,,,,,,,,,,,,,,,,,,,,,,,,,,,,,,,,,,,,,,,
23900674,Garlion,shattered-halls,7.0,2178.0,75.0,100.0,100.0,67.0,,17.0,100.0,60.0,100.0,0.0,8.0,1.0,3.0,6.0,,6.0,1.0,5.0,1.0,2.0,6.0,1.0,3.0,4.0,,1.0,1.0,3.0,1.0,0.0,75.0,43.0,75.0,25.0,0.0,,,4.0,7.0,8.0,4.0,1.0,,,3.0,3.0,6.0,1.0,0.0,,,,,,0.0,1.0,0.0,,,,67.0,3.0,2.0,,,,,,
164844412,Pertilini,blackrock,18.0,271.0,100.0,,33.0,,,,50.0,0.0,,100.0,1.0,,3.0,,,,2.0,1.0,,1.0,1.0,,1.0,,,,1.0,0.0,,1.0,,,,,,,,,,,,,,,,,,,,,,,,,,,,,,,,,,,,,,,
161729898,Chewba,voljin,3.0,386.0,100.0,50.0,,0.0,,0.0,0.0,,100.0,,1.0,2.0,,1.0,,1.0,1.0,,1.0,,1.0,1.0,,0.0,,0.0,0.0,,1.0,,,,,,,,,,,,,,,,,,,,,,,,,,0.0,1.0,0.0,,,,,,,,,,,,
156373051,Birgar,tirion,1.0,1459.0,60.0,100.0,,67.0,,,,,,,5.0,1.0,,3.0,,,,,,,3.0,1.0,,2.0,,,,,,,67.0,0.0,33.0,50.0,83.0,,,6.0,1.0,3.0,4.0,6.0,,,4.0,0.0,1.0,2.0,5.0,,,,,,,,,,,,,,,,,,,,
134022315,Гостерман,galakrond,71.0,19443.0,56.0,42.0,65.0,80.0,,60.0,60.0,57.0,78.0,67.0,16.0,19.0,20.0,15.0,,35.0,25.0,14.0,9.0,3.0,9.0,8.0,13.0,12.0,,21.0,15.0,8.0,7.0,2.0,72.0,20.0,60.0,,67.0,47.0,25.0,18.0,5.0,10.0,,9.0,19.0,4.0,13.0,1.0,6.0,,6.0,9.0,1.0,100.0,11.0,11.0,71.0,14.0,10.0,50.0,12.0,6.0,40.0,5.0,2.0,,,,,,
149922389,Verdikt,alleria,13.0,3767.0,100.0,31.0,40.0,67.0,,43.0,0.0,57.0,,100.0,9.0,13.0,5.0,3.0,,14.0,4.0,7.0,,2.0,9.0,4.0,2.0,2.0,,6.0,0.0,4.0,,2.0,60.0,50.0,20.0,0.0,100.0,67.0,,5.0,8.0,5.0,1.0,4.0,3.0,,3.0,4.0,1.0,0.0,4.0,2.0,,100.0,4.0,4.0,80.0,5.0,4.0,,,,,,,,,,,,
139472185,Регенка,gordunni,16.0,6247.0,53.0,25.0,38.0,50.0,,25.0,,,,,15.0,12.0,13.0,8.0,,8.0,,,,,8.0,3.0,5.0,4.0,,2.0,,,,,53.0,44.0,38.0,17.0,83.0,33.0,0.0,15.0,9.0,8.0,12.0,24.0,9.0,1.0,8.0,4.0,3.0,2.0,20.0,3.0,0.0,100.0,1.0,1.0,50.0,2.0,1.0,,,,,,,,,,,,
176746807,Bebeng,burning-legion,1.0,66.0,,,,,,,,,,100.0,,,,,,,,,,1.0,,,,,,,,,,1.0,,,,,,,,,,,,,,,,,,,,,,,,,,,,,,,,,,,,,,,
96517044,Ританнэ,soulflayer,63.0,22197.0,57.0,52.0,70.0,56.0,,57.0,60.0,71.0,75.0,100.0,76.0,124.0,66.0,88.0,,70.0,5.0,14.0,8.0,1.0,43.0,64.0,46.0,49.0,,40.0,3.0,10.0,6.0,1.0,58.0,56.0,58.0,65.0,45.0,64.0,,12.0,143.0,74.0,63.0,11.0,55.0,,7.0,80.0,43.0,41.0,5.0,35.0,,,,,,,,,,,,,,,,,,,
153078382,Anorwen,pozzo-delleternità,14.0,4849.0,44.0,14.0,0.0,33.0,,50.0,43.0,0.0,67.0,,9.0,7.0,2.0,3.0,,10.0,7.0,1.0,3.0,,4.0,1.0,0.0,1.0,,5.0,3.0,0.0,2.0,,42.0,25.0,0.0,,50.0,31.0,,12.0,4.0,6.0,,20.0,16.0,,5.0,1.0,0.0,,10.0,5.0,,100.0,1.0,1.0,100.0,4.0,4.0,0.0,1.0,0.0,,,,,,,,,
141446147,Prcinka,twisting-nether,2.0,39.0,,,0.0,,,,,,,,,,1.0,,,,,,,,,,0.0,,,,,,,,,,,,,,,,,,,,,,,,,,,,,,,,,,,,,,,,,,,,,,
163434491,Zectoz,kazzak,109.0,5581.0,64.0,70.0,75.0,69.0,0.0,56.0,,67.0,,,11.0,10.0,8.0,13.0,1.0,16.0,,3.0,,,7.0,7.0,6.0,9.0,0.0,9.0,,2.0,,,36.0,40.0,33.0,91.0,25.0,29.0,56.0,14.0,5.0,9.0,11.0,8.0,7.0,9.0,5.0,2.0,3.0,10.0,2.0,2.0,5.0,,,,100.0,8.0,8.0,,,,,,,,,,,,
180537145,Rasal,nemesis,23.0,7073.0,22.0,86.0,62.0,42.0,,42.0,38.0,25.0,50.0,100.0,9.0,7.0,13.0,12.0,,19.0,8.0,4.0,4.0,1.0,2.0,6.0,8.0,5.0,,8.0,3.0,1.0,2.0,1.0,46.0,53.0,20.0,0.0,73.0,100.0,,13.0,17.0,5.0,4.0,11.0,1.0,,6.0,9.0,1.0,0.0,8.0,1.0,,100.0,30.0,30.0,50.0,8.0,4.0,,,,,,,,,,,,
88560044,Salesch,blackhand,1.0,26422.0,52.0,40.0,38.0,37.0,,42.0,,0.0,,,54.0,42.0,21.0,30.0,,60.0,,1.0,,,28.0,17.0,8.0,11.0,,25.0,,0.0,,,35.0,36.0,54.0,43.0,57.0,50.0,,135.0,134.0,156.0,23.0,51.0,4.0,,47.0,48.0,85.0,10.0,29.0,2.0,,,,,,,,,,,,,,,,,,,
76966881,Aulorum,thrall,8.0,5315.0,38.0,50.0,,,,,,0.0,100.0,,8.0,4.0,,,,,,1.0,1.0,,3.0,2.0,,,,,,0.0,1.0,,70.0,38.0,53.0,36.0,33.0,,,10.0,8.0,15.0,11.0,12.0,,,7.0,3.0,8.0,4.0,4.0,,,,,,,,,,,,,,,,,,,,
165453733,Aurélion,lothar,14.0,1788.0,67.0,0.0,0.0,0.0,,0.0,50.0,0.0,17.0,25.0,3.0,1.0,4.0,1.0,,1.0,4.0,1.0,6.0,4.0,2.0,0.0,0.0,0.0,,0.0,2.0,0.0,1.0,1.0,50.0,,,,60.0,,20.0,2.0,,,,5.0,,5.0,1.0,,,,3.0,,1.0,,,,20.0,5.0,1.0,,,,100.0,1.0,1.0,,,,,,
195937904,Aproximativ,silvermoon,8.0,814.0,50.0,0.0,100.0,100.0,,0.0,80.0,0.0,67.0,,4.0,1.0,1.0,1.0,,1.0,5.0,3.0,3.0,,2.0,0.0,1.0,1.0,,0.0,4.0,0.0,2.0,,,,,,,,,,,,,,,,,,,,,,,,,,,,,,,,100.0,1.0,1.0,,,,,,
45002075,Majkina,auchindoun,24.0,7237.0,50.0,60.0,83.0,43.0,,17.0,50.0,33.0,60.0,25.0,12.0,5.0,6.0,7.0,,6.0,4.0,3.0,5.0,4.0,6.0,3.0,5.0,3.0,,1.0,2.0,1.0,3.0,1.0,55.0,0.0,71.0,69.0,67.0,,50.0,11.0,2.0,7.0,13.0,6.0,,2.0,6.0,0.0,5.0,9.0,4.0,,1.0,,,,,,,,,,,,,,,,,,
135341284,Kyiel,wrathbringer,6.0,1090.0,0.0,75.0,75.0,67.0,,100.0,200.0,,,,1.0,4.0,4.0,3.0,,3.0,2.0,,,,0.0,3.0,3.0,2.0,,3.0,4.0,,,,,67.0,33.0,,,100.0,,,6.0,3.0,,,1.0,,,4.0,1.0,,,1.0,,,,,,,,,,,,,,,,,,,
161155112,Astreol,dun-morogh,1.0,249.0,100.0,,,,,,,,,,1.0,,,,,,,,,,1.0,,,,,,,,,,,0.0,0.0,,,,,,1.0,1.0,,,,,,0.0,0.0,,,,,,,,,,,,,,,,,,,,,,
139772106,Kirisakî,blackrock,19.0,4255.0,62.0,67.0,,,,0.0,100.0,,,,13.0,6.0,,,,2.0,1.0,,,,8.0,4.0,,,,0.0,1.0,,,,80.0,73.0,67.0,67.0,100.0,,,5.0,11.0,12.0,27.0,2.0,,,4.0,8.0,8.0,18.0,2.0,,,,,,,,,,,,,,,,,,,,
100904572,Megano,defias-brotherhood,12.0,36781.0,50.0,37.0,57.0,49.0,,50.0,100.0,100.0,40.0,100.0,76.0,38.0,7.0,47.0,,8.0,3.0,1.0,5.0,1.0,38.0,14.0,4.0,23.0,,4.0,3.0,1.0,2.0,1.0,49.0,48.0,51.0,50.0,49.0,,50.0,72.0,89.0,99.0,124.0,53.0,,10.0,35.0,43.0,50.0,62.0,26.0,,5.0,,,,67.0,3.0,2.0,,,,,,,,,,,,
153715547,Arunâ,tichondrius,32.0,4664.0,50.0,50.0,25.0,0.0,,33.0,,,,0.0,6.0,4.0,4.0,2.0,,3.0,,,,1.0,3.0,2.0,1.0,0.0,,1.0,,,,0.0,27.0,33.0,67.0,,43.0,100.0,60.0,11.0,6.0,3.0,,7.0,2.0,5.0,3.0,2.0,2.0,,3.0,2.0,3.0,,,,25.0,4.0,1.0,,,,,,,,,,,,
157089399,Wudji,ysondre,131.0,1683.0,50.0,25.0,17.0,50.0,,20.0,,67.0,83.0,29.0,4.0,4.0,6.0,2.0,,5.0,,3.0,6.0,7.0,2.0,1.0,1.0,1.0,,1.0,,2.0,5.0,2.0,,,,,,,,,,,,,,,,,,,,,,,,,,,,100.0,1.0,1.0,,,,,,,,,
84268877,Йошкинкот,howling-fjord,12.0,11701.0,52.0,64.0,60.0,40.0,,60.0,,100.0,100.0,,23.0,11.0,5.0,5.0,,5.0,,3.0,1.0,,12.0,7.0,3.0,2.0,,3.0,,3.0,1.0,,28.0,49.0,38.0,31.0,33.0,0.0,,18.0,41.0,53.0,29.0,9.0,1.0,,5.0,20.0,20.0,9.0,3.0,0.0,,,,,,,,100.0,2.0,2.0,,,,,,,,,
109856731,Avizura,blackrock,48.0,852.0,50.0,50.0,83.0,50.0,,0.0,0.0,67.0,50.0,75.0,2.0,2.0,6.0,2.0,,2.0,1.0,3.0,2.0,4.0,1.0,1.0,5.0,1.0,,0.0,0.0,2.0,1.0,3.0,,0.0,,,100.0,,,,1.0,,,1.0,,,,0.0,,,1.0,,,,,,0.0,2.0,0.0,,,,,,,,,,,,
12830642,Quanty,arthas,46.0,4810.0,33.0,0.0,40.0,50.0,,40.0,60.0,33.0,0.0,,3.0,2.0,5.0,6.0,,5.0,5.0,3.0,2.0,,1.0,0.0,2.0,3.0,,2.0,3.0,1.0,0.0,,100.0,50.0,25.0,0.0,25.0,0.0,0.0,4.0,2.0,4.0,3.0,8.0,1.0,1.0,4.0,1.0,1.0,0.0,2.0,0.0,0.0,,,,0.0,6.0,0.0,100.0,1.0,1.0,,,,,,,,,
167252958,Lauser,arthas,5.0,534.0,33.0,0.0,0.0,100.0,,0.0,100.0,75.0,0.0,100.0,3.0,2.0,1.0,1.0,,2.0,1.0,4.0,1.0,1.0,1.0,0.0,0.0,1.0,,0.0,1.0,3.0,0.0,1.0,,,,,,,,,,,,,,,,,,,,,,,,,,,,,,,,,,,,,,,
141597854,Neijala,arthas,30.0,20006.0,55.0,71.0,83.0,60.0,,30.0,50.0,71.0,100.0,,38.0,7.0,6.0,10.0,,10.0,2.0,7.0,2.0,,21.0,5.0,5.0,6.0,,3.0,1.0,5.0,2.0,,41.0,49.0,62.0,57.0,46.0,46.0,,51.0,35.0,32.0,21.0,24.0,13.0,,21.0,17.0,20.0,12.0,11.0,6.0,,100.0,1.0,1.0,50.0,4.0,2.0,100.0,7.0,7.0,100.0,1.0,1.0,,,,,,
195659143,Hailboï,archimonde,9.0,3206.0,50.0,43.0,50.0,33.0,,75.0,67.0,33.0,50.0,0.0,2.0,7.0,2.0,6.0,,4.0,3.0,3.0,2.0,1.0,1.0,3.0,1.0,2.0,,3.0,2.0,1.0,1.0,0.0,50.0,,,,31.0,,25.0,2.0,,,,13.0,,8.0,1.0,,,,4.0,,2.0,,,,40.0,10.0,4.0,,,,,,,,,,,,
160295954,Yaidon,argent-dawn,8.0,1834.0,75.0,43.0,50.0,40.0,,20.0,33.0,44.0,40.0,50.0,4.0,7.0,4.0,5.0,,5.0,3.0,9.0,5.0,6.0,3.0,3.0,2.0,2.0,,1.0,1.0,4.0,2.0,3.0,,,,,,,,,,,,,,,,,,,,,,,,,100.0,2.0,2.0,,,,50.0,4.0,2.0,,,,100.0,1.0,1.0
30076378,Jodilyn,outland,66.0,7840.0,45.0,100.0,25.0,67.0,,83.0,88.0,33.0,,,11.0,2.0,4.0,3.0,,6.0,8.0,3.0,,,5.0,2.0,1.0,2.0,,5.0,7.0,1.0,,,59.0,40.0,56.0,0.0,82.0,50.0,,22.0,10.0,9.0,2.0,17.0,2.0,,13.0,4.0,5.0,0.0,14.0,1.0,,,,,100.0,1.0,1.0,,,,,,,,,,,,
145335205,Kôrkônê,arthas,20.0,97.0,,100.0,100.0,,,,,,,,,1.0,1.0,,,,,,,,,1.0,1.0,,,,,,,,,,,,,,,,,,,,,,,,,,,,,,,,,,,,,,,,,,,,,,
176231782,Intrøper,outland,11.0,3109.0,38.0,33.0,67.0,44.0,,29.0,83.0,75.0,75.0,0.0,8.0,3.0,6.0,9.0,,7.0,6.0,4.0,4.0,1.0,3.0,1.0,4.0,4.0,,2.0,5.0,3.0,3.0,0.0,50.0,50.0,100.0,,50.0,50.0,,2.0,4.0,3.0,,2.0,4.0,,1.0,2.0,3.0,,1.0,2.0,,,,,67.0,3.0,2.0,,,,,,,,,,,,
154057664,Malwéthiel,kirin-tor,84.0,5572.0,0.0,65.0,71.0,21.0,,27.0,250.0,20.0,,33.0,2.0,17.0,7.0,24.0,,11.0,2.0,5.0,,3.0,0.0,11.0,5.0,5.0,,3.0,5.0,1.0,,1.0,44.0,33.0,0.0,,50.0,80.0,0.0,9.0,12.0,4.0,,8.0,5.0,1.0,4.0,4.0,0.0,,4.0,4.0,0.0,100.0,14.0,14.0,50.0,6.0,3.0,0.0,4.0,0.0,,,,,,,,,
81816192,Clëment,dun-modr,72.0,5852.0,64.0,58.0,38.0,58.0,88.0,45.0,40.0,45.0,39.0,47.0,11.0,12.0,21.0,12.0,8.0,11.0,15.0,11.0,18.0,19.0,7.0,7.0,8.0,7.0,7.0,5.0,6.0,5.0,7.0,9.0,0.0,100.0,,,50.0,100.0,0.0,2.0,1.0,,,2.0,1.0,1.0,0.0,1.0,,,1.0,1.0,0.0,,,,0.0,1.0,0.0,,,,,,,,,,,,
128896905,Murielbagge,ravencrest,6.0,555.0,,100.0,100.0,0.0,,100.0,50.0,0.0,100.0,100.0,,1.0,1.0,1.0,,1.0,2.0,1.0,1.0,3.0,,1.0,1.0,0.0,,1.0,1.0,0.0,1.0,3.0,100.0,,,,100.0,,100.0,1.0,,,,1.0,,1.0,1.0,,,,1.0,,1.0,,,,,,,,,,,,,,,,,,
158992537,Paläca,dun-modr,22.0,1436.0,67.0,100.0,,,,,,,,,3.0,2.0,,,,,,,,,2.0,2.0,,,,,,,,,,100.0,33.0,0.0,,,,,1.0,3.0,2.0,,,,,1.0,1.0,0.0,,,,,,,,,,,,,,,,,,,,,
91973227,Noraliä,kaelthas,11.0,3767.0,75.0,60.0,,17.0,,,,,,,4.0,10.0,,6.0,,,,,,,3.0,6.0,,1.0,,,,,,,20.0,57.0,50.0,40.0,50.0,,,10.0,7.0,8.0,25.0,6.0,,,2.0,4.0,4.0,10.0,3.0,,,,,,,,,,,,,,,,,,,,
11679284,Nyù,anetheron,18.0,24934.0,60.0,45.0,53.0,69.0,,41.0,,,,,55.0,31.0,15.0,35.0,,22.0,,,,,33.0,14.0,8.0,24.0,,9.0,,,,,33.0,52.0,61.0,49.0,56.0,100.0,,117.0,87.0,59.0,39.0,34.0,1.0,,39.0,45.0,36.0,19.0,19.0,1.0,,,,,100.0,1.0,1.0,,,,,,,,,,,,
162906018,Йодорук,soulflayer,4.0,436.0,0.0,50.0,,100.0,,0.0,,,,100.0,1.0,2.0,,1.0,,1.0,,,,1.0,0.0,1.0,,1.0,,0.0,,,,1.0,,,,,,,,,,,,,,,,,,,,,,,,,,,,,,,,,,,,,,,
144903372,Horokeus,archimonde,12.0,2480.0,50.0,67.0,67.0,71.0,,60.0,40.0,50.0,40.0,50.0,6.0,6.0,6.0,7.0,,5.0,5.0,2.0,5.0,2.0,3.0,4.0,4.0,5.0,,3.0,2.0,1.0,2.0,1.0,33.0,0.0,0.0,33.0,17.0,0.0,50.0,9.0,1.0,2.0,3.0,6.0,1.0,2.0,3.0,0.0,0.0,1.0,1.0,0.0,1.0,,,,100.0,1.0,1.0,,,,,,,,,,,,
162695376,Paleitor,exodar,5.0,1177.0,0.0,,,,,50.0,,100.0,50.0,,1.0,,,,,2.0,,1.0,2.0,,0.0,,,,,1.0,,1.0,1.0,,,,,,,,,,,,,,,,,,,,,,,,,,33.0,3.0,1.0,,,,,,,,,,,,
103738919,Chrainn,argent-dawn,19.0,5438.0,70.0,41.0,43.0,44.0,,45.0,200.0,,100.0,,10.0,17.0,28.0,16.0,,51.0,1.0,,1.0,,7.0,7.0,12.0,7.0,,23.0,2.0,,1.0,,33.0,46.0,44.0,17.0,67.0,44.0,,3.0,13.0,16.0,6.0,3.0,16.0,,1.0,6.0,7.0,1.0,2.0,7.0,,,,,,,,,,,,,,,,,,,
137245973,Kinezu,ravenholdt,3.0,407.0,100.0,0.0,100.0,100.0,,,67.0,0.0,0.0,,1.0,1.0,1.0,1.0,,,3.0,1.0,1.0,,1.0,0.0,1.0,1.0,,,2.0,0.0,0.0,,0.0,,,,0.0,,,1.0,,,,1.0,,,0.0,,,,0.0,,,,,,,,,,,,,,,,,,,,
96884524,Zinora,gorgonnash,37.0,15904.0,67.0,43.0,33.0,44.0,,60.0,,,,,46.0,7.0,3.0,9.0,,5.0,,,,,31.0,3.0,1.0,4.0,,3.0,,,,,59.0,48.0,74.0,63.0,58.0,75.0,,58.0,54.0,43.0,52.0,26.0,4.0,,34.0,26.0,32.0,33.0,15.0,3.0,,,,,100.0,1.0,1.0,,,,,,,,,,,,
153450223,Pokpoke,ysondre,33.0,332.0,,100.0,0.0,,,100.0,0.0,0.0,50.0,100.0,,1.0,1.0,,,1.0,1.0,1.0,2.0,1.0,,1.0,0.0,,,1.0,0.0,0.0,1.0,1.0,,,,,,,,,,,,,,,,,,,,,,,,,,,,,,,,,,,,,,,
74148547,Shameon,blackmoore,12.0,2209.0,100.0,0.0,,,,0.0,,100.0,,100.0,1.0,1.0,,,,1.0,,2.0,,1.0,1.0,0.0,,,,0.0,,2.0,,1.0,33.0,,,,86.0,,0.0,6.0,,,,7.0,,3.0,2.0,,,,6.0,,0.0,,,,38.0,8.0,3.0,,,,,,,,,,,,
170039370,Akilim,eldrethalas,3.0,5144.0,,0.0,50.0,,,40.0,0.0,50.0,0.0,,,1.0,2.0,,,5.0,1.0,2.0,1.0,,,0.0,1.0,,,2.0,0.0,1.0,0.0,,,,0.0,50.0,40.0,,,,,1.0,4.0,5.0,,,,,0.0,2.0,2.0,,,,,,,,,,,,,,,,,,,,
168784801,Dween,dalaran,10.0,1314.0,,50.0,0.0,20.0,100.0,0.0,62.0,50.0,33.0,100.0,,2.0,1.0,5.0,1.0,1.0,8.0,6.0,6.0,1.0,,1.0,0.0,1.0,1.0,0.0,5.0,3.0,2.0,1.0,50.0,,,,40.0,,50.0,4.0,,,,5.0,,4.0,2.0,,,,2.0,,2.0,,,,,,,,,,,,,,,,,,
173594799,Tlyrni,chogall,2.0,419.0,,,,,,,,,,,,,,,,,,,,,,,,,,,,,,,,,,,50.0,,100.0,,,,,2.0,,1.0,,,,,1.0,,1.0,,,,0.0,1.0,0.0,50.0,2.0,1.0,,,,,,,,,
195864846,Richardt,aegwynn,2.0,265.0,,,,,,,,0.0,,,,,,,,,,1.0,,,,,,,,,,0.0,,,,,,,100.0,,,,,,,2.0,,,,,,,2.0,,,,,,100.0,1.0,1.0,,,,,,,,,,,,
177476418,Летреен,ashenvale,7.0,751.0,,,0.0,50.0,,,100.0,33.0,0.0,0.0,,,1.0,2.0,,,1.0,3.0,2.0,2.0,,,0.0,1.0,,,1.0,1.0,0.0,0.0,33.0,,,,50.0,,33.0,3.0,,,,2.0,,3.0,1.0,,,,1.0,,1.0,,,,,,,,,,,,,,,,,,
147076029,Eashi,arthas,6.0,1582.0,67.0,,100.0,,,,0.0,25.0,,50.0,3.0,,1.0,,,,1.0,4.0,,4.0,2.0,,1.0,,,,0.0,1.0,,2.0,,,,,50.0,,,,,,,2.0,,,,,,,1.0,,,,,,33.0,3.0,1.0,67.0,3.0,2.0,,,,,,,,,
81433540,Палаконник,soulflayer,5.0,9124.0,67.0,80.0,25.0,50.0,,50.0,,50.0,,50.0,12.0,10.0,4.0,12.0,,2.0,,2.0,,2.0,8.0,8.0,1.0,6.0,,1.0,,1.0,,1.0,57.0,50.0,30.0,50.0,30.0,20.0,50.0,7.0,18.0,10.0,12.0,10.0,5.0,2.0,4.0,9.0,3.0,6.0,3.0,1.0,1.0,,,,67.0,3.0,2.0,,,,,,,,,,100.0,1.0,1.0
195092052,Plöry,archimonde,37.0,565.0,,,100.0,,,,,,,0.0,,,1.0,,,,,,,1.0,,,1.0,,,,,,,0.0,0.0,,,,,,100.0,1.0,,,,,,2.0,0.0,,,,,,2.0,,,,100.0,1.0,1.0,,,,,,,,,,,,
194896566,Pónoa,silvermoon,19.0,1783.0,67.0,0.0,100.0,50.0,,0.0,0.0,100.0,,,3.0,1.0,2.0,4.0,,1.0,1.0,1.0,,,2.0,0.0,2.0,2.0,,0.0,0.0,1.0,,,67.0,,,,67.0,,33.0,3.0,,,,3.0,,6.0,2.0,,,,2.0,,2.0,,,,80.0,5.0,4.0,,,,,,,,,,,,
69764442,Norrath,thrall,18.0,6551.0,33.0,56.0,77.0,54.0,,62.0,,50.0,0.0,100.0,12.0,9.0,13.0,13.0,,8.0,,2.0,1.0,1.0,4.0,5.0,10.0,7.0,,5.0,,1.0,0.0,1.0,26.0,52.0,48.0,27.0,36.0,100.0,0.0,27.0,27.0,21.0,11.0,14.0,6.0,2.0,7.0,14.0,10.0,3.0,5.0,6.0,0.0,,,,100.0,3.0,3.0,,,,40.0,5.0,2.0,,,,,,
123574807,Infaze,nethersturm,16.0,214.0,100.0,0.0,,,,,,0.0,0.0,,1.0,1.0,,,,,,1.0,1.0,,1.0,0.0,,,,,,0.0,0.0,,,100.0,0.0,,,,,,1.0,1.0,,,,,,1.0,0.0,,,,,,,,,,,,,,,,,,,,,,
91080828,Дэзикиэс,gordunni,35.0,7399.0,50.0,19.0,33.0,48.0,,39.0,100.0,,,,16.0,26.0,24.0,27.0,,18.0,2.0,,,,8.0,5.0,8.0,13.0,,7.0,2.0,,,,80.0,35.0,44.0,30.0,100.0,64.0,,5.0,23.0,16.0,10.0,2.0,11.0,,4.0,8.0,7.0,3.0,2.0,7.0,,,,,0.0,1.0,0.0,0.0,2.0,0.0,,,,,,,,,
164840523,Kreùos,khaz-modan,5.0,1176.0,0.0,25.0,0.0,67.0,,20.0,0.0,0.0,100.0,0.0,1.0,4.0,2.0,3.0,,5.0,1.0,1.0,1.0,1.0,0.0,1.0,0.0,2.0,,1.0,0.0,0.0,1.0,0.0,67.0,,0.0,,,,,3.0,,1.0,,,,,2.0,,0.0,,,,,,,,50.0,2.0,1.0,0.0,1.0,0.0,,,,,,,,,
118145388,Holyaragh,dalaran,96.0,778.0,,0.0,50.0,0.0,,40.0,,,,,,1.0,2.0,1.0,,5.0,,,,,,0.0,1.0,0.0,,2.0,,,,,,0.0,33.0,,,0.0,,,2.0,3.0,,,2.0,,,0.0,1.0,,,0.0,,,,,,,,,,,,,,,,,,,
107007506,Mifistius,draenor,13.0,17777.0,47.0,67.0,,50.0,,,,,,,38.0,3.0,,4.0,,,,,,,18.0,2.0,,2.0,,,,,,,51.0,55.0,91.0,39.0,44.0,0.0,,160.0,29.0,22.0,23.0,36.0,1.0,,82.0,16.0,20.0,9.0,16.0,0.0,,,,,,,,,,,,,,,,,,,
83242361,Urida,blutkessel,11.0,147.0,,,0.0,,,,,,,,,,1.0,,,,,,,,,,0.0,,,,,,,,,0.0,,100.0,,,,,1.0,,1.0,,,,,0.0,,1.0,,,,,,,,,,,,,,,,,,,,,
104987278,Никромекон,gordunni,8.0,561.0,0.0,100.0,0.0,,,0.0,50.0,33.0,,100.0,1.0,3.0,1.0,,,1.0,2.0,3.0,,1.0,0.0,3.0,0.0,,,0.0,1.0,1.0,,1.0,,,,,,,,,,,,,,,,,,,,,,,,,,,,,,,,,,,,,,,
146661096,Nâena,blackmoore,12.0,1493.0,0.0,0.0,50.0,75.0,,25.0,67.0,100.0,0.0,50.0,1.0,2.0,2.0,4.0,,4.0,3.0,3.0,1.0,2.0,0.0,0.0,1.0,3.0,,1.0,2.0,3.0,0.0,1.0,50.0,,,,50.0,,,4.0,,,,2.0,,,2.0,,,,1.0,,,,,,40.0,5.0,2.0,,,,,,,,,,,,
138847841,Nøxi,arthas,6.0,325.0,,,,0.0,,,,,,0.0,,,,1.0,,,,,,1.0,,,,0.0,,,,,,0.0,,,,,,,33.0,,,,,,,3.0,,,,,,,1.0,,,,0.0,1.0,0.0,,,,,,,,,,,,
247523901,Продамбабл,gordunni,7.0,19053.0,38.0,33.0,50.0,17.0,,25.0,50.0,33.0,25.0,33.0,26.0,3.0,2.0,6.0,,4.0,2.0,3.0,4.0,3.0,10.0,1.0,1.0,1.0,,1.0,1.0,1.0,1.0,1.0,25.0,50.0,58.0,48.0,54.0,,33.0,8.0,113.0,19.0,25.0,24.0,,6.0,2.0,57.0,11.0,12.0,13.0,,2.0,,,,50.0,6.0,3.0,,,,67.0,3.0,2.0,,,,,,
111505653,Sherry,ravencrest,15.0,20255.0,26.0,45.0,46.0,38.0,,36.0,,,,,46.0,73.0,24.0,64.0,,11.0,,,,,12.0,33.0,11.0,24.0,,4.0,,,,,69.0,35.0,42.0,35.0,57.0,44.0,,128.0,74.0,69.0,55.0,40.0,16.0,,88.0,26.0,29.0,19.0,23.0,7.0,,,,,,,,,,,,,,,,,,,
176367397,Jorjasmith,sanguino,9.0,1464.0,20.0,75.0,50.0,50.0,,60.0,67.0,50.0,,60.0,5.0,4.0,4.0,2.0,,5.0,3.0,2.0,,5.0,1.0,3.0,2.0,1.0,,3.0,2.0,1.0,,3.0,,,,,,,,,,,,,,,,,,,,,,,,,50.0,2.0,1.0,,,,,,,,,,,,
145876254,Артанаил,howling-fjord,76.0,21478.0,60.0,69.0,65.0,68.0,200.0,59.0,64.0,67.0,69.0,64.0,43.0,64.0,63.0,56.0,1.0,73.0,50.0,67.0,35.0,14.0,26.0,44.0,41.0,38.0,2.0,43.0,32.0,45.0,24.0,9.0,50.0,75.0,100.0,100.0,50.0,69.0,,6.0,4.0,1.0,1.0,2.0,26.0,,3.0,3.0,1.0,1.0,1.0,18.0,,100.0,12.0,12.0,60.0,10.0,6.0,100.0,5.0,5.0,83.0,6.0,5.0,,,,,,
158300438,Lightforge,bloodfeather,6.0,636.0,100.0,0.0,50.0,75.0,,100.0,0.0,,50.0,50.0,1.0,3.0,2.0,4.0,,1.0,1.0,,2.0,2.0,1.0,0.0,1.0,3.0,,1.0,0.0,,1.0,1.0,,,,,,,,,,,,,,,,,,,,,,,,,,,,,,,,,,,,,,,
110025571,Cygnius,ysondre,68.0,20170.0,35.0,53.0,62.0,43.0,,32.0,54.0,33.0,71.0,67.0,31.0,32.0,16.0,23.0,,25.0,13.0,9.0,7.0,3.0,11.0,17.0,10.0,10.0,,8.0,7.0,3.0,5.0,2.0,47.0,28.0,42.0,31.0,30.0,23.0,50.0,19.0,29.0,19.0,16.0,23.0,13.0,2.0,9.0,8.0,8.0,5.0,7.0,3.0,1.0,100.0,33.0,33.0,33.0,3.0,1.0,80.0,5.0,4.0,50.0,2.0,1.0,,,,,,
197510854,Lakoss,hyjal,69.0,2455.0,100.0,50.0,50.0,33.0,50.0,83.0,57.0,100.0,33.0,83.0,3.0,4.0,4.0,6.0,2.0,6.0,7.0,3.0,9.0,6.0,3.0,2.0,2.0,2.0,1.0,5.0,4.0,3.0,3.0,5.0,75.0,,,,0.0,,0.0,4.0,,,,2.0,,2.0,3.0,,,,0.0,,0.0,,,,50.0,4.0,2.0,100.0,1.0,1.0,,,,,,,,,
79350341,Æón,guldan,5.0,815.0,50.0,,67.0,50.0,,0.0,,67.0,67.0,,2.0,,3.0,2.0,,1.0,,3.0,3.0,,1.0,,2.0,1.0,,0.0,,2.0,2.0,,50.0,,,,0.0,,0.0,2.0,,,,1.0,,2.0,1.0,,,,0.0,,0.0,,,,100.0,1.0,1.0,,,,,,,,,,,,
174891056,Нэйтеро,fordragon,14.0,194.0,,0.0,,0.0,,,,,,,,1.0,,1.0,,,,,,,,0.0,,0.0,,,,,,,100.0,,,,,,,1.0,,,,,,,1.0,,,,,,,,,,,,,,,,,,,,,,,,
194231961,Selliuocsem,archimonde,22.0,2547.0,50.0,36.0,56.0,62.0,33.0,25.0,50.0,60.0,50.0,75.0,2.0,11.0,16.0,13.0,9.0,8.0,10.0,10.0,10.0,4.0,1.0,4.0,9.0,8.0,3.0,2.0,5.0,6.0,5.0,3.0,100.0,,,,100.0,,33.0,1.0,,,,3.0,,3.0,1.0,,,,3.0,,1.0,,,,50.0,2.0,1.0,,,,,,,,,,,,
95358932,Baltur,wrathbringer,12.0,5584.0,83.0,100.0,,50.0,,50.0,,,,,6.0,1.0,,2.0,,2.0,,,,,5.0,1.0,,1.0,,1.0,,,,,57.0,40.0,30.0,27.0,31.0,100.0,0.0,7.0,10.0,10.0,15.0,13.0,1.0,1.0,4.0,4.0,3.0,4.0,4.0,1.0,0.0,,,,,,,,,,,,,,,,,,
244313418,Рэйнметалл,deathguard,7.0,1453.0,0.0,0.0,67.0,60.0,,67.0,,67.0,100.0,0.0,1.0,2.0,3.0,5.0,,3.0,,3.0,1.0,1.0,0.0,0.0,2.0,3.0,,2.0,,2.0,1.0,0.0,100.0,,,,100.0,,67.0,1.0,,,,1.0,,3.0,1.0,,,,1.0,,2.0,,,,33.0,3.0,1.0,,,,,,,,,,,,
193626496,Leonaa,silvermoon,6.0,1007.0,,67.0,0.0,,67.0,67.0,33.0,67.0,71.0,25.0,,3.0,2.0,,3.0,3.0,3.0,3.0,7.0,4.0,,2.0,0.0,,2.0,2.0,1.0,2.0,5.0,1.0,,,,,,,,,,,,,,,,,,,,,,,,,0.0,1.0,0.0,,,,,,,,,,,,
177324406,Turac,dun-modr,3.0,50.0,,,,,,,100.0,,,,,,,,,,1.0,,,,,,,,,,1.0,,,,,,,,100.0,,,,,,,1.0,,,,,,,1.0,,,,,,,,,,,,,,,,,,,,
101906300,Warzhammer,kazzak,34.0,41153.0,57.0,51.0,48.0,61.0,,34.0,67.0,,,,115.0,53.0,25.0,64.0,,29.0,3.0,,,,66.0,27.0,12.0,39.0,,10.0,2.0,,,,46.0,56.0,61.0,54.0,51.0,78.0,,127.0,168.0,133.0,133.0,118.0,9.0,,59.0,94.0,81.0,72.0,60.0,7.0,,,,,,,,,,,,,,,,,,,
83594344,Defúser,arthas,8.0,36723.0,51.0,17.0,60.0,33.0,,29.0,20.0,67.0,100.0,25.0,35.0,6.0,5.0,3.0,,7.0,5.0,3.0,3.0,4.0,18.0,1.0,3.0,1.0,,2.0,1.0,2.0,3.0,1.0,55.0,38.0,59.0,32.0,60.0,,20.0,40.0,42.0,27.0,22.0,25.0,,5.0,22.0,16.0,16.0,7.0,15.0,,1.0,,,,43.0,7.0,3.0,,,,33.0,3.0,1.0,,,,,,
100695388,Ileila,alleria,5.0,23717.0,42.0,29.0,,33.0,,25.0,,0.0,0.0,,24.0,7.0,,3.0,,4.0,,1.0,1.0,,10.0,2.0,,1.0,,1.0,,0.0,0.0,,52.0,57.0,36.0,33.0,17.0,,,64.0,107.0,75.0,30.0,12.0,,,33.0,61.0,27.0,10.0,2.0,,,,,,,,,,,,,,,,,,,,
125134364,Frânkie,blackrock,22.0,6080.0,67.0,67.0,65.0,53.0,,55.0,25.0,50.0,100.0,,18.0,6.0,17.0,19.0,,20.0,4.0,2.0,1.0,,12.0,4.0,11.0,10.0,,11.0,1.0,1.0,1.0,,50.0,47.0,58.0,65.0,55.0,46.0,,10.0,15.0,19.0,17.0,11.0,13.0,,5.0,7.0,11.0,11.0,6.0,6.0,,,,,100.0,1.0,1.0,,,,50.0,2.0,1.0,,,,,,
226153336,Høøl,sylvanas,4.0,18341.0,45.0,78.0,55.0,62.0,1200.0,64.0,67.0,60.0,100.0,50.0,53.0,18.0,11.0,37.0,2.0,11.0,3.0,5.0,2.0,2.0,24.0,14.0,6.0,23.0,24.0,7.0,2.0,3.0,2.0,1.0,67.0,45.0,47.0,38.0,52.0,,,75.0,40.0,58.0,61.0,46.0,,,50.0,18.0,27.0,23.0,24.0,,,,,,,,,,,,,,,,,,,,
226308889,Яалон,gordunni,22.0,2920.0,14.0,73.0,45.0,79.0,,50.0,53.0,33.0,50.0,50.0,7.0,11.0,11.0,14.0,,12.0,15.0,6.0,12.0,6.0,1.0,8.0,5.0,11.0,,6.0,8.0,2.0,6.0,3.0,0.0,,,,,,,1.0,,,,,,,0.0,,,,,,,,,,40.0,5.0,2.0,,,,,,,,,,,,
163953508,Gauldrein,magtheridon,25.0,163.0,0.0,,0.0,,,0.0,,50.0,,,1.0,,1.0,,,1.0,,2.0,,,0.0,,0.0,,,0.0,,1.0,,,,,,,,,,,,,,,,,,,,,,,,,,,0.0,1.0,0.0,,,,,,,,,,,,
178655036,Kaÿ,pozzo-delleternità,33.0,9794.0,74.0,56.0,48.0,75.0,,63.0,75.0,67.0,56.0,62.0,23.0,32.0,21.0,20.0,,19.0,12.0,15.0,9.0,8.0,17.0,18.0,10.0,15.0,,12.0,9.0,10.0,5.0,5.0,55.0,56.0,33.0,33.0,40.0,48.0,0.0,20.0,18.0,21.0,6.0,10.0,21.0,1.0,11.0,10.0,7.0,2.0,4.0,10.0,0.0,100.0,2.0,2.0,50.0,2.0,1.0,9.0,11.0,1.0,57.0,7.0,4.0,20.0,5.0,1.0,,,
176464674,Nesthor,magtheridon,2.0,325.0,,100.0,,50.0,,0.0,100.0,100.0,,100.0,,1.0,,2.0,,1.0,1.0,1.0,,1.0,,1.0,,1.0,,0.0,1.0,1.0,,1.0,,,,,,,100.0,,,,,,,1.0,,,,,,,1.0,,,,,,,,,,,,,,,,,,
174101206,Alghoran,ragnaros,10.0,1018.0,100.0,,100.0,100.0,,,100.0,100.0,33.0,,2.0,,2.0,1.0,,,1.0,1.0,3.0,,2.0,,2.0,1.0,,,1.0,1.0,1.0,,67.0,,,,,,25.0,3.0,,,,,,4.0,2.0,,,,,,1.0,,,,67.0,3.0,2.0,,,,,,,,,,,,
167170044,Teriba,kelthuzad,3.0,166.0,,,,,,,,0.0,,,,,,,,,,2.0,,,,,,,,,,0.0,,,,,,,,,,,,,,,,,,,,,,,,,,,0.0,1.0,0.0,,,,,,,,,,,,
148717276,Thaladan,der-mithrilorden,2.0,394.0,,0.0,100.0,0.0,,100.0,0.0,,,,,1.0,1.0,1.0,,1.0,1.0,,,,,0.0,1.0,0.0,,1.0,0.0,,,,67.0,0.0,0.0,0.0,,,,3.0,2.0,1.0,1.0,,,,2.0,0.0,0.0,0.0,,,,,,,,,,,,,,,,,,,,,
175760803,Bloodlight,sanguino,8.0,265.0,,,,0.0,,0.0,,50.0,,100.0,,,,1.0,,1.0,,2.0,,1.0,,,,0.0,,0.0,,1.0,,1.0,,,,,,,,,,,,,,,,,,,,,,,,,,,,,,,,,,,,,,,
136938662,Komaster,todeswache,6.0,4186.0,60.0,100.0,40.0,100.0,,50.0,100.0,0.0,,0.0,5.0,1.0,5.0,1.0,,2.0,1.0,1.0,,2.0,3.0,1.0,2.0,1.0,,1.0,1.0,0.0,,0.0,50.0,49.0,11.0,,100.0,,50.0,8.0,35.0,9.0,,5.0,,2.0,4.0,17.0,1.0,,5.0,,1.0,,,,100.0,1.0,1.0,,,,100.0,1.0,1.0,,,,,,
171439082,Grippingcnt,kazzak,54.0,1134.0,0.0,67.0,33.0,100.0,100.0,100.0,80.0,33.0,50.0,100.0,1.0,6.0,3.0,9.0,2.0,4.0,5.0,6.0,6.0,1.0,0.0,4.0,1.0,9.0,2.0,4.0,4.0,2.0,3.0,1.0,100.0,100.0,50.0,,,0.0,,1.0,1.0,2.0,,,1.0,,1.0,1.0,1.0,,,0.0,,,,,,,,,,,,,,,,,,,
140787336,Holyvision,khadgar,129.0,40198.0,53.0,51.0,54.0,50.0,,62.0,82.0,43.0,62.0,83.0,97.0,59.0,41.0,48.0,,61.0,11.0,7.0,8.0,6.0,51.0,30.0,22.0,24.0,,38.0,9.0,3.0,5.0,5.0,65.0,50.0,53.0,58.0,54.0,46.0,,60.0,173.0,118.0,111.0,57.0,37.0,,39.0,86.0,62.0,64.0,31.0,17.0,,100.0,4.0,4.0,25.0,4.0,1.0,,,,,,,,,,,,
192498688,Эндоул,gordunni,12.0,2723.0,100.0,0.0,50.0,25.0,,0.0,67.0,100.0,100.0,,1.0,1.0,2.0,4.0,,1.0,3.0,2.0,1.0,,1.0,0.0,1.0,1.0,,0.0,2.0,2.0,1.0,,0.0,,,,50.0,,0.0,1.0,,,,2.0,,1.0,0.0,,,,1.0,,0.0,100.0,2.0,2.0,25.0,4.0,1.0,0.0,1.0,0.0,25.0,4.0,1.0,,,,,,
82267113,Nebulares,onyxia,8.0,1991.0,100.0,,,,,100.0,,100.0,,,1.0,,,,,1.0,,1.0,,,1.0,,,,,1.0,,1.0,,,67.0,75.0,52.0,100.0,0.0,,,3.0,12.0,21.0,1.0,1.0,,,2.0,9.0,11.0,1.0,0.0,,,,,,,,,,,,,,,,,,,,
141864217,Айвишпал,galakrond,31.0,6959.0,60.0,84.0,65.0,58.0,80.0,60.0,71.0,48.0,29.0,0.0,10.0,19.0,20.0,19.0,5.0,30.0,24.0,25.0,14.0,2.0,6.0,16.0,13.0,11.0,4.0,18.0,17.0,12.0,4.0,0.0,75.0,50.0,50.0,,33.0,67.0,0.0,4.0,2.0,2.0,,3.0,6.0,1.0,3.0,1.0,1.0,,1.0,4.0,0.0,100.0,5.0,5.0,0.0,1.0,0.0,0.0,1.0,0.0,100.0,1.0,1.0,,,,,,
158097496,Chosenone,rexxar,10.0,4167.0,50.0,,50.0,67.0,,33.0,0.0,50.0,0.0,75.0,8.0,,2.0,3.0,,3.0,5.0,8.0,2.0,4.0,4.0,,1.0,2.0,,1.0,0.0,4.0,0.0,3.0,50.0,,,,60.0,,67.0,12.0,,,,10.0,,3.0,6.0,,,,6.0,,2.0,,,,73.0,11.0,8.0,,,,,,,,,,,,
153314868,Wørmstar,ragnaros,115.0,8033.0,62.0,47.0,47.0,54.0,,56.0,70.0,0.0,0.0,0.0,21.0,15.0,19.0,26.0,,25.0,10.0,1.0,1.0,1.0,13.0,7.0,9.0,14.0,,14.0,7.0,0.0,0.0,0.0,60.0,38.0,29.0,62.0,50.0,50.0,,15.0,24.0,17.0,13.0,4.0,18.0,,9.0,9.0,5.0,8.0,2.0,9.0,,100.0,1.0,1.0,0.0,1.0,0.0,,,,,,,,,,,,
141110036,Holyhatina,twisting-nether,16.0,124.0,,100.0,0.0,,,,,,,,,1.0,1.0,,,,,,,,,1.0,0.0,,,,,,,,,,,,,,,,,,,,,,,,,,,,,,,,,,,,,,,,,,,,,,
165631527,Parpaing,outland,71.0,3204.0,55.0,67.0,57.0,50.0,,38.0,100.0,77.0,57.0,40.0,11.0,12.0,14.0,10.0,,8.0,3.0,13.0,7.0,5.0,6.0,8.0,8.0,5.0,,3.0,3.0,10.0,4.0,2.0,67.0,,,,0.0,100.0,0.0,3.0,,,,1.0,2.0,1.0,2.0,,,,0.0,2.0,0.0,,,,50.0,2.0,1.0,,,,50.0,4.0,2.0,,,,,,
132698412,Carnby,draenor,6.0,1601.0,,40.0,0.0,50.0,50.0,50.0,33.0,60.0,0.0,100.0,,5.0,3.0,2.0,4.0,4.0,6.0,5.0,5.0,5.0,,2.0,0.0,1.0,2.0,2.0,2.0,3.0,0.0,5.0,,,,,33.0,,50.0,,,,,3.0,,2.0,,,,,1.0,,1.0,,,,0.0,1.0,0.0,0.0,1.0,0.0,,,,,,,,,
197612454,Heimir,kazzak,21.0,627.0,100.0,100.0,,0.0,,50.0,100.0,50.0,67.0,50.0,1.0,1.0,,1.0,,2.0,1.0,2.0,3.0,4.0,1.0,1.0,,0.0,,1.0,1.0,1.0,2.0,2.0,,,,,,,100.0,,,,,,,1.0,,,,,,,1.0,,,,,,,,,,,,,,,,,,
65573120,Janná,blackmoore,30.0,167.0,,,25.0,,,,,,,,,,4.0,,,,,,,,,,1.0,,,,,,,,0.0,0.0,,,0.0,,,1.0,1.0,,,1.0,,,0.0,0.0,,,0.0,,,,,,,,,,,,,,,,,,,,
133828700,Mythrios,argent-dawn,42.0,9491.0,67.0,55.0,55.0,68.0,,41.0,100.0,100.0,,,15.0,22.0,31.0,25.0,,32.0,6.0,1.0,,,10.0,12.0,17.0,17.0,,13.0,6.0,1.0,,,39.0,74.0,47.0,,25.0,50.0,80.0,18.0,23.0,17.0,,12.0,10.0,5.0,7.0,17.0,8.0,,3.0,5.0,4.0,100.0,1.0,1.0,67.0,3.0,2.0,100.0,1.0,1.0,,,,,,,,,
141487735,Varmkorv,grim-batol,7.0,3049.0,0.0,0.0,0.0,20.0,,0.0,50.0,,,0.0,1.0,3.0,3.0,5.0,,1.0,4.0,,,2.0,0.0,0.0,0.0,1.0,,0.0,2.0,,,0.0,0.0,100.0,0.0,50.0,50.0,50.0,67.0,3.0,2.0,2.0,2.0,2.0,2.0,3.0,0.0,2.0,0.0,1.0,1.0,1.0,2.0,,,,0.0,1.0,0.0,,,,,,,,,,,,
157659003,Lenagercke,blackhand,8.0,152.0,,,,,,,,,,,,,,,,,,,,,,,,,,,,,,,100.0,,,,100.0,,,1.0,,,,1.0,,,1.0,,,,1.0,,,,,,0.0,1.0,0.0,,,,,,,,,,,,
174637182,Lyskrigern,twisting-nether,43.0,4669.0,50.0,67.0,33.0,75.0,0.0,55.0,71.0,75.0,69.0,80.0,4.0,12.0,3.0,8.0,1.0,11.0,7.0,8.0,13.0,15.0,2.0,8.0,1.0,6.0,0.0,6.0,5.0,6.0,9.0,12.0,60.0,,,,43.0,,50.0,10.0,,,,14.0,,6.0,6.0,,,,6.0,,3.0,,,,30.0,10.0,3.0,,,,,,,,,,,,
159369132,Quelthanos,tarren-mill,39.0,219.0,,100.0,,50.0,,0.0,,,,100.0,,1.0,,2.0,,1.0,,,,1.0,,1.0,,1.0,,0.0,,,,1.0,100.0,,,,,,0.0,1.0,,,,,,1.0,1.0,,,,,,0.0,,,,100.0,1.0,1.0,,,,,,,,,,,,
147459469,Enoula,blackmoore,8.0,7493.0,62.0,33.0,40.0,,,100.0,100.0,60.0,100.0,,16.0,3.0,5.0,,,3.0,5.0,5.0,1.0,,10.0,1.0,2.0,,,3.0,5.0,3.0,1.0,,47.0,70.0,70.0,56.0,57.0,,0.0,15.0,20.0,23.0,16.0,14.0,,1.0,7.0,14.0,16.0,9.0,8.0,,0.0,100.0,4.0,4.0,0.0,1.0,0.0,50.0,4.0,2.0,,,,,,,,,
192823712,Rammelsurium,aegwynn,5.0,683.0,,50.0,,50.0,100.0,,100.0,,0.0,0.0,,2.0,,4.0,1.0,,2.0,,1.0,1.0,,1.0,,2.0,1.0,,2.0,,0.0,0.0,75.0,,,,33.0,,0.0,4.0,,,,3.0,,1.0,3.0,,,,1.0,,0.0,,,,50.0,2.0,1.0,,,,,,,,,,,,
152557344,Noirac,kirin-tor,24.0,1304.0,,100.0,33.0,50.0,,50.0,50.0,0.0,,100.0,,2.0,3.0,10.0,,6.0,6.0,1.0,,1.0,,2.0,1.0,5.0,,3.0,3.0,0.0,,1.0,,50.0,33.0,,,100.0,,,2.0,3.0,,,1.0,,,1.0,1.0,,,1.0,,,,,,,,40.0,5.0,2.0,,,,,,,,,
176453733,Bléachy,twisting-nether,29.0,48633.0,59.0,66.0,46.0,57.0,,62.0,,,100.0,,93.0,149.0,56.0,118.0,,42.0,,,1.0,,55.0,98.0,26.0,67.0,,26.0,,,1.0,,52.0,64.0,65.0,64.0,60.0,56.0,,80.0,150.0,181.0,88.0,47.0,9.0,,42.0,96.0,118.0,56.0,28.0,5.0,,,,,,,,,,,,,,,,,,,
128408432,Svélna,defias-brotherhood,42.0,2081.0,67.0,0.0,56.0,0.0,,50.0,33.0,50.0,100.0,0.0,3.0,1.0,9.0,2.0,,4.0,3.0,4.0,2.0,1.0,2.0,0.0,5.0,0.0,,2.0,1.0,2.0,2.0,0.0,67.0,100.0,100.0,50.0,10.0,0.0,0.0,9.0,2.0,1.0,2.0,10.0,2.0,1.0,6.0,2.0,1.0,1.0,1.0,0.0,0.0,,,,33.0,3.0,1.0,,,,,,,,,,,,
145355935,Нурфанон,gordunni,4.0,726.0,67.0,100.0,,0.0,,40.0,0.0,100.0,,100.0,3.0,2.0,,2.0,,5.0,1.0,1.0,,1.0,2.0,2.0,,0.0,,2.0,0.0,1.0,,1.0,,,,,0.0,0.0,0.0,,,,,1.0,1.0,1.0,,,,,0.0,0.0,0.0,,,,,,,,,,,,,,,,,,
175819224,Xiiklas,skullcrusher,26.0,2195.0,100.0,17.0,33.0,60.0,0.0,75.0,17.0,100.0,50.0,33.0,2.0,6.0,6.0,5.0,6.0,4.0,6.0,1.0,2.0,6.0,2.0,1.0,2.0,3.0,0.0,3.0,1.0,1.0,1.0,2.0,40.0,,,,50.0,,71.0,5.0,,,,4.0,,7.0,2.0,,,,2.0,,5.0,,,,33.0,3.0,1.0,,,,100.0,1.0,1.0,,,,,,
64574861,Frozenhammer,area-52,11.0,6115.0,42.0,57.0,25.0,60.0,,33.0,,,,,26.0,14.0,8.0,15.0,,3.0,,,,,11.0,8.0,2.0,9.0,,1.0,,,,,62.0,39.0,44.0,38.0,91.0,0.0,,24.0,31.0,34.0,21.0,11.0,2.0,,15.0,12.0,15.0,8.0,10.0,0.0,,,,,,,,,,,,,,,,,,,
132475725,Vetrexde,blackrock,8.0,1006.0,0.0,100.0,50.0,67.0,,,67.0,0.0,0.0,0.0,1.0,1.0,2.0,3.0,,,3.0,2.0,3.0,1.0,0.0,1.0,1.0,2.0,,,2.0,0.0,0.0,0.0,67.0,,,,67.0,,,3.0,,,,3.0,,,2.0,,,,2.0,,,,,,100.0,1.0,1.0,,,,,,,,,,,,
98998308,Stiener,defias-brotherhood,14.0,10236.0,75.0,50.0,75.0,0.0,,29.0,200.0,100.0,0.0,100.0,8.0,2.0,4.0,6.0,,7.0,2.0,1.0,1.0,1.0,6.0,1.0,3.0,0.0,,2.0,4.0,1.0,0.0,1.0,0.0,56.0,33.0,25.0,80.0,0.0,100.0,1.0,9.0,6.0,8.0,5.0,8.0,1.0,0.0,5.0,2.0,2.0,4.0,0.0,1.0,,,,,,,,,,,,,,,,,,
163224163,Радостьмоя,gordunni,94.0,10242.0,67.0,43.0,56.0,59.0,,54.0,55.0,62.0,69.0,82.0,24.0,28.0,43.0,41.0,,48.0,20.0,16.0,16.0,11.0,16.0,12.0,24.0,24.0,,26.0,11.0,10.0,11.0,9.0,,55.0,38.0,100.0,,67.0,,,22.0,8.0,3.0,,12.0,,,12.0,3.0,3.0,,8.0,,100.0,2.0,2.0,,,,0.0,1.0,0.0,50.0,4.0,2.0,,,,,,
80361487,Telaari,frostwolf,83.0,19328.0,64.0,62.0,72.0,69.0,109.0,65.0,132.0,43.0,33.0,60.0,36.0,42.0,54.0,45.0,11.0,115.0,19.0,14.0,9.0,10.0,23.0,26.0,39.0,31.0,12.0,75.0,25.0,6.0,3.0,6.0,46.0,49.0,65.0,67.0,32.0,55.0,0.0,70.0,63.0,43.0,24.0,22.0,22.0,1.0,32.0,31.0,28.0,16.0,7.0,12.0,0.0,100.0,27.0,27.0,0.0,2.0,0.0,,,,,,,,,,,,
145919255,Zigulebugule,burning-legion,36.0,5697.0,56.0,50.0,77.0,55.0,,50.0,183.0,11.0,57.0,0.0,18.0,8.0,13.0,11.0,,16.0,6.0,9.0,7.0,3.0,10.0,4.0,10.0,6.0,,8.0,11.0,1.0,4.0,0.0,25.0,40.0,33.0,,38.0,33.0,100.0,8.0,15.0,3.0,,8.0,6.0,2.0,2.0,6.0,1.0,,3.0,2.0,2.0,,,,100.0,2.0,2.0,50.0,2.0,1.0,100.0,1.0,1.0,50.0,2.0,1.0,,,
156705856,Мечтаидиота,fordragon,52.0,13781.0,83.0,38.0,71.0,42.0,,38.0,75.0,75.0,60.0,0.0,12.0,13.0,14.0,12.0,,13.0,16.0,8.0,20.0,2.0,10.0,5.0,10.0,5.0,,5.0,12.0,6.0,12.0,0.0,60.0,,,,59.0,67.0,100.0,35.0,,,,27.0,15.0,1.0,21.0,,,,16.0,10.0,1.0,100.0,3.0,3.0,56.0,27.0,15.0,0.0,4.0,0.0,50.0,2.0,1.0,,,,,,
100816104,Kilodan,hellfire,3.0,317.0,,0.0,,,,,,,,,,1.0,,,,,,,,,,0.0,,,,,,,,,,,,0.0,100.0,,,,,,1.0,2.0,,,,,,0.0,2.0,,,,,,,,,,,,,,,,,,,,
158103304,Chalumo,ysondre,14.0,61702.0,32.0,40.0,50.0,75.0,,100.0,43.0,50.0,,,56.0,15.0,2.0,12.0,,2.0,7.0,2.0,,,18.0,6.0,1.0,9.0,,2.0,3.0,1.0,,,49.0,50.0,43.0,38.0,41.0,67.0,,90.0,149.0,126.0,55.0,17.0,3.0,,44.0,74.0,54.0,21.0,7.0,2.0,,,,,,,,,,,,,,,,,,,
166201482,Skylen,arthas,41.0,17655.0,57.0,52.0,55.0,60.0,,75.0,100.0,100.0,33.0,100.0,35.0,46.0,42.0,35.0,,48.0,4.0,2.0,3.0,1.0,20.0,24.0,23.0,21.0,,36.0,4.0,2.0,1.0,1.0,56.0,69.0,60.0,67.0,44.0,47.0,,18.0,42.0,35.0,36.0,9.0,17.0,,10.0,29.0,21.0,24.0,4.0,8.0,,,,,100.0,1.0,1.0,0.0,3.0,0.0,,,,,,,,,
