L15,L25,L30,L35,L40,L45,L50,pvp_1,pvp_2,pvp3,character.id
Blessed Hammer,First Avenger,Blinding Light,Unbreakable Spirit,Divine Purpose,Consecrated Ground,Final Stand,Steed of Glory,Guardian of the Forgotten Queen,Shield of Virtue,162957640
Blessed Hammer,First Avenger,Blinding Light,Cavalier,Divine Purpose,Hand of the Protector,Righteous Protector,Guardian of the Forgotten Queen,Shield of Virtue,Steed of Glory,163132153
Blessed Hammer,First Avenger,Fist of Justice,Unbreakable Spirit,Divine Purpose,Consecrated Ground,Righteous Protector,Warrior of Light,Steed of Glory,Unbound Freedom,126725985
Holy Shield,First Avenger,Fist of Justice,Unbreakable Spirit,Divine Purpose,Consecrated Ground,Final Stand,Steed of Glory,Luminescence,Hallowed Ground,117678468
Blessed Hammer,First Avenger,Fist of Justice,Unbreakable Spirit,Holy Avenger,Consecrated Ground,Final Stand,Shield of Virtue,Steed of Glory,Warrior of Light,165720691
Blessed Hammer,First Avenger,Blinding Light,Cavalier,Divine Purpose,Consecrated Ground,Final Stand,Shield of Virtue,Steed of Glory,Guardian of the Forgotten Queen,93933179
Holy Shield,First Avenger,Blinding Light,Unbreakable Spirit,Divine Purpose,Consecrated Ground,Final Stand,Shield of Virtue,Guardian of the Forgotten Queen,Warrior of Light,146946351
Holy Shield,First Avenger,Fist of Justice,Unbreakable Spirit,Divine Purpose,Consecrated Ground,Final Stand,Inquisition,Guardian of the Forgotten Queen,Hallowed Ground,173067646
Blessed Hammer,First Avenger,Blinding Light,Unbreakable Spirit,Divine Purpose,Consecrated Ground,Final Stand,Steed of Glory,Unbound Freedom,Warrior of Light,95484374
Holy Shield,First Avenger,Blinding Light,Unbreakable Spirit,Divine Purpose,Consecrated Ground,Final Stand,Judgments of the Pure,Guardian of the Forgotten Queen,Steed of Glory,161484022
Blessed Hammer,First Avenger,Blinding Light,Unbreakable Spirit,Divine Purpose,Consecrated Ground,Righteous Protector,Shield of Virtue,Steed of Glory,Guardian of the Forgotten Queen,100462881
Holy Shield,First Avenger,Blinding Light,Unbreakable Spirit,Divine Purpose,Consecrated Ground,Final Stand,Guarded by the Light,Warrior of Light,Steed of Glory,99486244
Blessed Hammer,Crusader's Judgment,Fist of Justice,Cavalier,Seraphim,Judgment of Light,Righteous Protector,Steed of Glory,Unbound Freedom,Guardian of the Forgotten Queen,161891340
Blessed Hammer,First Avenger,Fist of Justice,Unbreakable Spirit,Divine Purpose,Hand of the Protector,Final Stand,Steed of Glory,Unbound Freedom,Hallowed Ground,124508002
Holy Shield,Crusader's Judgment,Fist of Justice,Unbreakable Spirit,Holy Avenger,Consecrated Ground,Righteous Protector,Judgments of the Pure,Warrior of Light,Guardian of the Forgotten Queen,145355935
Holy Shield,First Avenger,Fist of Justice,Unbreakable Spirit,Divine Purpose,Consecrated Ground,Sanctified Wrath,Unbound Freedom,Warrior of Light,Steed of Glory,162775094
Holy Shield,First Avenger,Blinding Light,Unbreakable Spirit,Divine Purpose,Consecrated Ground,Final Stand,Steed of Glory,Hallowed Ground,Guardian of the Forgotten Queen,165427440
Blessed Hammer,Crusader's Judgment,Fist of Justice,Cavalier,Divine Purpose,Hand of the Protector,Righteous Protector,Luminescence,Steed of Glory,Judgments of the Pure,113388943
Holy Shield,First Avenger,Fist of Justice,Unbreakable Spirit,Divine Purpose,Consecrated Ground,Final Stand,Warrior of Light,Judgments of the Pure,Unbound Freedom,78845600
Holy Shield,First Avenger,Blinding Light,Cavalier,Divine Purpose,Consecrated Ground,Sanctified Wrath,Guardian of the Forgotten Queen,Unbound Freedom,Shield of Virtue,86944878
Blessed Hammer,First Avenger,Blinding Light,Cavalier,Divine Purpose,Consecrated Ground,Righteous Protector,Steed of Glory,Hallowed Ground,Unbound Freedom,42990090
Redoubt,Crusader's Judgment,Fist of Justice,Unbreakable Spirit,Divine Purpose,Consecrated Ground,Righteous Protector,Shield of Virtue,Guardian of the Forgotten Queen,Warrior of Light,197328168
Holy Shield,Crusader's Judgment,Fist of Justice,Cavalier,Divine Purpose,Judgment of Light,Righteous Protector,Guardian of the Forgotten Queen,Warrior of Light,Steed of Glory,157412393
Blessed Hammer,First Avenger,Fist of Justice,Cavalier,Divine Purpose,Consecrated Ground,Righteous Protector,Warrior of Light,Unbound Freedom,Luminescence,166768405
Blessed Hammer,First Avenger,Blinding Light,Unbreakable Spirit,Divine Purpose,Consecrated Ground,Final Stand,Steed of Glory,Warrior of Light,Guardian of the Forgotten Queen,161885931
Redoubt,Crusader's Judgment,Fist of Justice,Unbreakable Spirit,Seraphim,Consecrated Ground,Righteous Protector,Steed of Glory,Judgments of the Pure,Guardian of the Forgotten Queen,163136776
Holy Shield,Crusader's Judgment,Repentance,Unbreakable Spirit,Divine Purpose,Hand of the Protector,Sanctified Wrath,Sacred Duty,Shield of Virtue,Unbound Freedom,121497037
Blessed Hammer,First Avenger,Blinding Light,Unbreakable Spirit,Divine Purpose,Consecrated Ground,Final Stand,Shield of Virtue,Unbound Freedom,Guardian of the Forgotten Queen,116861406
Blessed Hammer,Crusader's Judgment,Fist of Justice,Cavalier,Divine Purpose,Hand of the Protector,Sanctified Wrath,Steed of Glory,Warrior of Light,Judgments of the Pure,164846369
Blessed Hammer,First Avenger,Fist of Justice,Cavalier,Divine Purpose,Hand of the Protector,Righteous Protector,Guardian of the Forgotten Queen,Steed of Glory,Inquisition,162926974
Blessed Hammer,First Avenger,Blinding Light,Unbreakable Spirit,Divine Purpose,Hand of the Protector,Final Stand,Shield of Virtue,Steed of Glory,Guardian of the Forgotten Queen,193066606
Holy Shield,First Avenger,Fist of Justice,Cavalier,Divine Purpose,Consecrated Ground,Sanctified Wrath,Unbound Freedom,Guardian of the Forgotten Queen,Warrior of Light,135618512
Holy Shield,First Avenger,Blinding Light,Unbreakable Spirit,Divine Purpose,Consecrated Ground,Sanctified Wrath,Warrior of Light,Hallowed Ground,Guardian of the Forgotten Queen,175999956
Holy Shield,First Avenger,Blinding Light,Unbreakable Spirit,Divine Purpose,Consecrated Ground,Final Stand,Warrior of Light,Luminescence,Unbound Freedom,159709105
Blessed Hammer,First Avenger,Blinding Light,Cavalier,Divine Purpose,Consecrated Ground,Sanctified Wrath,Judgments of the Pure,Warrior of Light,Sacred Duty,153395344
Holy Shield,First Avenger,Blinding Light,Cavalier,Divine Purpose,Consecrated Ground,Righteous Protector,Inquisition,Guardian of the Forgotten Queen,Hallowed Ground,120278986
Holy Shield,Crusader's Judgment,Blinding Light,Unbreakable Spirit,Divine Purpose,Consecrated Ground,Righteous Protector,Guardian of the Forgotten Queen,Steed of Glory,Unbound Freedom,148268233
Blessed Hammer,First Avenger,Fist of Justice,Unbreakable Spirit,Divine Purpose,Consecrated Ground,Sanctified Wrath,Guardian of the Forgotten Queen,Steed of Glory,Judgments of the Pure,176201206
Holy Shield,First Avenger,Blinding Light,Unbreakable Spirit,Seraphim,Consecrated Ground,Final Stand,Guardian of the Forgotten Queen,Steed of Glory,Shield of Virtue,157932010
Holy Shield,Crusader's Judgment,Fist of Justice,Unbreakable Spirit,Divine Purpose,Judgment of Light,Sanctified Wrath,Cleansing Light,Hallowed Ground,Guardian of the Forgotten Queen,94017367
Holy Shield,First Avenger,Fist of Justice,Unbreakable Spirit,Divine Purpose,Consecrated Ground,Righteous Protector,Hallowed Ground,Steed of Glory,Sacred Duty,155140521
Holy Shield,First Avenger,Fist of Justice,Unbreakable Spirit,Divine Purpose,Consecrated Ground,Final Stand,Hallowed Ground,Luminescence,Shield of Virtue,124067088
Blessed Hammer,Crusader's Judgment,Blinding Light,Unbreakable Spirit,Divine Purpose,Consecrated Ground,Final Stand,Steed of Glory,Sacred Duty,Guardian of the Forgotten Queen,164453772
Blessed Hammer,First Avenger,Blinding Light,Unbreakable Spirit,Divine Purpose,Hand of the Protector,Final Stand,Steed of Glory,Shield of Virtue,Hallowed Ground,10699933
Holy Shield,First Avenger,Fist of Justice,Unbreakable Spirit,Divine Purpose,Hand of the Protector,Final Stand,Inquisition,Hallowed Ground,Guardian of the Forgotten Queen,100695388
Blessed Hammer,First Avenger,Blinding Light,Unbreakable Spirit,Divine Purpose,Consecrated Ground,Righteous Protector,Hallowed Ground,Warrior of Light,Unbound Freedom,198091747
Blessed Hammer,First Avenger,Blinding Light,Unbreakable Spirit,Divine Purpose,Hand of the Protector,Righteous Protector,Steed of Glory,Hallowed Ground,Sacred Duty,152769195
Holy Shield,Crusader's Judgment,Blinding Light,Cavalier,Divine Purpose,Hand of the Protector,Sanctified Wrath,Unbound Freedom,Guardian of the Forgotten Queen,Steed of Glory,72227975
Holy Shield,First Avenger,Blinding Light,Cavalier,Divine Purpose,Consecrated Ground,Sanctified Wrath,Hallowed Ground,Steed of Glory,Judgments of the Pure,161535981
Holy Shield,Crusader's Judgment,Fist of Justice,Unbreakable Spirit,Seraphim,Consecrated Ground,Sanctified Wrath,Guardian of the Forgotten Queen,Sacred Duty,Shield of Virtue,165381210
Blessed Hammer,First Avenger,Blinding Light,Unbreakable Spirit,Divine Purpose,Hand of the Protector,Righteous Protector,Hallowed Ground,Luminescence,Unbound Freedom,137167280
Holy Shield,First Avenger,Fist of Justice,Cavalier,Divine Purpose,Consecrated Ground,Sanctified Wrath,Hallowed Ground,Judgments of the Pure,Warrior of Light,110117923
Holy Shield,First Avenger,Blinding Light,Unbreakable Spirit,Divine Purpose,Hand of the Protector,Righteous Protector,Steed of Glory,Luminescence,Inquisition,156018554
Holy Shield,First Avenger,Fist of Justice,Unbreakable Spirit,Divine Purpose,Consecrated Ground,Final Stand,Judgments of the Pure,Warrior of Light,Hallowed Ground,112822523
Blessed Hammer,First Avenger,Blinding Light,Unbreakable Spirit,Divine Purpose,Consecrated Ground,Righteous Protector,Guarded by the Light,Guardian of the Forgotten Queen,Unbound Freedom,147395689
Blessed Hammer,First Avenger,Blinding Light,Blessing of Spellwarding,Divine Purpose,Consecrated Ground,Final Stand,Shield of Virtue,Sacred Duty,Steed of Glory,128452551
Holy Shield,First Avenger,Blinding Light,Cavalier,Divine Purpose,Consecrated Ground,Righteous Protector,Shield of Virtue,Guardian of the Forgotten Queen,Steed of Glory,163177389
Holy Shield,First Avenger,Fist of Justice,Unbreakable Spirit,Divine Purpose,Hand of the Protector,Final Stand,Steed of Glory,Unbound Freedom,Warrior of Light,160947050
Holy Shield,Crusader's Judgment,Fist of Justice,Blessing of Spellwarding,Divine Purpose,Judgment of Light,Righteous Protector,Warrior of Light,Guardian of the Forgotten Queen,Judgments of the Pure,242639633
Holy Shield,First Avenger,Blinding Light,Unbreakable Spirit,Divine Purpose,Consecrated Ground,Final Stand,Warrior of Light,Shield of Virtue,Guardian of the Forgotten Queen,111200851
Holy Shield,First Avenger,Fist of Justice,Unbreakable Spirit,Divine Purpose,Hand of the Protector,Sanctified Wrath,Shield of Virtue,Guardian of the Forgotten Queen,Steed of Glory,146842035
Holy Shield,First Avenger,Fist of Justice,Unbreakable Spirit,Divine Purpose,Consecrated Ground,Final Stand,Guardian of the Forgotten Queen,Steed of Glory,Shield of Virtue,125179086
Blessed Hammer,First Avenger,Blinding Light,Unbreakable Spirit,Divine Purpose,Hand of the Protector,Final Stand,Steed of Glory,Hallowed Ground,Guardian of the Forgotten Queen,188132918
Holy Shield,First Avenger,Fist of Justice,Unbreakable Spirit,Divine Purpose,Consecrated Ground,Final Stand,Guarded by the Light,Warrior of Light,Sacred Duty,111752993
Blessed Hammer,Crusader's Judgment,Blinding Light,Cavalier,Divine Purpose,Hand of the Protector,Sanctified Wrath,Shield of Virtue,Steed of Glory,Guardian of the Forgotten Queen,194231961
Blessed Hammer,First Avenger,Blinding Light,Unbreakable Spirit,Divine Purpose,Consecrated Ground,Final Stand,Unbound Freedom,Sacred Duty,Steed of Glory,196436232
Holy Shield,First Avenger,Fist of Justice,Cavalier,Divine Purpose,Consecrated Ground,Sanctified Wrath,Steed of Glory,Luminescence,Hallowed Ground,165962447
Blessed Hammer,First Avenger,Fist of Justice,Unbreakable Spirit,Divine Purpose,Consecrated Ground,Righteous Protector,Steed of Glory,Shield of Virtue,Unbound Freedom,98623220
Holy Shield,First Avenger,Fist of Justice,Cavalier,Divine Purpose,Consecrated Ground,Final Stand,Steed of Glory,Judgments of the Pure,Luminescence,158091178
Blessed Hammer,First Avenger,Blinding Light,Unbreakable Spirit,Divine Purpose,Consecrated Ground,Righteous Protector,Shield of Virtue,Warrior of Light,Steed of Glory,143727190
Holy Shield,First Avenger,Blinding Light,Unbreakable Spirit,Divine Purpose,Consecrated Ground,Sanctified Wrath,Shield of Virtue,Guardian of the Forgotten Queen,Judgments of the Pure,101848727
Holy Shield,First Avenger,Blinding Light,Unbreakable Spirit,Holy Avenger,Consecrated Ground,Final Stand,Inquisition,Judgments of the Pure,Guardian of the Forgotten Queen,237883055
Holy Shield,First Avenger,Blinding Light,Unbreakable Spirit,Divine Purpose,Consecrated Ground,Righteous Protector,Luminescence,Steed of Glory,Judgments of the Pure,148548763
Holy Shield,First Avenger,Fist of Justice,Unbreakable Spirit,Divine Purpose,Consecrated Ground,Final Stand,Steed of Glory,Hallowed Ground,Warrior of Light,159866635
Holy Shield,First Avenger,Blinding Light,Unbreakable Spirit,Divine Purpose,Hand of the Protector,Final Stand,Warrior of Light,Steed of Glory,Unbound Freedom,144364813
Blessed Hammer,First Avenger,Blinding Light,Unbreakable Spirit,Divine Purpose,Consecrated Ground,Righteous Protector,Hallowed Ground,Guardian of the Forgotten Queen,Shield of Virtue,156795128
Holy Shield,First Avenger,Blinding Light,Unbreakable Spirit,Divine Purpose,Hand of the Protector,Sanctified Wrath,Guardian of the Forgotten Queen,Steed of Glory,Shield of Virtue,163405904
Holy Shield,First Avenger,Blinding Light,Unbreakable Spirit,Divine Purpose,Consecrated Ground,Final Stand,Warrior of Light,Guardian of the Forgotten Queen,Shield of Virtue,165677323
Blessed Hammer,First Avenger,Blinding Light,Unbreakable Spirit,Divine Purpose,Consecrated Ground,Final Stand,Judgments of the Pure,Hallowed Ground,Shield of Virtue,161799568
Holy Shield,First Avenger,Repentance,Unbreakable Spirit,Divine Purpose,Hand of the Protector,Final Stand,Steed of Glory,Guardian of the Forgotten Queen,Shield of Virtue,170099367
Holy Shield,First Avenger,Fist of Justice,Blessing of Spellwarding,Divine Purpose,Consecrated Ground,Righteous Protector,Judgments of the Pure,Steed of Glory,Guardian of the Forgotten Queen,162429935
Holy Shield,Crusader's Judgment,Blinding Light,Unbreakable Spirit,Divine Purpose,Consecrated Ground,Final Stand,Warrior of Light,Guardian of the Forgotten Queen,Sacred Duty,123223712
Holy Shield,First Avenger,Blinding Light,Cavalier,Divine Purpose,Hand of the Protector,Righteous Protector,Steed of Glory,Guardian of the Forgotten Queen,Inquisition,164912695
Holy Shield,First Avenger,Blinding Light,Blessing of Spellwarding,Divine Purpose,Consecrated Ground,Sanctified Wrath,Hallowed Ground,Guardian of the Forgotten Queen,Warrior of Light,226308889
Holy Shield,First Avenger,Blinding Light,Cavalier,Divine Purpose,Consecrated Ground,Final Stand,Shield of Virtue,Steed of Glory,Guardian of the Forgotten Queen,165453733
Holy Shield,First Avenger,Fist of Justice,Unbreakable Spirit,Divine Purpose,Judgment of Light,Sanctified Wrath,Steed of Glory,Guardian of the Forgotten Queen,Warrior of Light,162792865
Holy Shield,First Avenger,Fist of Justice,Cavalier,Divine Purpose,Consecrated Ground,Final Stand,Warrior of Light,Steed of Glory,Unbound Freedom,35756301
Holy Shield,First Avenger,Fist of Justice,Blessing of Spellwarding,Divine Purpose,Hand of the Protector,Sanctified Wrath,Sacred Duty,Steed of Glory,Hallowed Ground,192548701
Holy Shield,First Avenger,Blinding Light,Unbreakable Spirit,Divine Purpose,Judgment of Light,Final Stand,Guardian of the Forgotten Queen,Steed of Glory,Shield of Virtue,177603671
Blessed Hammer,First Avenger,Fist of Justice,Unbreakable Spirit,Divine Purpose,Consecrated Ground,Final Stand,Shield of Virtue,Judgments of the Pure,Unbound Freedom,195573032
Holy Shield,Crusader's Judgment,Fist of Justice,Blessing of Spellwarding,Divine Purpose,Judgment of Light,Righteous Protector,Unbound Freedom,Steed of Glory,Warrior of Light,144877160
Holy Shield,First Avenger,Fist of Justice,Unbreakable Spirit,Divine Purpose,Consecrated Ground,Final Stand,Guardian of the Forgotten Queen,Shield of Virtue,Unbound Freedom,154395030
Holy Shield,Crusader's Judgment,Fist of Justice,Unbreakable Spirit,Divine Purpose,Judgment of Light,Sanctified Wrath,Judgments of the Pure,Hallowed Ground,Shield of Virtue,165158669
Blessed Hammer,First Avenger,Blinding Light,Cavalier,Divine Purpose,Judgment of Light,Righteous Protector,Unbound Freedom,Steed of Glory,Hallowed Ground,109588698
Holy Shield,First Avenger,Fist of Justice,Unbreakable Spirit,Divine Purpose,Consecrated Ground,Final Stand,Shield of Virtue,Unbound Freedom,Hallowed Ground,118843925
Holy Shield,First Avenger,Blinding Light,Cavalier,Divine Purpose,Consecrated Ground,Final Stand,Judgments of the Pure,Warrior of Light,Guardian of the Forgotten Queen,177149024
Redoubt,Crusader's Judgment,Blinding Light,Cavalier,Seraphim,Judgment of Light,Righteous Protector,Warrior of Light,Unbound Freedom,Guardian of the Forgotten Queen,92015115
Blessed Hammer,First Avenger,Fist of Justice,Unbreakable Spirit,Divine Purpose,Hand of the Protector,Righteous Protector,Hallowed Ground,Cleansing Light,Warrior of Light,175709795
Holy Shield,First Avenger,Blinding Light,Unbreakable Spirit,Divine Purpose,Consecrated Ground,Final Stand,Steed of Glory,Warrior of Light,Unbound Freedom,165863612
Blessed Hammer,First Avenger,Fist of Justice,Cavalier,Divine Purpose,Consecrated Ground,Final Stand,Unbound Freedom,Steed of Glory,Shield of Virtue,158655554
Blessed Hammer,First Avenger,Fist of Justice,Unbreakable Spirit,Divine Purpose,Hand of the Protector,Final Stand,Steed of Glory,Luminescence,Unbound Freedom,173916380
Holy Shield,Crusader's Judgment,Fist of Justice,Unbreakable Spirit,Divine Purpose,Judgment of Light,Righteous Protector,Luminescence,Warrior of Light,Shield of Virtue,158112895
Blessed Hammer,First Avenger,Blinding Light,Unbreakable Spirit,Divine Purpose,Consecrated Ground,Final Stand,Sacred Duty,Unbound Freedom,Hallowed Ground,163178310
Holy Shield,First Avenger,Blinding Light,Cavalier,Divine Purpose,Consecrated Ground,Final Stand,Unbound Freedom,Hallowed Ground,Steed of Glory,96768294
Blessed Hammer,First Avenger,Fist of Justice,Blessing of Spellwarding,Divine Purpose,Consecrated Ground,Final Stand,Shield of Virtue,Guardian of the Forgotten Queen,Unbound Freedom,164108514
Blessed Hammer,Crusader's Judgment,Blinding Light,Cavalier,Divine Purpose,Hand of the Protector,Sanctified Wrath,Guardian of the Forgotten Queen,Judgments of the Pure,Steed of Glory,95500153
Blessed Hammer,Crusader's Judgment,Fist of Justice,Blessing of Spellwarding,Divine Purpose,Hand of the Protector,Righteous Protector,Shield of Virtue,Hallowed Ground,Steed of Glory,162704422
Blessed Hammer,First Avenger,Blinding Light,Unbreakable Spirit,Divine Purpose,Consecrated Ground,Righteous Protector,Shield of Virtue,Guardian of the Forgotten Queen,Warrior of Light,175138076
Holy Shield,First Avenger,Fist of Justice,Unbreakable Spirit,Divine Purpose,Consecrated Ground,Righteous Protector,Steed of Glory,Inquisition,Warrior of Light,138465092
Holy Shield,Crusader's Judgment,Fist of Justice,Unbreakable Spirit,Divine Purpose,Hand of the Protector,Sanctified Wrath,Judgments of the Pure,Hallowed Ground,Guardian of the Forgotten Queen,133969872
Blessed Hammer,First Avenger,Fist of Justice,Cavalier,Divine Purpose,Consecrated Ground,Sanctified Wrath,Steed of Glory,Hallowed Ground,Guarded by the Light,159236186
Holy Shield,Crusader's Judgment,Fist of Justice,Unbreakable Spirit,Divine Purpose,Judgment of Light,Sanctified Wrath,Guardian of the Forgotten Queen,Steed of Glory,Unbound Freedom,163150583
Holy Shield,First Avenger,Blinding Light,Unbreakable Spirit,Divine Purpose,Consecrated Ground,Final Stand,Warrior of Light,Steed of Glory,Unbound Freedom,110939843
Holy Shield,First Avenger,Fist of Justice,Cavalier,Divine Purpose,Consecrated Ground,Sanctified Wrath,Steed of Glory,Hallowed Ground,Inquisition,53372420
Blessed Hammer,First Avenger,Blinding Light,Unbreakable Spirit,Holy Avenger,Consecrated Ground,Final Stand,Unbound Freedom,Steed of Glory,Guardian of the Forgotten Queen,53690588
Holy Shield,First Avenger,Blinding Light,Cavalier,Divine Purpose,Consecrated Ground,Righteous Protector,Sacred Duty,Judgments of the Pure,Hallowed Ground,7184567
Holy Shield,First Avenger,Fist of Justice,Unbreakable Spirit,Divine Purpose,Consecrated Ground,Final Stand,Hallowed Ground,Steed of Glory,Guardian of the Forgotten Queen,120588514
Holy Shield,First Avenger,Fist of Justice,Unbreakable Spirit,Divine Purpose,Consecrated Ground,Sanctified Wrath,Sacred Duty,Hallowed Ground,Steed of Glory,172348695
Holy Shield,First Avenger,Fist of Justice,Unbreakable Spirit,Divine Purpose,Hand of the Protector,Righteous Protector,Judgments of the Pure,Hallowed Ground,Steed of Glory,119055674
Redoubt,First Avenger,Blinding Light,Unbreakable Spirit,Holy Avenger,Consecrated Ground,Final Stand,Guardian of the Forgotten Queen,Warrior of Light,Shield of Virtue,172319967
Holy Shield,First Avenger,Blinding Light,Unbreakable Spirit,Divine Purpose,Hand of the Protector,Final Stand,Guardian of the Forgotten Queen,Judgments of the Pure,Sacred Duty,159259145
Holy Shield,First Avenger,Fist of Justice,Cavalier,Divine Purpose,Consecrated Ground,Final Stand,Guardian of the Forgotten Queen,Unbound Freedom,Shield of Virtue,165388212
Blessed Hammer,First Avenger,Fist of Justice,Unbreakable Spirit,Divine Purpose,Consecrated Ground,Righteous Protector,Steed of Glory,Guardian of the Forgotten Queen,Unbound Freedom,111730213
Holy Shield,First Avenger,Fist of Justice,Unbreakable Spirit,Divine Purpose,Consecrated Ground,Sanctified Wrath,Shield of Virtue,Steed of Glory,Guardian of the Forgotten Queen,154431466
Holy Shield,First Avenger,Blinding Light,Unbreakable Spirit,Divine Purpose,Consecrated Ground,Righteous Protector,Warrior of Light,Unbound Freedom,Guardian of the Forgotten Queen,196185755
Holy Shield,First Avenger,Blinding Light,Cavalier,Divine Purpose,Consecrated Ground,Sanctified Wrath,Hallowed Ground,Steed of Glory,Judgments of the Pure,166101444
Blessed Hammer,First Avenger,Blinding Light,Unbreakable Spirit,Divine Purpose,Judgment of Light,Righteous Protector,Guardian of the Forgotten Queen,Hallowed Ground,Judgments of the Pure,201828137
Blessed Hammer,First Avenger,Blinding Light,Unbreakable Spirit,Divine Purpose,Consecrated Ground,Righteous Protector,Luminescence,Shield of Virtue,Unbound Freedom,160782495
Holy Shield,First Avenger,Blinding Light,Unbreakable Spirit,Divine Purpose,Judgment of Light,Final Stand,Unbound Freedom,Steed of Glory,Guardian of the Forgotten Queen,118872173
Holy Shield,First Avenger,Fist of Justice,Unbreakable Spirit,Divine Purpose,Consecrated Ground,Righteous Protector,Warrior of Light,Steed of Glory,Hallowed Ground,176748358
Holy Shield,First Avenger,Fist of Justice,Unbreakable Spirit,Divine Purpose,Consecrated Ground,Final Stand,Steed of Glory,Unbound Freedom,Hallowed Ground,97587780
Blessed Hammer,First Avenger,Fist of Justice,Unbreakable Spirit,Divine Purpose,Consecrated Ground,Sanctified Wrath,Guardian of the Forgotten Queen,Warrior of Light,Judgments of the Pure,159396650
Blessed Hammer,First Avenger,Fist of Justice,Unbreakable Spirit,Divine Purpose,Consecrated Ground,Sanctified Wrath,Steed of Glory,Judgments of the Pure,Warrior of Light,156657032
Holy Shield,Crusader's Judgment,Blinding Light,Unbreakable Spirit,Divine Purpose,Hand of the Protector,Sanctified Wrath,Steed of Glory,Guardian of the Forgotten Queen,Judgments of the Pure,97967676
Holy Shield,First Avenger,Blinding Light,Unbreakable Spirit,Divine Purpose,Consecrated Ground,Righteous Protector,Shield of Virtue,Steed of Glory,Guardian of the Forgotten Queen,197307856
Holy Shield,First Avenger,Fist of Justice,Cavalier,Divine Purpose,Hand of the Protector,Final Stand,Warrior of Light,Guardian of the Forgotten Queen,Steed of Glory,197087183
Holy Shield,First Avenger,Blinding Light,Cavalier,Divine Purpose,Consecrated Ground,Righteous Protector,Steed of Glory,Unbound Freedom,Shield of Virtue,68332358
Holy Shield,First Avenger,Blinding Light,Unbreakable Spirit,Divine Purpose,Hand of the Protector,Final Stand,Guardian of the Forgotten Queen,Shield of Virtue,Steed of Glory,85088610
Redoubt,Crusader's Judgment,Blinding Light,Unbreakable Spirit,Seraphim,Consecrated Ground,Righteous Protector,Shield of Virtue,Steed of Glory,Guardian of the Forgotten Queen,140005636
Blessed Hammer,First Avenger,Blinding Light,Unbreakable Spirit,Divine Purpose,Consecrated Ground,Final Stand,Luminescence,Steed of Glory,Shield of Virtue,209826807
Blessed Hammer,Crusader's Judgment,Fist of Justice,Cavalier,Divine Purpose,Hand of the Protector,Sanctified Wrath,Steed of Glory,Warrior of Light,Guardian of the Forgotten Queen,148488921
Blessed Hammer,First Avenger,Blinding Light,Unbreakable Spirit,Divine Purpose,Consecrated Ground,Sanctified Wrath,Guardian of the Forgotten Queen,Shield of Virtue,Steed of Glory,156196835
Holy Shield,First Avenger,Fist of Justice,Unbreakable Spirit,Divine Purpose,Consecrated Ground,Sanctified Wrath,Shield of Virtue,Guardian of the Forgotten Queen,Steed of Glory,175760203
Blessed Hammer,First Avenger,Blinding Light,Blessing of Spellwarding,Divine Purpose,Hand of the Protector,Final Stand,Judgments of the Pure,Luminescence,Steed of Glory,119282697
Holy Shield,First Avenger,Fist of Justice,Unbreakable Spirit,Divine Purpose,Consecrated Ground,Final Stand,Judgments of the Pure,Steed of Glory,Shield of Virtue,158260545
Blessed Hammer,Crusader's Judgment,Blinding Light,Unbreakable Spirit,Divine Purpose,Hand of the Protector,Righteous Protector,Judgments of the Pure,Guardian of the Forgotten Queen,Steed of Glory,133763979
Holy Shield,First Avenger,Blinding Light,Unbreakable Spirit,Divine Purpose,Consecrated Ground,Final Stand,Judgments of the Pure,Shield of Virtue,Guardian of the Forgotten Queen,99649571
Holy Shield,First Avenger,Fist of Justice,Unbreakable Spirit,Divine Purpose,Consecrated Ground,Final Stand,Unbound Freedom,Guardian of the Forgotten Queen,Steed of Glory,71868250
Blessed Hammer,First Avenger,Repentance,Unbreakable Spirit,Holy Avenger,Consecrated Ground,Final Stand,Shield of Virtue,Warrior of Light,Guardian of the Forgotten Queen,212008114
Holy Shield,First Avenger,Blinding Light,Cavalier,Divine Purpose,Consecrated Ground,Final Stand,Guardian of the Forgotten Queen,Steed of Glory,Unbound Freedom,44900121
Holy Shield,First Avenger,Fist of Justice,Unbreakable Spirit,Divine Purpose,Consecrated Ground,Final Stand,Judgments of the Pure,Steed of Glory,Warrior of Light,130791517
Holy Shield,First Avenger,Fist of Justice,Blessing of Spellwarding,Divine Purpose,Consecrated Ground,Final Stand,Hallowed Ground,Unbound Freedom,Guardian of the Forgotten Queen,168427758
Holy Shield,Crusader's Judgment,Blinding Light,Cavalier,Divine Purpose,Consecrated Ground,Righteous Protector,Guardian of the Forgotten Queen,Shield of Virtue,Steed of Glory,161612773
Blessed Hammer,First Avenger,Blinding Light,Cavalier,Divine Purpose,Consecrated Ground,Final Stand,Shield of Virtue,Steed of Glory,Guardian of the Forgotten Queen,166901147
Holy Shield,Crusader's Judgment,Blinding Light,Cavalier,Divine Purpose,Hand of the Protector,Sanctified Wrath,Steed of Glory,Judgments of the Pure,Guarded by the Light,118212456
Holy Shield,First Avenger,Fist of Justice,Unbreakable Spirit,Divine Purpose,Hand of the Protector,Final Stand,Steed of Glory,Unbound Freedom,Guardian of the Forgotten Queen,56128821
Blessed Hammer,First Avenger,Blinding Light,Unbreakable Spirit,Divine Purpose,Consecrated Ground,Righteous Protector,Steed of Glory,Guardian of the Forgotten Queen,Judgments of the Pure,173854115
Holy Shield,First Avenger,Fist of Justice,Unbreakable Spirit,Divine Purpose,Consecrated Ground,Final Stand,Shield of Virtue,Guarded by the Light,Guardian of the Forgotten Queen,176602415
Redoubt,First Avenger,Fist of Justice,Cavalier,Divine Purpose,Consecrated Ground,Righteous Protector,Steed of Glory,Guardian of the Forgotten Queen,Warrior of Light,187262694
Holy Shield,First Avenger,Fist of Justice,Cavalier,Divine Purpose,Hand of the Protector,Final Stand,Judgments of the Pure,Guardian of the Forgotten Queen,Steed of Glory,172312734
Holy Shield,First Avenger,Fist of Justice,Unbreakable Spirit,Divine Purpose,Consecrated Ground,Sanctified Wrath,Judgments of the Pure,Luminescence,Steed of Glory,165566705
Blessed Hammer,First Avenger,Blinding Light,Cavalier,Divine Purpose,Consecrated Ground,Final Stand,Sacred Duty,Luminescence,Guardian of the Forgotten Queen,156893044
Redoubt,Crusader's Judgment,Fist of Justice,Unbreakable Spirit,Divine Purpose,Judgment of Light,Sanctified Wrath,Hallowed Ground,Steed of Glory,Warrior of Light,137271499
Blessed Hammer,First Avenger,Blinding Light,Unbreakable Spirit,Divine Purpose,Consecrated Ground,Final Stand,Inquisition,Guardian of the Forgotten Queen,Hallowed Ground,209211183
Holy Shield,First Avenger,Blinding Light,Cavalier,Divine Purpose,Consecrated Ground,Final Stand,Judgments of the Pure,Shield of Virtue,Warrior of Light,120554741
Holy Shield,First Avenger,Fist of Justice,Unbreakable Spirit,Divine Purpose,Consecrated Ground,Final Stand,Hallowed Ground,Unbound Freedom,Steed of Glory,131381024
Holy Shield,First Avenger,Blinding Light,Cavalier,Divine Purpose,Consecrated Ground,Righteous Protector,Guardian of the Forgotten Queen,Shield of Virtue,Steed of Glory,100414051
Blessed Hammer,First Avenger,Blinding Light,Cavalier,Divine Purpose,Hand of the Protector,Final Stand,Guardian of the Forgotten Queen,Steed of Glory,Unbound Freedom,162892627
Holy Shield,First Avenger,Blinding Light,Cavalier,Divine Purpose,Consecrated Ground,Final Stand,Judgments of the Pure,Steed of Glory,Warrior of Light,109090209
Holy Shield,First Avenger,Blinding Light,Unbreakable Spirit,Divine Purpose,Consecrated Ground,Final Stand,Guardian of the Forgotten Queen,Judgments of the Pure,Sacred Duty,162416420
Blessed Hammer,First Avenger,Blinding Light,Cavalier,Divine Purpose,Consecrated Ground,Righteous Protector,Warrior of Light,Steed of Glory,Unbound Freedom,156482715
Holy Shield,First Avenger,Fist of Justice,Unbreakable Spirit,Divine Purpose,Consecrated Ground,Final Stand,Judgments of the Pure,Guardian of the Forgotten Queen,Steed of Glory,114300398
Blessed Hammer,First Avenger,Blinding Light,Unbreakable Spirit,Divine Purpose,Consecrated Ground,Righteous Protector,Steed of Glory,Unbound Freedom,Shield of Virtue,154400148
Blessed Hammer,First Avenger,Blinding Light,Unbreakable Spirit,Divine Purpose,Consecrated Ground,Final Stand,Steed of Glory,Warrior of Light,Unbound Freedom,196142318
Blessed Hammer,First Avenger,Blinding Light,Unbreakable Spirit,Divine Purpose,Consecrated Ground,Sanctified Wrath,Shield of Virtue,Steed of Glory,Cleansing Light,145840142
Holy Shield,First Avenger,Fist of Justice,Unbreakable Spirit,Divine Purpose,Consecrated Ground,Final Stand,Steed of Glory,Hallowed Ground,Unbound Freedom,161527401
Holy Shield,Crusader's Judgment,Blinding Light,Unbreakable Spirit,Divine Purpose,Judgment of Light,Final Stand,Judgments of the Pure,Guardian of the Forgotten Queen,Shield of Virtue,176740475
Holy Shield,First Avenger,Blinding Light,Unbreakable Spirit,Divine Purpose,Consecrated Ground,Final Stand,Guardian of the Forgotten Queen,Steed of Glory,Shield of Virtue,162311310
Holy Shield,First Avenger,Blinding Light,Unbreakable Spirit,Divine Purpose,Hand of the Protector,Final Stand,Judgments of the Pure,Steed of Glory,Hallowed Ground,125876552
Blessed Hammer,First Avenger,Fist of Justice,Unbreakable Spirit,Divine Purpose,Consecrated Ground,Final Stand,Steed of Glory,Guardian of the Forgotten Queen,Judgments of the Pure,175023052
Holy Shield,First Avenger,Blinding Light,Unbreakable Spirit,Divine Purpose,Hand of the Protector,Righteous Protector,Steed of Glory,Shield of Virtue,Guardian of the Forgotten Queen,157370269
Holy Shield,First Avenger,Blinding Light,Unbreakable Spirit,Divine Purpose,Consecrated Ground,Righteous Protector,Steed of Glory,Unbound Freedom,Shield of Virtue,242516691
Holy Shield,First Avenger,Fist of Justice,Unbreakable Spirit,Divine Purpose,Consecrated Ground,Final Stand,Unbound Freedom,Steed of Glory,Guardian of the Forgotten Queen,114306147
Holy Shield,First Avenger,Blinding Light,Unbreakable Spirit,Divine Purpose,Consecrated Ground,Final Stand,Judgments of the Pure,Warrior of Light,Luminescence,154410259
Blessed Hammer,First Avenger,Blinding Light,Unbreakable Spirit,Divine Purpose,Consecrated Ground,Final Stand,Judgments of the Pure,Warrior of Light,Shield of Virtue,174826948
Holy Shield,First Avenger,Blinding Light,Unbreakable Spirit,Divine Purpose,Consecrated Ground,Final Stand,Luminescence,Hallowed Ground,Sacred Duty,127782148
Blessed Hammer,First Avenger,Fist of Justice,Unbreakable Spirit,Divine Purpose,Hand of the Protector,Final Stand,Hallowed Ground,Shield of Virtue,Guardian of the Forgotten Queen,177564688
Holy Shield,First Avenger,Fist of Justice,Unbreakable Spirit,Divine Purpose,Consecrated Ground,Final Stand,Inquisition,Guardian of the Forgotten Queen,Unbound Freedom,175018118
Holy Shield,Crusader's Judgment,Blinding Light,Unbreakable Spirit,Divine Purpose,Consecrated Ground,Final Stand,Guardian of the Forgotten Queen,Hallowed Ground,Steed of Glory,175162400
Blessed Hammer,First Avenger,Blinding Light,Unbreakable Spirit,Divine Purpose,Hand of the Protector,Final Stand,Shield of Virtue,Inquisition,Guardian of the Forgotten Queen,174048729
Holy Shield,First Avenger,Fist of Justice,Unbreakable Spirit,Divine Purpose,Consecrated Ground,Final Stand,Warrior of Light,Shield of Virtue,Steed of Glory,156708165
Redoubt,First Avenger,Fist of Justice,Cavalier,Divine Purpose,Consecrated Ground,Righteous Protector,Guardian of the Forgotten Queen,Judgments of the Pure,Shield of Virtue,139520452
Holy Shield,Crusader's Judgment,Fist of Justice,Cavalier,Divine Purpose,Consecrated Ground,Sanctified Wrath,Hallowed Ground,Sacred Duty,Warrior of Light,139549748
Holy Shield,Crusader's Judgment,Fist of Justice,Cavalier,Divine Purpose,Hand of the Protector,Righteous Protector,Steed of Glory,Unbound Freedom,Judgments of the Pure,113883158
Holy Shield,First Avenger,Blinding Light,Unbreakable Spirit,Divine Purpose,Consecrated Ground,Final Stand,Unbound Freedom,Guardian of the Forgotten Queen,Hallowed Ground,247470179
Holy Shield,First Avenger,Blinding Light,Unbreakable Spirit,Divine Purpose,Hand of the Protector,Final Stand,Unbound Freedom,Steed of Glory,Hallowed Ground,175069305
Holy Shield,Crusader's Judgment,Blinding Light,Unbreakable Spirit,Divine Purpose,Consecrated Ground,Final Stand,Judgments of the Pure,Warrior of Light,Guardian of the Forgotten Queen,162539847
Holy Shield,First Avenger,Repentance,Unbreakable Spirit,Divine Purpose,Consecrated Ground,Final Stand,Steed of Glory,Judgments of the Pure,Guarded by the Light,163181642
Holy Shield,First Avenger,Blinding Light,Unbreakable Spirit,Divine Purpose,Hand of the Protector,Righteous Protector,Warrior of Light,Guardian of the Forgotten Queen,Unbound Freedom,195747491
Blessed Hammer,First Avenger,Fist of Justice,Cavalier,Divine Purpose,Consecrated Ground,Sanctified Wrath,Warrior of Light,Steed of Glory,Guardian of the Forgotten Queen,150352787
Blessed Hammer,First Avenger,Blinding Light,Cavalier,Divine Purpose,Consecrated Ground,Final Stand,Guarded by the Light,Hallowed Ground,Judgments of the Pure,247487525
Holy Shield,First Avenger,Blinding Light,Unbreakable Spirit,Divine Purpose,Hand of the Protector,Sanctified Wrath,Sacred Duty,Judgments of the Pure,Unbound Freedom,144123061
Holy Shield,First Avenger,Blinding Light,Unbreakable Spirit,Divine Purpose,Consecrated Ground,Final Stand,Steed of Glory,Shield of Virtue,Unbound Freedom,166722577
Blessed Hammer,First Avenger,Blinding Light,Unbreakable Spirit,Divine Purpose,Consecrated Ground,Righteous Protector,Judgments of the Pure,Guarded by the Light,Shield of Virtue,109856731
Holy Shield,First Avenger,Fist of Justice,Unbreakable Spirit,Divine Purpose,Consecrated Ground,Sanctified Wrath,Hallowed Ground,Warrior of Light,Judgments of the Pure,154056743
Holy Shield,First Avenger,Blinding Light,Unbreakable Spirit,Divine Purpose,Consecrated Ground,Final Stand,Warrior of Light,Inquisition,Hallowed Ground,157409587
Blessed Hammer,First Avenger,Blinding Light,Unbreakable Spirit,Divine Purpose,Consecrated Ground,Final Stand,Shield of Virtue,Guardian of the Forgotten Queen,Warrior of Light,145994461
Holy Shield,First Avenger,Blinding Light,Unbreakable Spirit,Divine Purpose,Hand of the Protector,Final Stand,Judgments of the Pure,Unbound Freedom,Guardian of the Forgotten Queen,123287394
Holy Shield,First Avenger,Blinding Light,Unbreakable Spirit,Divine Purpose,Consecrated Ground,Final Stand,Judgments of the Pure,Guarded by the Light,Warrior of Light,174300660
Blessed Hammer,Crusader's Judgment,Blinding Light,Cavalier,Divine Purpose,Hand of the Protector,Sanctified Wrath,Steed of Glory,Unbound Freedom,Luminescence,108029148
Holy Shield,First Avenger,Blinding Light,Unbreakable Spirit,Divine Purpose,Consecrated Ground,Final Stand,Steed of Glory,Shield of Virtue,Guardian of the Forgotten Queen,157034001
Blessed Hammer,First Avenger,Blinding Light,Cavalier,Holy Avenger,Hand of the Protector,Final Stand,Warrior of Light,Steed of Glory,Guardian of the Forgotten Queen,162999798
Blessed Hammer,First Avenger,Blinding Light,Unbreakable Spirit,Divine Purpose,Consecrated Ground,Sanctified Wrath,Shield of Virtue,Guardian of the Forgotten Queen,Warrior of Light,144489860
Holy Shield,First Avenger,Fist of Justice,Unbreakable Spirit,Seraphim,Judgment of Light,Righteous Protector,Steed of Glory,Guardian of the Forgotten Queen,Warrior of Light,153424761
Holy Shield,First Avenger,Blinding Light,Unbreakable Spirit,Divine Purpose,Consecrated Ground,Sanctified Wrath,Hallowed Ground,Steed of Glory,Judgments of the Pure,143820785
Holy Shield,First Avenger,Fist of Justice,Unbreakable Spirit,Divine Purpose,Consecrated Ground,Sanctified Wrath,Unbound Freedom,Hallowed Ground,Judgments of the Pure,159933105
Blessed Hammer,First Avenger,Blinding Light,Unbreakable Spirit,Divine Purpose,Hand of the Protector,Final Stand,Hallowed Ground,Sacred Duty,Warrior of Light,172607475
Holy Shield,First Avenger,Fist of Justice,Unbreakable Spirit,Divine Purpose,Consecrated Ground,Final Stand,Guardian of the Forgotten Queen,Shield of Virtue,Inquisition,140891853
Holy Shield,Crusader's Judgment,Blinding Light,Unbreakable Spirit,Divine Purpose,Hand of the Protector,Sanctified Wrath,Guardian of the Forgotten Queen,Shield of Virtue,Judgments of the Pure,196916643
Holy Shield,First Avenger,Fist of Justice,Cavalier,Divine Purpose,Consecrated Ground,Righteous Protector,Steed of Glory,Unbound Freedom,Guardian of the Forgotten Queen,197781500
Blessed Hammer,First Avenger,Blinding Light,Unbreakable Spirit,Divine Purpose,Consecrated Ground,Sanctified Wrath,Judgments of the Pure,Steed of Glory,Luminescence,85496336
Holy Shield,First Avenger,Blinding Light,Unbreakable Spirit,Holy Avenger,Hand of the Protector,Righteous Protector,Steed of Glory,Guarded by the Light,Shield of Virtue,104407874
Blessed Hammer,First Avenger,Fist of Justice,Blessing of Spellwarding,Divine Purpose,Consecrated Ground,Sanctified Wrath,Hallowed Ground,Steed of Glory,Unbound Freedom,195131195
Holy Shield,First Avenger,Blinding Light,Blessing of Spellwarding,Divine Purpose,Consecrated Ground,Final Stand,Unbound Freedom,Warrior of Light,Steed of Glory,114613153
Blessed Hammer,First Avenger,Blinding Light,Unbreakable Spirit,Divine Purpose,Consecrated Ground,Final Stand,Steed of Glory,Judgments of the Pure,Guardian of the Forgotten Queen,143450883
Holy Shield,First Avenger,Repentance,Blessing of Spellwarding,Divine Purpose,Consecrated Ground,Sanctified Wrath,Guardian of the Forgotten Queen,Shield of Virtue,Sacred Duty,119279134
Holy Shield,Crusader's Judgment,Fist of Justice,Unbreakable Spirit,Divine Purpose,Judgment of Light,Righteous Protector,Guardian of the Forgotten Queen,Shield of Virtue,Steed of Glory,225891153
Blessed Hammer,First Avenger,Blinding Light,Unbreakable Spirit,Divine Purpose,Consecrated Ground,Final Stand,Judgments of the Pure,Warrior of Light,Luminescence,162930112
Blessed Hammer,First Avenger,Blinding Light,Unbreakable Spirit,Divine Purpose,Consecrated Ground,Final Stand,Warrior of Light,Steed of Glory,Luminescence,69633601
Holy Shield,First Avenger,Blinding Light,Cavalier,Divine Purpose,Judgment of Light,Final Stand,Judgments of the Pure,Steed of Glory,Guardian of the Forgotten Queen,171168416
Holy Shield,Crusader's Judgment,Fist of Justice,Unbreakable Spirit,Divine Purpose,Hand of the Protector,Final Stand,Steed of Glory,Warrior of Light,Judgments of the Pure,168582404
Holy Shield,First Avenger,Blinding Light,Unbreakable Spirit,Divine Purpose,Consecrated Ground,Final Stand,Shield of Virtue,Judgments of the Pure,Sacred Duty,161792089
Holy Shield,First Avenger,Blinding Light,Unbreakable Spirit,Holy Avenger,Consecrated Ground,Final Stand,Unbound Freedom,Shield of Virtue,Steed of Glory,158112757
Holy Shield,First Avenger,Fist of Justice,Unbreakable Spirit,Divine Purpose,Consecrated Ground,Final Stand,Unbound Freedom,Steed of Glory,Warrior of Light,196745652
Blessed Hammer,First Avenger,Blinding Light,Unbreakable Spirit,Divine Purpose,Consecrated Ground,Final Stand,Sacred Duty,Warrior of Light,Unbound Freedom,141975288
Blessed Hammer,First Avenger,Fist of Justice,Unbreakable Spirit,Divine Purpose,Hand of the Protector,Righteous Protector,Steed of Glory,Guardian of the Forgotten Queen,Judgments of the Pure,153965304
Blessed Hammer,First Avenger,Fist of Justice,Cavalier,Divine Purpose,Consecrated Ground,Righteous Protector,Guardian of the Forgotten Queen,Steed of Glory,Judgments of the Pure,179209063
Holy Shield,Crusader's Judgment,Blinding Light,Unbreakable Spirit,Divine Purpose,Hand of the Protector,Sanctified Wrath,Warrior of Light,Unbound Freedom,Judgments of the Pure,162993089
Holy Shield,First Avenger,Repentance,Unbreakable Spirit,Divine Purpose,Hand of the Protector,Final Stand,Unbound Freedom,Steed of Glory,Guarded by the Light,197716879
Blessed Hammer,First Avenger,Blinding Light,Unbreakable Spirit,Divine Purpose,Consecrated Ground,Righteous Protector,Steed of Glory,Judgments of the Pure,Inquisition,169164250
Holy Shield,First Avenger,Blinding Light,Cavalier,Divine Purpose,Hand of the Protector,Sanctified Wrath,Guardian of the Forgotten Queen,Steed of Glory,Warrior of Light,154525526
Holy Shield,Crusader's Judgment,Fist of Justice,Unbreakable Spirit,Divine Purpose,Hand of the Protector,Final Stand,Steed of Glory,Shield of Virtue,Guardian of the Forgotten Queen,149803229
Holy Shield,First Avenger,Blinding Light,Unbreakable Spirit,Divine Purpose,Consecrated Ground,Righteous Protector,Steed of Glory,Unbound Freedom,Inquisition,155781865
Holy Shield,First Avenger,Blinding Light,Unbreakable Spirit,Divine Purpose,Consecrated Ground,Final Stand,Warrior of Light,Guardian of the Forgotten Queen,Guarded by the Light,173320163
Holy Shield,First Avenger,Blinding Light,Unbreakable Spirit,Divine Purpose,Consecrated Ground,Final Stand,Warrior of Light,Hallowed Ground,Steed of Glory,135982257
Blessed Hammer,First Avenger,Fist of Justice,Unbreakable Spirit,Divine Purpose,Consecrated Ground,Final Stand,Unbound Freedom,Steed of Glory,Luminescence,176473196
Holy Shield,First Avenger,Blinding Light,Cavalier,Divine Purpose,Judgment of Light,Final Stand,Hallowed Ground,Judgments of the Pure,Shield of Virtue,148537424
Holy Shield,First Avenger,Fist of Justice,Cavalier,Divine Purpose,Consecrated Ground,Righteous Protector,Guardian of the Forgotten Queen,Unbound Freedom,Steed of Glory,188533164
Holy Shield,First Avenger,Fist of Justice,Unbreakable Spirit,Divine Purpose,Consecrated Ground,Final Stand,Guardian of the Forgotten Queen,Steed of Glory,Judgments of the Pure,164541110
Holy Shield,Crusader's Judgment,Fist of Justice,Unbreakable Spirit,Holy Avenger,Consecrated Ground,Righteous Protector,Guardian of the Forgotten Queen,Steed of Glory,Shield of Virtue,194919164
Blessed Hammer,First Avenger,Fist of Justice,Unbreakable Spirit,Divine Purpose,Consecrated Ground,Final Stand,Guardian of the Forgotten Queen,Shield of Virtue,Steed of Glory,196180963
Holy Shield,First Avenger,Blinding Light,Unbreakable Spirit,Divine Purpose,Consecrated Ground,Sanctified Wrath,Steed of Glory,Warrior of Light,Luminescence,166646735
Holy Shield,First Avenger,Blinding Light,Unbreakable Spirit,Divine Purpose,Consecrated Ground,Righteous Protector,Warrior of Light,Hallowed Ground,Unbound Freedom,144912943
Holy Shield,First Avenger,Fist of Justice,Cavalier,Divine Purpose,Hand of the Protector,Sanctified Wrath,Judgments of the Pure,Steed of Glory,Unbound Freedom,195516303
Holy Shield,Crusader's Judgment,Fist of Justice,Unbreakable Spirit,Divine Purpose,Judgment of Light,Righteous Protector,Judgments of the Pure,Guarded by the Light,Guardian of the Forgotten Queen,117708632
Blessed Hammer,First Avenger,Fist of Justice,Unbreakable Spirit,Divine Purpose,Hand of the Protector,Righteous Protector,Steed of Glory,Guardian of the Forgotten Queen,Shield of Virtue,110762455
Blessed Hammer,First Avenger,Fist of Justice,Unbreakable Spirit,Divine Purpose,Consecrated Ground,Sanctified Wrath,Steed of Glory,Hallowed Ground,Sacred Duty,135266450
Holy Shield,First Avenger,Blinding Light,Unbreakable Spirit,Divine Purpose,Consecrated Ground,Final Stand,Judgments of the Pure,Cleansing Light,Warrior of Light,68759686
Holy Shield,First Avenger,Blinding Light,Unbreakable Spirit,Divine Purpose,Consecrated Ground,Final Stand,Warrior of Light,Hallowed Ground,Steed of Glory,202618704
Holy Shield,First Avenger,Fist of Justice,Unbreakable Spirit,Divine Purpose,Consecrated Ground,Final Stand,Guarded by the Light,Warrior of Light,Judgments of the Pure,193054276
Blessed Hammer,First Avenger,Fist of Justice,Unbreakable Spirit,Holy Avenger,Consecrated Ground,Sanctified Wrath,Guardian of the Forgotten Queen,Hallowed Ground,Warrior of Light,154405274
Holy Shield,First Avenger,Blinding Light,Unbreakable Spirit,Divine Purpose,Consecrated Ground,Final Stand,Luminescence,Warrior of Light,Judgments of the Pure,118090800
Blessed Hammer,First Avenger,Repentance,Unbreakable Spirit,Divine Purpose,Consecrated Ground,Final Stand,Unbound Freedom,Steed of Glory,Shield of Virtue,163109279
Holy Shield,First Avenger,Fist of Justice,Unbreakable Spirit,Divine Purpose,Consecrated Ground,Final Stand,Hallowed Ground,Steed of Glory,Judgments of the Pure,22721870
Holy Shield,First Avenger,Fist of Justice,Unbreakable Spirit,Divine Purpose,Consecrated Ground,Final Stand,Hallowed Ground,Steed of Glory,Shield of Virtue,121652165
Holy Shield,First Avenger,Blinding Light,Cavalier,Divine Purpose,Hand of the Protector,Sanctified Wrath,Steed of Glory,Guardian of the Forgotten Queen,Hallowed Ground,163972272
Holy Shield,First Avenger,Fist of Justice,Unbreakable Spirit,Divine Purpose,Consecrated Ground,Final Stand,Luminescence,Sacred Duty,Judgments of the Pure,102467301
Blessed Hammer,First Avenger,Fist of Justice,Cavalier,Divine Purpose,Consecrated Ground,Final Stand,Judgments of the Pure,Warrior of Light,Guardian of the Forgotten Queen,173609781
Redoubt,Crusader's Judgment,Blinding Light,Unbreakable Spirit,Seraphim,Judgment of Light,Righteous Protector,Hallowed Ground,Guardian of the Forgotten Queen,Unbound Freedom,192141877
Holy Shield,Crusader's Judgment,Fist of Justice,Unbreakable Spirit,Divine Purpose,Hand of the Protector,Sanctified Wrath,Shield of Virtue,Unbound Freedom,Steed of Glory,155820979
Redoubt,Moment of Glory,Fist of Justice,Unbreakable Spirit,Divine Purpose,Consecrated Ground,Final Stand,Guarded by the Light,Shield of Virtue,Warrior of Light,161737798
Holy Shield,First Avenger,Fist of Justice,Unbreakable Spirit,Divine Purpose,Consecrated Ground,Sanctified Wrath,Sacred Duty,Guarded by the Light,Cleansing Light,79066057
Blessed Hammer,First Avenger,Blinding Light,Cavalier,Divine Purpose,Consecrated Ground,Final Stand,Steed of Glory,Shield of Virtue,Sacred Duty,133487705
Holy Shield,First Avenger,Blinding Light,Unbreakable Spirit,Divine Purpose,Consecrated Ground,Final Stand,Hallowed Ground,Judgments of the Pure,Sacred Duty,78419105
Holy Shield,Crusader's Judgment,Blinding Light,Cavalier,Divine Purpose,Consecrated Ground,Final Stand,Luminescence,Inquisition,Steed of Glory,96345886
Blessed Hammer,First Avenger,Fist of Justice,Unbreakable Spirit,Divine Purpose,Consecrated Ground,Final Stand,Warrior of Light,Judgments of the Pure,Unbound Freedom,157157624
Holy Shield,First Avenger,Fist of Justice,Unbreakable Spirit,Divine Purpose,Consecrated Ground,Righteous Protector,Judgments of the Pure,Sacred Duty,Steed of Glory,194457552
Holy Shield,Crusader's Judgment,Blinding Light,Cavalier,Divine Purpose,Consecrated Ground,Sanctified Wrath,Shield of Virtue,Steed of Glory,Sacred Duty,166641510
Blessed Hammer,First Avenger,Blinding Light,Unbreakable Spirit,Divine Purpose,Consecrated Ground,Final Stand,Guardian of the Forgotten Queen,Steed of Glory,Unbound Freedom,166180246
Redoubt,First Avenger,Repentance,Unbreakable Spirit,Divine Purpose,Hand of the Protector,Sanctified Wrath,Guardian of the Forgotten Queen,Steed of Glory,Luminescence,166737478
Holy Shield,Crusader's Judgment,Fist of Justice,Unbreakable Spirit,Divine Purpose,Consecrated Ground,Sanctified Wrath,Hallowed Ground,Steed of Glory,Guardian of the Forgotten Queen,136605754
Redoubt,First Avenger,Fist of Justice,Cavalier,Divine Purpose,Consecrated Ground,Righteous Protector,Hallowed Ground,Guardian of the Forgotten Queen,Warrior of Light,120239931
Holy Shield,First Avenger,Fist of Justice,Blessing of Spellwarding,Divine Purpose,Hand of the Protector,Sanctified Wrath,Shield of Virtue,Steed of Glory,Unbound Freedom,67085129
Blessed Hammer,First Avenger,Fist of Justice,Unbreakable Spirit,Divine Purpose,Hand of the Protector,Sanctified Wrath,Guardian of the Forgotten Queen,Unbound Freedom,Sacred Duty,118699248
Holy Shield,First Avenger,Blinding Light,Unbreakable Spirit,Holy Avenger,Consecrated Ground,Righteous Protector,Warrior of Light,Shield of Virtue,Guarded by the Light,76528323
Blessed Hammer,First Avenger,Blinding Light,Unbreakable Spirit,Divine Purpose,Consecrated Ground,Righteous Protector,Warrior of Light,Steed of Glory,Inquisition,196022814
Holy Shield,Crusader's Judgment,Fist of Justice,Unbreakable Spirit,Divine Purpose,Consecrated Ground,Sanctified Wrath,Steed of Glory,Unbound Freedom,Warrior of Light,195306100
Holy Shield,Crusader's Judgment,Blinding Light,Unbreakable Spirit,Divine Purpose,Consecrated Ground,Final Stand,Guardian of the Forgotten Queen,Shield of Virtue,Steed of Glory,112432553
Blessed Hammer,First Avenger,Blinding Light,Unbreakable Spirit,Divine Purpose,Consecrated Ground,Righteous Protector,Judgments of the Pure,Warrior of Light,Guardian of the Forgotten Queen,196563389
Blessed Hammer,First Avenger,Blinding Light,Unbreakable Spirit,Divine Purpose,Consecrated Ground,Final Stand,Guardian of the Forgotten Queen,Judgments of the Pure,Warrior of Light,43507403
Holy Shield,First Avenger,Fist of Justice,Unbreakable Spirit,Divine Purpose,Consecrated Ground,Righteous Protector,Guardian of the Forgotten Queen,Steed of Glory,Shield of Virtue,166630125
Holy Shield,First Avenger,Fist of Justice,Unbreakable Spirit,Divine Purpose,Hand of the Protector,Final Stand,Shield of Virtue,Steed of Glory,Guardian of the Forgotten Queen,151526362
Blessed Hammer,First Avenger,Blinding Light,Cavalier,Divine Purpose,Consecrated Ground,Final Stand,Judgments of the Pure,Luminescence,Steed of Glory,166094290
Blessed Hammer,First Avenger,Fist of Justice,Unbreakable Spirit,Divine Purpose,Consecrated Ground,Final Stand,Unbound Freedom,Steed of Glory,Warrior of Light,113713921
Holy Shield,First Avenger,Blinding Light,Unbreakable Spirit,Divine Purpose,Consecrated Ground,Final Stand,Guardian of the Forgotten Queen,Steed of Glory,Unbound Freedom,185697392
Holy Shield,First Avenger,Fist of Justice,Unbreakable Spirit,Divine Purpose,Hand of the Protector,Righteous Protector,Judgments of the Pure,Steed of Glory,Unbound Freedom,193519595
Blessed Hammer,First Avenger,Fist of Justice,Cavalier,Divine Purpose,Hand of the Protector,Final Stand,Warrior of Light,Hallowed Ground,Steed of Glory,194914499
Holy Shield,First Avenger,Blinding Light,Blessing of Spellwarding,Divine Purpose,Consecrated Ground,Final Stand,Steed of Glory,Unbound Freedom,Guardian of the Forgotten Queen,130429007
Holy Shield,First Avenger,Blinding Light,Unbreakable Spirit,Divine Purpose,Consecrated Ground,Final Stand,Luminescence,Guardian of the Forgotten Queen,Shield of Virtue,157923889
Blessed Hammer,First Avenger,Fist of Justice,Cavalier,Divine Purpose,Consecrated Ground,Sanctified Wrath,Sacred Duty,Luminescence,Steed of Glory,165546713
Blessed Hammer,First Avenger,Blinding Light,Unbreakable Spirit,Holy Avenger,Consecrated Ground,Righteous Protector,Shield of Virtue,Guardian of the Forgotten Queen,Warrior of Light,176383968
Holy Shield,First Avenger,Fist of Justice,Unbreakable Spirit,Divine Purpose,Consecrated Ground,Sanctified Wrath,Hallowed Ground,Cleansing Light,Luminescence,168067623
Holy Shield,First Avenger,Blinding Light,Unbreakable Spirit,Holy Avenger,Consecrated Ground,Final Stand,Judgments of the Pure,Guardian of the Forgotten Queen,Unbound Freedom,158101071
Holy Shield,First Avenger,Fist of Justice,Unbreakable Spirit,Divine Purpose,Consecrated Ground,Final Stand,Steed of Glory,Judgments of the Pure,Luminescence,164020850
Holy Shield,First Avenger,Fist of Justice,Cavalier,Divine Purpose,Judgment of Light,Sanctified Wrath,Steed of Glory,Unbound Freedom,Guardian of the Forgotten Queen,95581155
