Head,Neck,Shoulders,Chest,Waist,Legs,Feet,Wrist,Hands,Ring 1,Ring 2,Trinket 1,Trinket 2,Back,Main Hand,Off Hand,character.id,Shirt,Tabard
Darkfrost Helmet,Sin Stained Pendant,Shadowghast Pauldrons,Sinful Gladiator's Plate Chestguard,Sinful Gladiator's Plate Greatbelt,Halkias's Towering Pillars,Warboots of Ruthless Conviction,Thunderous Echo Vambraces,Colossal Plate Gauntlets,Death God's Signet,Ritual Bone Band,Blood-Spattered Scale,Anima Field Emitter,Blighted Margrave's Cloak,Engorged Worm Smasher,Chyrus's Crest of Hope,156893097,,
Wrathbark Greathelm,Charm of Eternal Winter,Unyielding Combatant's Pauldrons,Breastplate of Brutal Dissonance,Binding of Warped Desires,Halkias's Towering Pillars,Errant Crusader's Greaves,Soldier's Stoneband Wristguards,Fleshfused Crushers,Arachnid Cipher Ring,Shadowghast Ring,Decanter of Anima-Charged Winds,Slimy Consumptive Organ,Mantle of Manifest Sins,Axe of the Deadgrove,Acidslough Bulwark,96768294,Undisputed Champion's Shirt,Tabard of the Protector
Sinful Gladiator's Plate Helm,Sin Stained Pendant,Sinful Gladiator's Plate Pauldrons,Breastplate of Otherworldly Influence,Shadowghast Waistguard,Galvanized Oxxein Legguards,Sinful Gladiator's Plate Warboots,Sinful Gladiator's Plate Vambraces,Fleshfused Crushers,Bloodoath Signet,Stitchflesh's Misplaced Signet,Sinful Gladiator's Insignia of Alacrity,Anima Field Emitter,Sinful Gladiator's Drape,Supercollider,Sinful Gladiator's Guard,194386574,,
Wrathbark Greathelm,Sin Stained Pendant,Unyielding Combatant's Pauldrons,Sinful Gladiator's Plate Chestguard,Scarred Bloodbound Girdle,Halkias's Towering Pillars,Sabatons of the Rushing Juggernaut,Pit Fighter's Wristguards,Fleshfused Crushers,Shadowghast Ring,Sinful Gladiator's Ring,Blood-Spattered Scale,Anima Field Emitter,Cowled Batwing Cloak,Sinful Gladiator's Hacker,Acidslough Bulwark,176231782,,
Wrathbark Greathelm,Noble's Birthstone Pendant,Shadowghast Pauldrons,Breastplate of Otherworldly Influence,Stoic Guardsman's Belt,Galvanized Oxxein Legguards,Muckwallow Stompers,Thunderous Echo Vambraces,Colossal Plate Gauntlets,Hyperlight Band,Death God's Signet,Viscera of Coalesced Hatred,Blood-Spattered Scale,Cowled Batwing Cloak,Sinsmasher,Acidslough Bulwark,247688319,Stylish Black Shirt,
Wing Commander's Helmet,Sin Stained Pendant,Epaulettes of Overwhelming Force,Sinful Gladiator's Plate Chestguard,Scarred Bloodbound Girdle,Shadowghast Greaves,Sinful Gladiator's Plate Warboots,Hellhound Cuffs,Sinful Gladiator's Plate Handguards,Signet of the False Accuser,Ritual Bone Band,Stone Legion Heraldry,Blood-Spattered Scale,Cowled Batwing Cloak,Supercollider,Stonewrought Gargoyles Barrier,182104757,,
Plague Handler's Greathelm,Charm of Eternal Winter,Unyielding Combatant's Pauldrons,Sinful Gladiator's Plate Chestguard,Scarred Bloodbound Girdle,Sinful Gladiator's Plate Legguards,Errant Crusader's Greaves,Sinful Gladiator's Plate Vambraces,Sinful Gladiator's Plate Handguards,Shadowghast Ring,Ardent Sunstar Signet,Pulsating Stoneheart,Splintered Heart of Al'ar,Crest of the Legionnaire General,Sinful Gladiator's Xiphos,Sinful Gladiator's Guard,183148479,Precious' Ribbon,
Wing Commander's Helmet,Sin Stained Pendant,Shadowghast Pauldrons,Breastplate of Brutal Dissonance,Binding of Warped Desires,Legplates of Unholy Frenzy,Muckwallow Stompers,Thunderous Echo Vambraces,Fleshfused Crushers,Stitchflesh's Misplaced Signet,Death God's Signet,Bladedancer's Armor Kit,Blood-Spattered Scale,Blighted Margrave's Cloak,Sinsmasher,Chyrus's Crest of Hope,18820223,Artisan Officer's Shirt,Tabard of the Lightbringer
Diadem of Imperious Desire,Sin Stained Pendant,Shadowghast Pauldrons,Breastplate of Otherworldly Influence,Stoic Guardsman's Belt,Halkias's Towering Pillars,Muckwallow Stompers,Vambraces of the Depraved Warden,Colossal Plate Gauntlets,Most Regal Signet of Sire Denathrius,Signet of the False Accuser,Overwhelming Power Crystal,Decanter of Anima-Charged Winds,Crest of the Legionnaire General,Axe of the Deadgrove,Chyrus's Crest of Hope,102178351,Red Linen Shirt,Tabard of the Ascended
Shadowghast Helm,Sin Stained Pendant,Pauldrons of Unleashed Pride,Sinful Gladiator's Plate Chestguard,Stoic Guardsman's Belt,Halkias's Towering Pillars,Errant Crusader's Greaves,Sinful Gladiator's Plate Vambraces,Sinful Gladiator's Plate Handguards,Sinful Gladiator's Ring,Ritualist's Treasured Ring,Splintered Heart of Al'ar,Blood-Spattered Scale,Drape of Twisted Loyalties,Sophisticated Bonecracker,Barricade of the Endless Empire,196113285,,Renowned Guild Tabard
Shadowghast Helm,Charm of Eternal Winter,Sinful Gladiator's Plate Pauldrons,Breastplate of Cautious Calculation,Binding of Warped Desires,Halkias's Towering Pillars,Errant Crusader's Greaves,Hellhound Cuffs,Sinful Gladiator's Plate Handguards,Sinful Gladiator's Ring,Stitchflesh's Misplaced Signet,Blood-Spattered Scale,Overwhelming Power Crystal,Cowled Batwing Cloak,Axe of the Deadgrove,Elysian Sentinel's Aegis,30076378,,Argent Crusader's Tabard
Wrathbark Greathelm,Sin Stained Pendant,Shadowghast Pauldrons,Sinful Gladiator's Plate Chestguard,Girdle of the Soulflayer,Galvanized Oxxein Legguards,Dynamo Doomstompers,Sinful Gladiator's Plate Vambraces,Guilewind Stone Talons,Ritual Bone Band,Sinful Gladiator's Ring,Sinful Aspirant's Insignia of Alacrity,Splintered Heart of Al'ar,Dealer Xy'exa's Cape,Sinsmasher,Sinful Gladiator's Guard,215318165,Brown Linen Shirt,Stormwind Tabard
Shadowghast Helm,Noble's Birthstone Pendant,Prankster's Pauldrons,Rampaging Giant's Chestplate,Stoic Guardsman's Belt,Ceremonial Parade Legguards,Dynamo Doomstompers,Hellhound Cuffs,Fogweaver Gauntlets,Entwined Gorger Tendril,Hyperlight Band,Stone Legion Heraldry,Blood-Spattered Scale,Crest of the Legionnaire General,Reaver of Renewed Resolve,Encrusted Canopic Lid,141465253,Captain Sanders' Shirt,Arathor Battle Tabard
Wrathbark Greathelm,Trailspinner Pendant,Unyielding Combatant's Pauldrons,Abdominal Securing Chestguard,Shadowghast Waistguard,Halkias's Towering Pillars,Errant Crusader's Greaves,Shoulderblade Vambraces,Distorted Construct's Gauntlets,Most Regal Signet of Sire Denathrius,Signet of the False Accuser,Stone Legion Heraldry,Anima Field Emitter,Crest of the Legionnaire General,Barbed-Edge of the Stone Legion,Acidslough Bulwark,68332358,Precious' Ribbon,Tabard of the Lightbringer
Shadowghast Helm,Sinful Gladiator's Necklace,Epaulettes of Overwhelming Force,Sinful Gladiator's Plate Chestguard,Girdle of the Soulflayer,Halkias's Towering Pillars,Errant Crusader's Greaves,Hellhound Cuffs,Colossal Plate Gauntlets,Sinful Gladiator's Ring,Bloodoath Signet,Anima Field Emitter,Overwhelming Power Crystal,Blighted Margrave's Cloak,Sinful Gladiator's Xiphos,Sinful Gladiator's Redoubt,185122145,Ebon Filigreed Shirt,Tabard of the Ascended
Shadowghast Helm,Sin Stained Pendant,Unyielding Combatant's Pauldrons,Breastplate of Otherworldly Influence,Fused Bone Greatbelt,Gormshell Greaves,Muckwallow Stompers,Thunderous Echo Vambraces,Fogweaver Gauntlets,Death God's Signet,Signet of the False Accuser,Overwhelming Power Crystal,Gluttonous Spike,Dealer Xy'exa's Cape,Axe of the Deadgrove,Barricade of the Endless Empire,195787249,,
Wrathbark Greathelm,Charm of Eternal Winter,Epaulettes of Overwhelming Force,Breastplate of Otherworldly Influence,Stoic Guardsman's Belt,Shadowghast Greaves,Errant Crusader's Greaves,Vambraces of the Depraved Warden,Colossal Plate Gauntlets,Hyperlight Band,Arachnid Cipher Ring,Anima Field Emitter,Splintered Heart of Al'ar,Cowled Batwing Cloak,Engorged Worm Smasher,Chyrus's Crest of Hope,163362754,,Lightforged Tabard
Shadowghast Helm,Sinful Gladiator's Pendant,Sinful Gladiator's Plate Shoulders,Sinful Gladiator's Plate Chestguard,Sinful Gladiator's Plate Greatbelt,Sinful Gladiator's Plate Legguards,Dynamo Doomstompers,Vambraces of the Depraved Warden,Distorted Construct's Gauntlets,Sinful Gladiator's Ring,Ring of Perpetual Conflict,Anima Field Emitter,Blood-Spattered Scale,Sinful Gladiator's Drape,Engorged Worm Smasher,Sinful Gladiator's Bulwark,218020568,Artisan Officer's Shirt,Stormwind Tabard
Wrathbark Greathelm,Charm of Eternal Winter,Sinful Gladiator's Plate Pauldrons,Breastplate of Cautious Calculation,Waistguard of Expurged Anguish,Gormshell Greaves,Muckwallow Stompers,Soldier's Stoneband Wristguards,Fallen Templar's Gauntlets,Ardent Sunstar Signet,Shadowghast Ring,Sinful Gladiator's Badge of Ferocity,Sinful Gladiator's Insignia of Alacrity,Cowled Batwing Cloak,Sinful Gladiator's Xiphos,Chyrus's Crest of Hope,180862156,Black Swashbuckler's Shirt,Rustbolt Resistance Tabard
Darkfrost Helmet,Sin Stained Pendant,Prankster's Pauldrons,Breastplate of Cautious Calculation,Shadowghast Waistguard,Gormshell Greaves,Errant Crusader's Greaves,Soldier's Stoneband Wristguards,Fallen Templar's Gauntlets,Death God's Signet,Ritualist's Treasured Ring,Inscrutable Quantum Device,Anima Field Emitter,Blighted Margrave's Cloak,Sinsmasher,Encrusted Canopic Lid,114207216,Artisan Officer's Shirt,Tabard of the Lightbringer
Shadowghast Helm,Charm of Eternal Winter,Unyielding Combatant's Pauldrons,Rampaging Giant's Chestplate,Scarred Bloodbound Girdle,Halkias's Towering Pillars,Warboots of Ruthless Conviction,Soldier's Stoneband Wristguards,Guilewind Stone Talons,Stitchflesh's Misplaced Signet,Hyperlight Band,Blood-Spattered Scale,Splintered Heart of Al'ar,Blighted Margrave's Cloak,Engorged Worm Smasher,Acidslough Bulwark,161166557,,
Diadem of Imperious Desire,Charm of Eternal Winter,Epaulettes of Overwhelming Force,Rampaging Giant's Chestplate,Girdle of the Soulflayer,Gormshell Greaves,Sinful Gladiator's Plate Warboots,Soldier's Stoneband Wristguards,Colossal Plate Gauntlets,Hyperlight Band,Signet of the False Accuser,Blood-Spattered Scale,Sinful Aspirant's Insignia of Alacrity,Grim-Veiled Cape,Sinful Gladiator's Xiphos,Elysian Sentinel's Aegis,178180802,,Tabard of the Ascended
Plague Handler's Greathelm,Sinful Aspirant's Necklace,Shadowghast Pauldrons,Sinful Gladiator's Plate Chestguard,Girdle of the Soulflayer,Halkias's Towering Pillars,Sinful Gladiator's Plate Warboots,Shoulderblade Vambraces,Fleshfused Crushers,Sinful Gladiator's Ring,Arachnid Cipher Ring,Sinful Gladiator's Insignia of Alacrity,Blood-Spattered Scale,Blighted Margrave's Cloak,Sinful Gladiator's Xiphos,Barricade of the Endless Empire,161940989,Lucky Shirt,Stormwind Tabard
Wrathbark Greathelm,Noble's Birthstone Pendant,Shadowghast Pauldrons,Breastplate of Brutal Dissonance,Stoic Guardsman's Belt,Gormshell Greaves,Sabatons of the Rushing Juggernaut,Soldier's Stoneband Wristguards,Fogweaver Gauntlets,Ring of Perpetual Conflict,Bloodoath Signet,Stone Legion Heraldry,Splintered Heart of Al'ar,Cowled Batwing Cloak,Xandria's Kopis of Courage,Acidslough Bulwark,96588270,Artisan Officer's Shirt,Tabard of the Ascended
Darkfrost Helmet,Sin Stained Pendant,Shadowghast Pauldrons,Breastplate of Brutal Dissonance,Scarred Bloodbound Girdle,Halkias's Towering Pillars,Dynamo Doomstompers,Pit Fighter's Wristguards,Colossal Plate Gauntlets,Ring of Perpetual Conflict,Stitchflesh's Misplaced Signet,Gluttonous Spike,Splintered Heart of Al'ar,Dealer Xy'exa's Cape,Xandria's Kopis of Courage,Encrusted Canopic Lid,197456256,,Army of the Light Tabard
Darkfrost Helmet,Sin Stained Pendant,Unyielding Combatant's Pauldrons,Breastplate of Cautious Calculation,Stoic Guardsman's Belt,Galvanized Oxxein Legguards,Warboots of Ruthless Conviction,Thunderous Echo Vambraces,Distorted Construct's Gauntlets,Signet of the False Accuser,Shadowghast Ring,Inscrutable Quantum Device,Blood-Spattered Scale,Mantle of Manifest Sins,Supercollider,Acidslough Bulwark,193790432,,
Shadowghast Helm,Charm of Eternal Winter,Pauldrons of Unleashed Pride,Breastplate of Fatal Contrivances,Stoic Guardsman's Belt,Halkias's Towering Pillars,Muckwallow Stompers,Hellhound Cuffs,Fleshfused Crushers,Most Regal Signet of Sire Denathrius,Signet of the False Accuser,Splintered Heart of Al'ar,Stone Legion Heraldry,Cowled Batwing Cloak,Barbed-Edge of the Stone Legion,Encrusted Canopic Lid,180420766,Captain Sanders' Shirt,
Shadowghast Helm,Sin Stained Pendant,Pauldrons of Unleashed Pride,Breastplate of Otherworldly Influence,Binding of Warped Desires,Halkias's Towering Pillars,Sabatons of the Rushing Juggernaut,Pit Fighter's Wristguards,Fleshfused Crushers,Stitchflesh's Misplaced Signet,Death God's Signet,Decanter of Anima-Charged Winds,Slimy Consumptive Organ,Decadent Nathrian Shawl,Axe of the Deadgrove,Acidslough Bulwark,162182888,Artisan Officer's Shirt,Renowned Guild Tabard
Darkfrost Helmet,Sin Stained Pendant,Shadowghast Pauldrons,Abdominal Securing Chestguard,Scarred Bloodbound Girdle,Halkias's Towering Pillars,Warboots of Ruthless Conviction,Reality-Shatter Vambraces,Distorted Construct's Gauntlets,Death God's Signet,Ritualist's Treasured Ring,Anima Field Emitter,Viscera of Coalesced Hatred,Cloak of Enveloping Manifestations,Gorestained Cleaver,Sinful Gladiator's Guard,154405274,,
Wing Commander's Helmet,Charm of Eternal Winter,Shadowghast Pauldrons,Breastplate of Otherworldly Influence,Binding of Warped Desires,Legplates of Unholy Frenzy,Errant Crusader's Greaves,Thunderous Echo Vambraces,Fleshfused Crushers,Ritual Commander's Ring,Death God's Signet,Blood-Spattered Scale,Anima Field Emitter,Blighted Margrave's Cloak,Supercollider,Barricade of the Endless Empire,107271066,,Tushui Tabard
Wrathbark Greathelm,Sin Stained Pendant,Shadowghast Pauldrons,Breastplate of Otherworldly Influence,Binding of Warped Desires,Endlessly Gluttonous Greaves,Errant Crusader's Greaves,Reality-Shatter Vambraces,Colossal Plate Gauntlets,Stitchflesh's Misplaced Signet,Hyperlight Band,Splintered Heart of Al'ar,Bladedancer's Armor Kit,Cowled Batwing Cloak,Supercollider,Encrusted Canopic Lid,193054276,,
Shadowghast Helm,Sin Stained Pendant,Epaulettes of Overwhelming Force,Breastplate of Cautious Calculation,Binding of Warped Desires,Legplates of Unholy Frenzy,Sinful Gladiator's Plate Warboots,Soldier's Stoneband Wristguards,Fallen Templar's Gauntlets,Ardent Sunstar Signet,Ritual Bone Band,Blood-Spattered Scale,Bargast's Leash,Decadent Nathrian Shawl,Gorestained Cleaver,Encrusted Canopic Lid,165077509,Sleeveless T-Shirt,Tabard of Flame
Darkfrost Helmet,Sinful Gladiator's Necklace,Shadowghast Pauldrons,Breastplate of Brutal Dissonance,Girdle of the Soulflayer,Legplates of Unholy Frenzy,Sinful Gladiator's Plate Warboots,Sinful Gladiator's Plate Vambraces,Fleshfused Crushers,Stitchflesh's Misplaced Signet,Death God's Signet,Anima Field Emitter,Overwhelming Power Crystal,Mantle of Manifest Sins,Gorestained Cleaver,Barricade of the Endless Empire,164651210,Artisan Officer's Shirt,Tabard of the Lightbringer
Wrathbark Greathelm,Sin Stained Pendant,Shadowghast Pauldrons,Breastplate of Fatal Contrivances,Fused Bone Greatbelt,Gormshell Greaves,Stoneguard Attendant's Boots,Vambraces of the Depraved Warden,Fogweaver Gauntlets,Sinful Gladiator's Ring,Death God's Signet,Bladedancer's Armor Kit,Pulsating Stoneheart,Blighted Margrave's Cloak,Sinsmasher,Acidslough Bulwark,188927309,,
Sinful Gladiator's Plate Helm,Charm of Eternal Winter,Shadowghast Pauldrons,Sinful Gladiator's Plate Chestguard,Stoic Guardsman's Belt,Sinful Gladiator's Plate Legguards,Errant Crusader's Greaves,Vambraces of the Depraved Warden,Guilewind Stone Talons,Stitchflesh's Misplaced Signet,Ritual Commander's Ring,Blood-Spattered Scale,Phial of Putrefaction,Cowled Batwing Cloak,Sinsmasher,Elysian Sentinel's Aegis,226274304,The Very Best Shirt,
Wrathbark Greathelm,Sinful Gladiator's Necklace,Shadowghast Pauldrons,Sinful Gladiator's Plate Chestguard,Sinful Gladiator's Plate Greatbelt,Halkias's Towering Pillars,Dynamo Doomstompers,Thunderous Echo Vambraces,Fleshfused Crushers,Ritual Commander's Ring,Sinful Gladiator's Ring,Splintered Heart of Al'ar,Blood-Spattered Scale,Crest of the Legionnaire General,Sinsmasher,Sinful Gladiator's Guard,178142124,,Tabard of the Ascended
Wing Commander's Helmet,Charm of Eternal Winter,Shadowghast Pauldrons,Breastplate of Fatal Contrivances,Binding of Warped Desires,Endlessly Gluttonous Greaves,Errant Crusader's Greaves,Pit Fighter's Wristguards,Fleshfused Crushers,Ritualist's Treasured Ring,Death God's Signet,Splintered Heart of Al'ar,Blood-Spattered Scale,Crest of the Legionnaire General,Sinsmasher,Acidslough Bulwark,165606918,,Tabard of the Dark Iron
Wing Commander's Helmet,Sin Stained Pendant,Shadowghast Pauldrons,Breastplate of Fatal Contrivances,Stoic Guardsman's Belt,Gormshell Greaves,Errant Crusader's Greaves,Hellhound Cuffs,Distorted Construct's Gauntlets,Stitchflesh's Misplaced Signet,Ritualist's Treasured Ring,Stone Legion Heraldry,Blood-Spattered Scale,Blighted Margrave's Cloak,Sophisticated Bonecracker,Acidslough Bulwark,197302542,Irradiated Undercoat,Renowned Guild Tabard
Shadowghast Helm,Charm of Eternal Winter,Sinful Gladiator's Plate Pauldrons,Sinful Gladiator's Plate Chestguard,Sinful Gladiator's Plate Greatbelt,Halkias's Towering Pillars,Warboots of Ruthless Conviction,Soldier's Stoneband Wristguards,Sinful Gladiator's Plate Handguards,Signet of the False Accuser,Death God's Signet,Blood-Spattered Scale,Splintered Heart of Al'ar,Decadent Nathrian Shawl,Sinsmasher,Elysian Sentinel's Aegis,175810099,,
Sinful Gladiator's Plate Helm,Sin Stained Pendant,Epaulettes of Overwhelming Force,Sinful Gladiator's Plate Chestplate,Girdle of the Soulflayer,Shadowghast Greaves,Errant Crusader's Greaves,Reality-Shatter Vambraces,Sinful Gladiator's Plate Handguards,Most Regal Signet of Sire Denathrius,Sinful Gladiator's Signet,Stone Legion Heraldry,Blood-Spattered Scale,Cowled Batwing Cloak,Sophisticated Bonecracker,Encrusted Canopic Lid,195177961,Precious' Ribbon,Tabard of the Lightbringer
Darkfrost Helmet,Sin Stained Pendant,Unyielding Combatant's Pauldrons,Breastplate of Otherworldly Influence,Stoic Guardsman's Belt,Legplates of Unholy Frenzy,Dynamo Doomstompers,Vambraces of the Depraved Warden,Guilewind Stone Talons,Shadowghast Ring,Death God's Signet,Decanter of Anima-Charged Winds,Blood-Spattered Scale,Cloak of Enveloping Manifestations,Axe of the Deadgrove,Barricade of the Endless Empire,185202259,,Stormwind Tabard
Shadowghast Helm,Charm of Eternal Winter,Sinful Gladiator's Plate Pauldrons,Breastplate of Fatal Contrivances,Girdle of the Soulflayer,Galvanized Oxxein Legguards,Warboots of Ruthless Conviction,Sinful Gladiator's Plate Vambraces,Colossal Plate Gauntlets,Bloodoath Signet,Signet of the False Accuser,Sinful Gladiator's Insignia of Alacrity,Blood-Spattered Scale,Sinful Gladiator's Drape,Axe of the Deadgrove,Sinful Gladiator's Guard,115287737,,Guild Tabard
Shadowghast Helm,Trailspinner Pendant,Epaulettes of Overwhelming Force,Breastplate of Otherworldly Influence,Binding of Warped Desires,Legplates of Unholy Frenzy,Dynamo Doomstompers,Sinful Gladiator's Plate Vambraces,Distorted Construct's Gauntlets,Signet of the False Accuser,Stitchflesh's Misplaced Signet,Bladedancer's Armor Kit,Pulsating Stoneheart,Dealer Xy'exa's Cape,Engorged Worm Smasher,Sinful Gladiator's Guard,196975800,Artisan Officer's Shirt,Stormpike Battle Tabard
Wing Commander's Helmet,Sin Stained Pendant,Shadowghast Pauldrons,Breastplate of Otherworldly Influence,Waistguard of Expurged Anguish,Gormshell Greaves,Muckwallow Stompers,Pit Fighter's Wristguards,Fleshfused Crushers,Stitchflesh's Misplaced Signet,Signet of the False Accuser,Blood-Spattered Scale,Gluttonous Spike,Blighted Margrave's Cloak,Engorged Worm Smasher,Acidslough Bulwark,126725985,,Arathor Battle Tabard
Wrathbark Greathelm,Charm of Eternal Winter,Shadowghast Pauldrons,Abdominal Securing Chestguard,Binding of Warped Desires,Halkias's Towering Pillars,Errant Crusader's Greaves,Vambraces of the Depraved Warden,Distorted Construct's Gauntlets,Ritual Bone Band,Hyperlight Band,Blood-Spattered Scale,Anima Field Emitter,Drape of Twisted Loyalties,Engorged Worm Smasher,Chyrus's Crest of Hope,139762690,Master Builder's Shirt,Tabard of the Lightbringer
Wrathbark Greathelm,Sin Stained Pendant,Prankster's Pauldrons,Chestplate of the March Warden,Shadowghast Waistguard,Endlessly Gluttonous Greaves,Sabatons of the Rushing Juggernaut,Hellhound Cuffs,Fleshfused Crushers,Stitchflesh's Misplaced Signet,Bloodoath Signet,Macabre Sheet Music,Bladedancer's Armor Kit,Blighted Margrave's Cloak,Sinsmasher,Barricade of the Endless Empire,141445649,Precious' Ribbon,Tabard of the Ascended
Darkfrost Helmet,Charm of Eternal Winter,Sinful Gladiator's Plate Pauldrons,Sinful Gladiator's Plate Chestguard,Waistguard of Expurged Anguish,Endlessly Gluttonous Greaves,Shadowghast Sabatons,Soldier's Stoneband Wristguards,Fallen Templar's Gauntlets,Sinful Gladiator's Ring,Ritual Bone Band,Sinful Gladiator's Insignia of Alacrity,Memory of Past Sins,Cowled Batwing Cloak,Engorged Worm Smasher,Stonewrought Gargoyles Barrier,192017612,Precious' Ribbon,Tabard of the Lightbringer
Wrathbark Greathelm,Sin Stained Pendant,Prankster's Pauldrons,Sinful Gladiator's Plate Chestguard,Shadowghast Waistguard,Gormshell Greaves,Errant Crusader's Greaves,Pit Fighter's Wristguards,Sinful Gladiator's Plate Handguards,Stitchflesh's Misplaced Signet,Death God's Signet,Sinful Gladiator's Insignia of Alacrity,Decanter of Anima-Charged Winds,Drape of Twisted Loyalties,Sinful Gladiator's Xiphos,Acidslough Bulwark,68803876,Wraps of the Blood-Soaked Brawler,Argent Crusader's Tabard
Shadowghast Helm,Sinful Gladiator's Necklace,Sinful Gladiator's Plate Pauldrons,Breastplate of Brutal Dissonance,Binding of Warped Desires,Halkias's Towering Pillars,Dynamo Doomstompers,Soldier's Stoneband Wristguards,Distorted Construct's Gauntlets,Sinful Gladiator's Ring,Stitchflesh's Misplaced Signet,Sinful Gladiator's Badge of Ferocity,Sinful Gladiator's Insignia of Alacrity,Blighted Margrave's Cloak,Axe of the Deadgrove,Sinful Gladiator's Guard,110762455,,Tabard of Frost
Wing Commander's Helmet,Sin Stained Pendant,Shadowghast Pauldrons,Shieldguard's Breastplate,Scarred Bloodbound Girdle,Gormshell Greaves,Muckwallow Stompers,Pit Fighter's Wristguards,Fleshfused Crushers,Signet of the False Accuser,Ritualist's Treasured Ring,Slimy Consumptive Organ,Blood-Spattered Scale,Cloak of Enveloping Manifestations,Sinsmasher,Barricade of the Endless Empire,62894345,,
Darkfrost Helmet,Sin Stained Pendant,Shadowghast Pauldrons,Breastplate of Otherworldly Influence,Sinful Gladiator's Plate Greatbelt,Endlessly Gluttonous Greaves,Sinful Gladiator's Plate Stompers,Vambraces of the Depraved Warden,Colossal Plate Gauntlets,Stitchflesh's Misplaced Signet,Signet of the False Accuser,Sinful Gladiator's Insignia of Alacrity,Inscrutable Quantum Device,Sinful Gladiator's Drape,Gorestained Cleaver,Chyrus's Crest of Hope,159091234,,Renowned Guild Tabard
Shadowghast Helm,Sinful Gladiator's Necklace,Prankster's Pauldrons,Sinful Gladiator's Plate Chestplate,Fused Bone Greatbelt,Sinful Gladiator's Plate Legguards,Errant Crusader's Greaves,Sinful Gladiator's Plate Vambraces,Sinful Gladiator's Plate Handguards,Ritual Bone Band,Sinful Gladiator's Ring,Splintered Heart of Al'ar,Blood-Spattered Scale,Cowled Batwing Cloak,Sinful Gladiator's Hacker,Sinful Gladiator's Guard,67595897,,Tabard of the Lightbringer
Darkfrost Helmet,Sin Stained Pendant,Prankster's Pauldrons,Abdominal Securing Chestguard,Stonebark Girdle,Halkias's Towering Pillars,Muckwallow Stompers,Reality-Shatter Vambraces,Colossal Plate Gauntlets,Ritual Bone Band,Shadowghast Ring,Anima Field Emitter,Darkmoon Deck: Indomitable,Blighted Margrave's Cloak,Axe of the Deadgrove,Encrusted Canopic Lid,196305197,Formal White Shirt,
Wrathbark Greathelm,Sinful Gladiator's Necklace,Shadowghast Pauldrons,Sinful Gladiator's Plate Chestguard,Waistguard of Expurged Anguish,Ceremonial Parade Legguards,Stoneguard Attendant's Boots,Sinful Gladiator's Plate Vambraces,Sinful Gladiator's Plate Handguards,Stitchflesh's Misplaced Signet,Ardent Sunstar Signet,Sinful Aspirant's Medallion,Sinful Aspirant's Emblem,Cowled Batwing Cloak,Sinsmasher,Sinful Gladiator's Guard,154704488,Master Builder's Shirt,
Shadowghast Helm,Sin Stained Pendant,Prankster's Pauldrons,Breastplate of Fatal Contrivances,Scarred Bloodbound Girdle,Legplates of Unholy Frenzy,Dynamo Doomstompers,Soldier's Stoneband Wristguards,Fallen Templar's Gauntlets,Stitchflesh's Misplaced Signet,Ardent Sunstar Signet,Splintered Heart of Al'ar,Blood-Spattered Scale,Crest of the Legionnaire General,Ascended Gladius of Glory,Acidslough Bulwark,89907460,,
Wing Commander's Helmet,Sin Stained Pendant,Shadowghast Pauldrons,Breastplate of Fatal Contrivances,Binding of Warped Desires,Gormshell Greaves,Muckwallow Stompers,Vambraces of the Depraved Warden,Fleshfused Crushers,Ritual Bone Band,Ring of Perpetual Conflict,Spare Meat Hook,Sinful Gladiator's Insignia of Alacrity,Drape of Twisted Loyalties,Engorged Worm Smasher,Encrusted Canopic Lid,196022814,,
Wing Commander's Helmet,Sin Stained Pendant,Shadowghast Pauldrons,Abdominal Securing Chestguard,Girdle of the Soulflayer,Gormshell Greaves,Errant Crusader's Greaves,Thunderous Echo Vambraces,Fallen Templar's Gauntlets,Signet of the False Accuser,Death God's Signet,Sanguine Vintage,Blood-Spattered Scale,Decadent Nathrian Shawl,Engorged Worm Smasher,Barricade of the Endless Empire,166768405,,Stormwind Tabard
Sinful Gladiator's Plate Helm,Charm of Eternal Winter,Vile Butcher's Pauldrons,Sinful Gladiator's Plate Chestguard,Sinful Gladiator's Plate Greatbelt,Halkias's Towering Pillars,Errant Crusader's Greaves,Pit Fighter's Wristguards,Colossal Plate Gauntlets,Shadowghast Ring,Stitchflesh's Misplaced Signet,Blood-Spattered Scale,Splintered Heart of Al'ar,Blighted Margrave's Cloak,Sophisticated Bonecracker,Encrusted Canopic Lid,209552371,Brown Linen Shirt,
Diadem of Imperious Desire,Noble's Birthstone Pendant,Shadowghast Pauldrons,Abdominal Securing Chestguard,Binding of Warped Desires,Halkias's Towering Pillars,Errant Crusader's Greaves,Unfaltering Armguards,Distorted Construct's Gauntlets,Most Regal Signet of Sire Denathrius,Death God's Signet,Splintered Heart of Al'ar,Anima Field Emitter,Blighted Margrave's Cloak,Axe of the Deadgrove,Builwark of the Stone Legion,153864983,,
Sinful Gladiator's Plate Helm,Sinful Gladiator's Necklace,Shadowghast Pauldrons,Sinful Gladiator's Plate Chestguard,Fused Bone Greatbelt,Sinful Gladiator's Plate Legguards,Sinful Gladiator's Plate Warboots,Soldier's Stoneband Wristguards,Fogweaver Gauntlets,Sinful Gladiator's Signet,Stitchflesh's Misplaced Signet,Sinful Aspirant's Insignia of Alacrity,Sinful Aspirant's Badge of Ferocity,Blighted Margrave's Cloak,Axe of the Deadgrove,Chyrus's Crest of Hope,90161233,White Tuxedo Shirt,Tabard of the Ascended
Wrathbark Greathelm,Sin Stained Pendant,Pauldrons of Unleashed Pride,Breastplate of Otherworldly Influence,Fused Bone Greatbelt,Gormshell Greaves,Muckwallow Stompers,Reality-Shatter Vambraces,Distorted Construct's Gauntlets,Shadowghast Ring,Death God's Signet,Viscera of Coalesced Hatred,Blood-Spattered Scale,Dealer Xy'exa's Cape,Gorestained Cleaver,Barricade of the Endless Empire,111598945,,
Shadowghast Helm,Charm of Eternal Winter,Sinful Gladiator's Plate Pauldrons,Breastplate of Brutal Dissonance,Binding of Warped Desires,Galvanized Oxxein Legguards,Dynamo Doomstompers,Vambraces of the Depraved Warden,Fallen Templar's Gauntlets,Band of the Risen Bonelord,Hyperlight Band,Blood-Spattered Scale,Splintered Heart of Al'ar,Drape of Twisted Loyalties,Gorestained Cleaver,Sinful Gladiator's Guard,176648432,,
Wrathbark Greathelm,Sin Stained Pendant,Shadowghast Pauldrons,Breastplate of Brutal Dissonance,Sinful Gladiator's Plate Greatbelt,Sinful Gladiator's Plate Legguards,Muckwallow Stompers,Vambraces of the Depraved Warden,Fogweaver Gauntlets,Stitchflesh's Misplaced Signet,Death God's Signet,Stone Legion Heraldry,Blood-Spattered Scale,Blighted Margrave's Cloak,Axe of the Deadgrove,Acidslough Bulwark,153197999,,Renowned Guild Tabard
Wrathbark Greathelm,Sinful Gladiator's Necklace,Unyielding Combatant's Pauldrons,Breastplate of Fatal Contrivances,Stoic Guardsman's Belt,Shadowghast Greaves,Sinful Gladiator's Plate Warboots,Sinful Gladiator's Plate Vambraces,Colossal Plate Gauntlets,Ritualist's Treasured Ring,Sinful Gladiator's Ring,Splintered Heart of Al'ar,Sanguine Vintage,Cowled Batwing Cloak,Sophisticated Bonecracker,Sinful Gladiator's Redoubt,175091275,,
Shadowghast Helm,Sin Stained Pendant,Pauldrons of Unleashed Pride,Abdominal Securing Chestguard,Girdle of the Soulflayer,Halkias's Towering Pillars,Muckwallow Stompers,Thunderous Echo Vambraces,Fleshfused Crushers,Stitchflesh's Misplaced Signet,Signet of the False Accuser,Anima Field Emitter,Blood-Spattered Scale,Cowled Batwing Cloak,Engorged Worm Smasher,Acidslough Bulwark,199152184,Precious' Ribbon,Renowned Guild Tabard
Diadem of Imperious Desire,Azure-Venom Choker,Vile Butcher's Pauldrons,Rampaging Giant's Chestplate,Girdle of the Soulflayer,Halkias's Towering Pillars,Warboots of Ruthless Conviction,Soldier's Stoneband Wristguards,Guilewind Stone Talons,Shadowghast Ring,Hyperlight Band,Splintered Heart of Al'ar,Anima Field Emitter,Cowled Batwing Cloak,Gorestained Cleaver,Barricade of the Endless Empire,192769228,Precious' Ribbon,Argent Crusader's Tabard
Darkfrost Helmet,Sin Stained Pendant,Shadowghast Pauldrons,Breastplate of Otherworldly Influence,Stoic Guardsman's Belt,Endlessly Gluttonous Greaves,Sabatons of the Rushing Juggernaut,Hellhound Cuffs,Fleshfused Crushers,Stitchflesh's Misplaced Signet,Ritualist's Treasured Ring,Blood-Spattered Scale,Splintered Heart of Al'ar,Drape of Twisted Loyalties,Sinsmasher,Acidslough Bulwark,154057664,,
Wrathbark Greathelm,Azure-Venom Choker,Shadowghast Pauldrons,Abdominal Securing Chestguard,Girdle of the Soulflayer,Halkias's Towering Pillars,Warboots of Ruthless Conviction,Soldier's Stoneband Wristguards,Fleshfused Crushers,Ritual Bone Band,Stitchflesh's Misplaced Signet,Pulsating Stoneheart,Blood-Spattered Scale,Blighted Margrave's Cloak,Axe of the Deadgrove,Barricade of the Endless Empire,183854727,,
Wrathbark Greathelm,Sin Stained Pendant,Shadowghast Pauldrons,Chestplate of Vicious Potency,Stoic Guardsman's Belt,Galvanized Oxxein Legguards,Errant Crusader's Greaves,Hellhound Cuffs,Colossal Plate Gauntlets,Stitchflesh's Misplaced Signet,Hyperlight Band,Viscera of Coalesced Hatred,Gluttonous Spike,Saronite Animus Cloak,Axe of the Deadgrove,Barricade of the Endless Empire,119812186,,
Plague Handler's Greathelm,Sin Stained Pendant,Shadowghast Pauldrons,Breastplate of Fatal Contrivances,Stoic Guardsman's Belt,Gormshell Greaves,Errant Crusader's Greaves,Vambraces of the Depraved Warden,Fleshfused Crushers,Ritual Commander's Ring,Death God's Signet,Blood-Spattered Scale,Slimy Consumptive Organ,Cowled Batwing Cloak,Sinsmasher,Chyrus's Crest of Hope,158326157,Last Season's Shirt,Tabard of the Lightbringer
Wing Commander's Helmet,Sin Stained Pendant,Shadowghast Pauldrons,Breastplate of Otherworldly Influence,Scarred Bloodbound Girdle,Halkias's Towering Pillars,Warboots of Ruthless Conviction,Vambraces of the Depraved Warden,Fogweaver Gauntlets,Death God's Signet,Stitchflesh's Misplaced Signet,Overwhelming Power Crystal,Decanter of Anima-Charged Winds,Cowled Batwing Cloak,Engorged Worm Smasher,Acidslough Bulwark,156482715,,Tabard of the Ebon Blade
Plague Handler's Greathelm,Charm of Eternal Winter,Pauldrons of Unleashed Pride,Breastplate of Otherworldly Influence,Shadowghast Waistguard,Gormshell Greaves,Muckwallow Stompers,Soldier's Stoneband Wristguards,Fogweaver Gauntlets,Hyperlight Band,Death God's Signet,Splintered Heart of Al'ar,Blood-Spattered Scale,Cowled Batwing Cloak,Sophisticated Bonecracker,Chyrus's Crest of Hope,52707176,Initiate's Shirt,Tabard of the Lightbringer
Wrathbark Greathelm,Charm of Eternal Winter,Shadowghast Pauldrons,Sinful Gladiator's Plate Chestguard,Girdle of the Soulflayer,Gormshell Greaves,Errant Crusader's Greaves,Hellhound Cuffs,Colossal Plate Gauntlets,Hyperlight Band,Most Regal Signet of Sire Denathrius,Splintered Heart of Al'ar,Blood-Spattered Scale,Crest of the Legionnaire General,Ascended Gladius of Glory,Sinful Gladiator's Guard,124074579,Ebon Filigreed Doublet,Tabard of the Dark Iron
Wrathbark Greathelm,Sin Stained Pendant,Shadowghast Pauldrons,Breastplate of Fatal Contrivances,Stoic Guardsman's Belt,Ceremonial Parade Legguards,Errant Crusader's Greaves,Vambraces of the Depraved Warden,Colossal Plate Gauntlets,Ritual Bone Band,Ritualist's Treasured Ring,Gluttonous Spike,Blood-Spattered Scale,Cowled Batwing Cloak,Ascended Gladius of Glory,Encrusted Canopic Lid,148198080,White Swashbuckler's Shirt,Renowned Guild Tabard
Wrathbark Greathelm,Sinful Gladiator's Necklace,Shadowghast Pauldrons,Sinful Gladiator's Plate Chestplate,Girdle of the Soulflayer,Sinful Gladiator's Plate Legguards,Sinful Gladiator's Plate Warboots,Sinful Gladiator's Plate Vambraces,Distorted Construct's Gauntlets,Death God's Signet,Bloodoath Signet,Splintered Heart of Al'ar,Blood-Spattered Scale,Sinful Gladiator's Drape,Sinful Gladiator's Xiphos,Sinful Gladiator's Guard,143937353,Precious' Ribbon,Argent Crusader's Tabard
Wrathbark Greathelm,Sin Stained Pendant,Prankster's Pauldrons,Abdominal Securing Chestguard,Shadowghast Waistguard,Halkias's Towering Pillars,Dynamo Doomstompers,Reality-Shatter Vambraces,Fleshfused Crushers,Stitchflesh's Misplaced Signet,Signet of the False Accuser,Blood-Spattered Scale,Anima Field Emitter,Cowled Batwing Cloak,Gorestained Cleaver,Barricade of the Endless Empire,156183143,,Tabard of the Dark Iron
Darkfrost Helmet,Sin Stained Pendant,Shadowghast Pauldrons,Sinful Gladiator's Plate Chestguard,Sinful Gladiator's Plate Greatbelt,Halkias's Towering Pillars,Sinful Gladiator's Plate Warboots,Sinful Gladiator's Plate Vambraces,Fleshfused Crushers,Stitchflesh's Misplaced Signet,Sinful Gladiator's Ring,Sinful Gladiator's Insignia of Alacrity,Blood-Spattered Scale,Cowled Batwing Cloak,Axe of the Deadgrove,Sinful Gladiator's Guard,166595485,Artisan Member's Shirt,Tabard of the Lightbringer
Diadem of Imperious Desire,Noble's Birthstone Pendant,Shadowghast Pauldrons,Rampaging Giant's Chestplate,Girdle of the Soulflayer,Halkias's Towering Pillars,Sinful Gladiator's Plate Warboots,Pit Fighter's Wristguards,Fleshfused Crushers,Hyperlight Band,Death God's Signet,Sinful Aspirant's Medallion,Blood-Spattered Scale,Cowled Batwing Cloak,Sinful Gladiator's Xiphos,Sinful Gladiator's Guard,184164572,Artisan Officer's Shirt,Renowned Guild Tabard
Darkfrost Helmet,Charm of Eternal Winter,Shadowghast Pauldrons,Abdominal Securing Chestguard,Girdle of the Soulflayer,Galvanized Oxxein Legguards,Sabatons of the Rushing Juggernaut,Thunderous Echo Vambraces,Fleshfused Crushers,Bloodoath Signet,Stitchflesh's Misplaced Signet,Blood-Spattered Scale,Anima Field Emitter,Blighted Margrave's Cloak,Sinsmasher,Barricade of the Endless Empire,108586667,,
Wing Commander's Helmet,Sin Stained Pendant,Sinful Gladiator's Plate Pauldrons,Abdominal Securing Chestguard,Sinful Gladiator's Plate Greatbelt,Sinful Gladiator's Plate Legguards,Sinful Gladiator's Plate Warboots,Vambraces of the Depraved Warden,Guilewind Stone Talons,Entwined Gorger Tendril,Shadowghast Ring,Bargast's Leash,Blood-Spattered Scale,Blighted Margrave's Cloak,Engorged Worm Smasher,Acidslough Bulwark,175857019,,
Wrathbark Greathelm,Sin Stained Pendant,Shadowghast Pauldrons,Breastplate of Brutal Dissonance,Girdle of the Soulflayer,Ceremonial Parade Legguards,Errant Crusader's Greaves,Sinful Gladiator's Plate Vambraces,Guilewind Stone Talons,Band of the Risen Bonelord,Signet of the False Accuser,Blood-Spattered Scale,Inscrutable Quantum Device,Sinful Gladiator's Drape,Sinful Gladiator's Xiphos,Sinful Gladiator's Guard,130863518,Precious' Ribbon,Tabard of the 7th Legion
Wing Commander's Helmet,Sin Stained Pendant,Shadowghast Pauldrons,Breastplate of Cautious Calculation,Stoic Guardsman's Belt,Halkias's Towering Pillars,Muckwallow Stompers,Pit Fighter's Wristguards,Colossal Plate Gauntlets,Ritual Bone Band,Signet of the False Accuser,Anima Field Emitter,Blood-Spattered Scale,Cowled Batwing Cloak,Sophisticated Bonecracker,Barricade of the Endless Empire,74086767,Artisan Officer's Shirt,Renowned Guild Tabard
Shadowghast Helm,Charm of Eternal Winter,Epaulettes of Overwhelming Force,Breastplate of Fatal Contrivances,Scarred Bloodbound Girdle,Gormshell Greaves,Sinful Gladiator's Plate Stompers,Pit Fighter's Wristguards,Fleshfused Crushers,Ritualist's Treasured Ring,Signet of the False Accuser,Blood-Spattered Scale,Splintered Heart of Al'ar,Cowled Batwing Cloak,Sinful Gladiator's Xiphos,Elysian Sentinel's Aegis,187595197,,Tabard of the Lightbringer
Wrathbark Greathelm,Sin Stained Pendant,Shadowghast Pauldrons,Sinful Gladiator's Plate Chestguard,Sinful Gladiator's Plate Greatbelt,Sinful Gladiator's Plate Legguards,Errant Crusader's Greaves,Soldier's Stoneband Wristguards,Sinful Gladiator's Plate Handguards,Most Regal Signet of Sire Denathrius,Sinful Gladiator's Ring,Blood-Spattered Scale,Splintered Heart of Al'ar,Sinful Gladiator's Drape,Sinful Gladiator's Xiphos,Sinful Gladiator's Guard,68093642,,
Shadowghast Helm,Azure-Venom Choker,Pauldrons of Unleashed Pride,Sinful Gladiator's Plate Chestguard,Girdle of the Soulflayer,Galvanized Oxxein Legguards,Muckwallow Stompers,Thunderous Echo Vambraces,Fleshfused Crushers,Signet of the False Accuser,Sinful Gladiator's Ring,Gluttonous Spike,Bladedancer's Armor Kit,Cowled Batwing Cloak,Supercollider,Acidslough Bulwark,154395030,Antiseptic-Soaked Dressing,Renowned Guild Tabard
Darkfrost Helmet,Charm of Eternal Winter,Shadowghast Pauldrons,Sinful Gladiator's Plate Chestguard,Stoic Guardsman's Belt,Halkias's Towering Pillars,Errant Crusader's Greaves,Soldier's Stoneband Wristguards,Fleshfused Crushers,Stitchflesh's Misplaced Signet,Sinful Gladiator's Ring,Sinful Gladiator's Insignia of Alacrity,Sinful Gladiator's Medallion,Crest of the Legionnaire General,Xandria's Kopis of Courage,Chyrus's Crest of Hope,133368774,,Lightforged Tabard
Wrathbark Greathelm,Heart of Azeroth,Shadowghast Pauldrons,Sinful Gladiator's Plate Chestguard,Girdle of the Soulflayer,Gormshell Greaves,Sinful Gladiator's Plate Warboots,Vambraces of the Depraved Warden,Colossal Plate Gauntlets,Spellbound Runic Band of Elemental Power,Sinful Gladiator's Ring,Sinful Gladiator's Insignia of Alacrity,Inscrutable Quantum Device,"Gong-Lu, Strength of Xuen",Sophisticated Bonecracker,Acidslough Bulwark,188402402,Green Lumberjack Shirt,Tabard of the Lightbringer
Darkfrost Helmet,Azure-Venom Choker,Shadowghast Pauldrons,Breastplate of Otherworldly Influence,Girdle of the Soulflayer,Halkias's Towering Pillars,Dynamo Doomstompers,Vambraces of the Depraved Warden,Fleshfused Crushers,Ardent Sunstar Signet,Ritual Bone Band,Blood-Spattered Scale,Anima Field Emitter,Drape of Twisted Loyalties,Gorestained Cleaver,Barricade of the Endless Empire,185244175,,Tabard of the Ascended
Shadowghast Helm,Sin Stained Pendant,Prankster's Pauldrons,Breastplate of Otherworldly Influence,Stoic Guardsman's Belt,Gormshell Greaves,Errant Crusader's Greaves,Thunderous Echo Vambraces,Fleshfused Crushers,Death God's Signet,Stitchflesh's Misplaced Signet,Blood-Spattered Scale,Slimy Consumptive Organ,Cowled Batwing Cloak,Engorged Worm Smasher,Acidslough Bulwark,134733100,,Tabard of the Ascended
Wing Commander's Helmet,Sin Stained Pendant,Shadowghast Pauldrons,Breastplate of Fatal Contrivances,Fused Bone Greatbelt,Gormshell Greaves,Dynamo Doomstompers,Reality-Shatter Vambraces,Colossal Plate Gauntlets,Signet of the False Accuser,Sinful Gladiator's Ring,Blood-Spattered Scale,Anima Field Emitter,Blighted Margrave's Cloak,Sophisticated Bonecracker,Sylvan Whiteshield,172901306,Artisan Officer's Shirt,Tabard of the Lightbringer
Plague Handler's Greathelm,Sin Stained Pendant,Shadowghast Pauldrons,Breastplate of Brutal Dissonance,Girdle of the Soulflayer,Legplates of Unholy Frenzy,Dynamo Doomstompers,Reality-Shatter Vambraces,Fogweaver Gauntlets,Ritualist's Treasured Ring,Stitchflesh's Misplaced Signet,Slimy Consumptive Organ,Darkmoon Deck: Voracity,Cowled Batwing Cloak,Supercollider,Acidslough Bulwark,195031258,,
Wing Commander's Helmet,Sin Stained Pendant,Shadowghast Pauldrons,Breastplate of Cautious Calculation,Girdle of the Soulflayer,Gormshell Greaves,Errant Crusader's Greaves,Sinful Gladiator's Plate Vambraces,Sinful Gladiator's Plate Handguards,Signet of the False Accuser,Sinful Gladiator's Band,Blood-Spattered Scale,Sinful Gladiator's Insignia of Alacrity,Blighted Margrave's Cloak,Engorged Worm Smasher,Sinful Gladiator's Guard,243967204,,Lightforged Tabard
Shadowghast Helm,Charm of Eternal Winter,Unyielding Combatant's Pauldrons,Breastplate of Cautious Calculation,Waistguard of Expurged Anguish,Halkias's Towering Pillars,Errant Crusader's Greaves,Pit Fighter's Wristguards,Fleshfused Crushers,Death God's Signet,Hyperlight Band,Sanguine Vintage,Inscrutable Quantum Device,Blighted Margrave's Cloak,Meditation's Muse,Chyrus's Crest of Hope,183808467,Precious' Ribbon,Tabard of the Shattered Sun
Darkfrost Helmet,Sinful Gladiator's Necklace,Shadowghast Pauldrons,Abdominal Securing Chestguard,Scarred Bloodbound Girdle,Gormshell Greaves,Sabatons of the Iron Watcher,Soldier's Stoneband Wristguards,Colossal Plate Gauntlets,Fleshfused Circle,Ardent Sunstar Signet,Slimy Consumptive Organ,Sinful Aspirant's Insignia of Alacrity,Cloak of Enveloping Manifestations,Sophisticated Bonecracker,Acidslough Bulwark,196412666,,Thunder Bluff Tabard
Shadowghast Helm,Sinful Gladiator's Necklace,Epaulettes of Overwhelming Force,Sinful Gladiator's Plate Chestplate,Girdle of the Soulflayer,Galvanized Oxxein Legguards,Errant Crusader's Greaves,Sinful Gladiator's Plate Wristguards,Selfless Collector's Gauntlets,Ritual Commander's Ring,Stitchflesh's Misplaced Signet,Phial of Putrefaction,Gluttonous Spike,Mantle of Manifest Sins,Sinful Gladiator's Xiphos,Sinful Gladiator's Guard,166631802,,Tabard of the 7th Legion
Wrathbark Greathelm,Sin Stained Pendant,Shadowghast Pauldrons,Breastplate of Brutal Dissonance,Scarred Bloodbound Girdle,Gormshell Greaves,Dynamo Doomstompers,Soldier's Stoneband Wristguards,Fogweaver Gauntlets,Signet of the False Accuser,Stitchflesh's Misplaced Signet,Decanter of Anima-Charged Winds,Blood-Spattered Scale,Cowled Batwing Cloak,Sophisticated Bonecracker,Barricade of the Endless Empire,168998405,Precious' Ribbon,Tabard of the 7th Legion
Wing Commander's Helmet,Charm of Eternal Winter,Shadowghast Pauldrons,Breastplate of Fatal Contrivances,Scarred Bloodbound Girdle,Galvanized Oxxein Legguards,Errant Crusader's Greaves,Thunderous Echo Vambraces,Fleshfused Crushers,Stitchflesh's Misplaced Signet,Death God's Signet,Blood-Spattered Scale,Splintered Heart of Al'ar,Sinful Gladiator's Drape,Axe of the Deadgrove,Barricade of the Endless Empire,111673299,,
Diadem of Imperious Desire,Sinful Gladiator's Necklace,Epaulettes of Overwhelming Force,Rampaging Giant's Chestplate,Shadowghast Waistguard,Legplates of Unholy Frenzy,Errant Crusader's Greaves,Thunderous Echo Vambraces,Fogweaver Gauntlets,Death God's Signet,Ritual Bone Band,Blood-Spattered Scale,Anima Field Emitter,Drape of Twisted Loyalties,Sinful Gladiator's Xiphos,Acidslough Bulwark,167088252,,Renowned Guild Tabard
Wrathbark Greathelm,Noble's Birthstone Pendant,Shadowghast Pauldrons,Breastplate of Otherworldly Influence,Stoic Guardsman's Belt,Galvanized Oxxein Legguards,Muckwallow Stompers,Thunderous Echo Vambraces,Colossal Plate Gauntlets,Hyperlight Band,Death God's Signet,Viscera of Coalesced Hatred,Blood-Spattered Scale,Cowled Batwing Cloak,Sinsmasher,Acidslough Bulwark,247688319,Stylish Black Shirt,
Darkfrost Helmet,Sin Stained Pendant,Vile Butcher's Pauldrons,Sinful Gladiator's Plate Chestguard,Girdle of the Soulflayer,Halkias's Towering Pillars,Sabatons of the Rushing Juggernaut,Soldier's Stoneband Wristguards,Fleshfused Crushers,Shadowghast Ring,Sinful Gladiator's Signet,Inscrutable Quantum Device,Bladedancer's Armor Kit,Sinful Gladiator's Drape,Sinful Gladiator's Xiphos,Sinful Gladiator's Guard,157171057,,
Sinful Gladiator's Plate Helm,Charm of Eternal Winter,Unyielding Combatant's Pauldrons,Breastplate of Fatal Contrivances,Stoic Guardsman's Belt,Ceremonial Parade Legguards,Shadowghast Sabatons,Sinful Gladiator's Plate Vambraces,Fogweaver Gauntlets,Ritualist's Treasured Ring,Stitchflesh's Misplaced Signet,Blood-Spattered Scale,Anima Field Emitter,Cowled Batwing Cloak,Xandria's Kopis of Courage,Sinful Gladiator's Guard,106040000,,
Shadowghast Helm,Charm of Eternal Winter,Unyielding Combatant's Pauldrons,Breastplate of Fatal Contrivances,Stoic Guardsman's Belt,Gormshell Greaves,Stoneguard Attendant's Boots,Soldier's Stoneband Wristguards,Hardened Castle Crushers,Stitchflesh's Misplaced Signet,Signet of the False Accuser,Blood-Spattered Scale,Gluttonous Spike,Dealer Xy'exa's Cape,Engorged Worm Smasher,Encrusted Canopic Lid,83741128,,
Wrathbark Greathelm,Trailspinner Pendant,Shadowghast Pauldrons,Abdominal Securing Chestguard,Scarred Bloodbound Girdle,Gormshell Greaves,Muckwallow Stompers,Shoulderblade Vambraces,Fogweaver Gauntlets,Signet of the False Accuser,Stitchflesh's Misplaced Signet,Inscrutable Quantum Device,Bladedancer's Armor Kit,Cloak of Enveloping Manifestations,Sophisticated Bonecracker,Barricade of the Endless Empire,98180293,Fashionable Undershirt,Tabard of the Lightbringer
Shadowghast Helm,Sinful Gladiator's Necklace,Sinful Gladiator's Plate Pauldrons,Breastplate of Otherworldly Influence,Girdle of the Soulflayer,Ceremonial Parade Legguards,Sabatons of the Rushing Juggernaut,Vambraces of the Depraved Warden,Fleshfused Crushers,Sinful Gladiator's Signet,Sinful Gladiator's Ring,Sinful Gladiator's Insignia of Alacrity,Inscrutable Quantum Device,Blighted Margrave's Cloak,Sinful Gladiator's Xiphos,Sinful Gladiator's Guard,166079251,,Tabard of the Lightbringer
Wrathbark Greathelm,Noble's Birthstone Pendant,Shadowghast Pauldrons,Breastplate of Fatal Contrivances,Binding of Warped Desires,Gormshell Greaves,Errant Crusader's Greaves,Soldier's Stoneband Wristguards,Colossal Plate Gauntlets,Death God's Signet,Ritual Commander's Ring,Sanguine Vintage,Decanter of Anima-Charged Winds,Cowled Batwing Cloak,Gorestained Cleaver,Barricade of the Endless Empire,112786766,,
Darkfrost Helmet,Sin Stained Pendant,Shadowghast Pauldrons,Breastplate of Cautious Calculation,Fused Bone Greatbelt,Halkias's Towering Pillars,Muckwallow Stompers,Soldier's Stoneband Wristguards,Fogweaver Gauntlets,Death God's Signet,Bloodoath Signet,Blood-Spattered Scale,Wakener's Frond,Dealer Xy'exa's Cape,Supercollider,Acidslough Bulwark,156067386,Precious' Ribbon,Gilneas Tabard
Wrathbark Greathelm,Sinful Gladiator's Necklace,Pauldrons of Unleashed Pride,Sinful Gladiator's Plate Chestguard,Shadowghast Waistguard,Gormshell Greaves,Muckwallow Stompers,Sinful Gladiator's Plate Vambraces,Colossal Plate Gauntlets,Ritual Bone Band,Stitchflesh's Misplaced Signet,Blood-Spattered Scale,Decanter of Anima-Charged Winds,Sinful Gladiator's Drape,Gorestained Cleaver,Sinful Gladiator's Guard,173135774,,
Darkfrost Helmet,Sin Stained Pendant,Shadowghast Pauldrons,Breastplate of Otherworldly Influence,Sinful Gladiator's Plate Greatbelt,Galvanized Oxxein Legguards,Warboots of Ruthless Conviction,Sinful Gladiator's Plate Vambraces,Distorted Construct's Gauntlets,Band of the Risen Bonelord,Signet of the False Accuser,Anima Field Emitter,Blood-Spattered Scale,Blighted Margrave's Cloak,Sinful Gladiator's Xiphos,Sinful Gladiator's Guard,140116630,,
Wrathbark Greathelm,Sin Stained Pendant,Shadowghast Pauldrons,Sinful Gladiator's Plate Chestguard,Scarred Bloodbound Girdle,Gormshell Greaves,Muckwallow Stompers,Thunderous Echo Vambraces,Fleshfused Crushers,Arachnid Cipher Ring,Fleshfused Circle,Blood-Spattered Scale,Sinful Gladiator's Insignia of Alacrity,Drape of Twisted Loyalties,Engorged Worm Smasher,Barricade of the Endless Empire,170229125,White Tuxedo Shirt,Renowned Guild Tabard
Darkfrost Helmet,Sin Stained Pendant,Shadowghast Pauldrons,Abdominal Securing Chestguard,Fused Bone Greatbelt,Galvanized Oxxein Legguards,Muckwallow Stompers,Vambraces of the Depraved Warden,Distorted Construct's Gauntlets,Signet of the False Accuser,Stitchflesh's Misplaced Signet,Decanter of Anima-Charged Winds,Blood-Spattered Scale,Blighted Margrave's Cloak,Gorestained Cleaver,Barricade of the Endless Empire,195731446,,Tabard of the Ascended
Wing Commander's Helmet,Muckformed Chain Choker,Shadowghast Pauldrons,Breastplate of Otherworldly Influence,Girdle of the Soulflayer,Galvanized Oxxein Legguards,Baetheas' Ironclad Warboots,Soldier's Stoneband Wristguards,Colossal Plate Gauntlets,Signet of the False Accuser,Ritual Bone Band,Viscera of Coalesced Hatred,Blood-Spattered Scale,Cowled Batwing Cloak,Engorged Worm Smasher,Barricade of the Endless Empire,169136973,,Stormwind Tabard
Wrathbark Greathelm,Trailspinner Pendant,Prankster's Pauldrons,Breastplate of Cautious Calculation,Shadowghast Waistguard,Galvanized Oxxein Legguards,Errant Crusader's Greaves,Soldier's Stoneband Wristguards,Fallen Templar's Gauntlets,Arachnid Cipher Ring,Signet of the False Accuser,Anima Field Emitter,Splintered Heart of Al'ar,Drape of Twisted Loyalties,Engorged Worm Smasher,Acidslough Bulwark,145355935,,
Sinful Gladiator's Plate Helm,Charm of Eternal Winter,Shadowghast Pauldrons,Breastplate of Brutal Dissonance,Scarred Bloodbound Girdle,Gormshell Greaves,Errant Crusader's Greaves,Reality-Shatter Vambraces,Colossal Plate Gauntlets,Ritualist's Treasured Ring,Ritual Bone Band,Splintered Heart of Al'ar,Anima Field Emitter,Crest of the Legionnaire General,Engorged Worm Smasher,Barricade of the Endless Empire,137831375,,Tabard of the Argent Crusade
Sinful Gladiator's Plate Helm,Sin Stained Pendant,Shadowghast Pauldrons,Abdominal Securing Chestguard,Fused Bone Greatbelt,Sinful Gladiator's Plate Legguards,Muckwallow Stompers,Thunderous Echo Vambraces,Guilewind Stone Talons,Stitchflesh's Misplaced Signet,Death God's Signet,Blood-Spattered Scale,Macabre Sheet Music,Sinful Gladiator's Drape,Gorestained Cleaver,Sinful Gladiator's Guard,139956677,Blue Martial Shirt,Renowned Guild Tabard
Sinful Gladiator's Plate Helmet,Sinful Gladiator's Necklace,Sinful Gladiator's Plate Pauldrons,Sinful Gladiator's Plate Chestguard,Shadowghast Waistguard,Halkias's Towering Pillars,Errant Crusader's Greaves,Soldier's Stoneband Wristguards,Distorted Construct's Gauntlets,Death God's Signet,Ritual Bone Band,Sinful Gladiator's Emblem,Splintered Heart of Al'ar,Cloak of Enveloping Manifestations,Engorged Worm Smasher,Barricade of the Endless Empire,197580854,Blue Linen Shirt,Stormwind Tabard
Darkfrost Helmet,Muckformed Chain Choker,Shadowghast Pauldrons,Breastplate of Otherworldly Influence,Binding of Warped Desires,Gormshell Greaves,Dynamo Doomstompers,Vambraces of the Depraved Warden,Fleshfused Crushers,Ritual Bone Band,Death God's Signet,Anima Field Emitter,Blood-Spattered Scale,Cowled Batwing Cloak,Sophisticated Bonecracker,Barricade of the Endless Empire,175760203,,
Shadowghast Helm,Sin Stained Pendant,Unyielding Combatant's Pauldrons,Sinful Gladiator's Plate Chestplate,Girdle of the Soulflayer,Halkias's Towering Pillars,Sinful Gladiator's Plate Warboots,Sinful Gladiator's Plate Vambraces,Distorted Construct's Gauntlets,Stitchflesh's Misplaced Signet,Entwined Gorger Tendril,Slimy Consumptive Organ,Inscrutable Quantum Device,Dealer Xy'exa's Cape,Sophisticated Bonecracker,Acidslough Bulwark,248108030,,
Shadowghast Helm,Sinful Gladiator's Necklace,Sinful Gladiator's Plate Pauldrons,Breastplate of Otherworldly Influence,Waistguard of Expurged Anguish,Halkias's Towering Pillars,Sinful Gladiator's Plate Warboots,Pit Fighter's Wristguards,Colossal Plate Gauntlets,Bloodoath Signet,Sinful Gladiator's Ring,Bladedancer's Armor Kit,Spare Meat Hook,Decadent Nathrian Shawl,Axe of the Deadgrove,Sinful Gladiator's Guard,117103461,,Tabard of the Ascended
Shadowghast Helm,Sin Stained Pendant,Prankster's Pauldrons,Breastplate of Otherworldly Influence,Waistguard of Expurged Anguish,Halkias's Towering Pillars,Stoneguard Attendant's Boots,Vambraces of the Depraved Warden,Fleshfused Crushers,Ritual Bone Band,Most Regal Signet of Sire Denathrius,Spare Meat Hook,Blood-Spattered Scale,Dealer Xy'exa's Cape,Engorged Worm Smasher,Encrusted Canopic Lid,244605081,,
Shadowghast Helm,Charm of Eternal Winter,Pauldrons of Unleashed Pride,Breastplate of Brutal Dissonance,Girdle of the Soulflayer,Gormshell Greaves,Errant Crusader's Greaves,Pit Fighter's Wristguards,Fleshfused Crushers,Death God's Signet,Arachnid Cipher Ring,Anima Field Emitter,Pulsating Stoneheart,Cloak of Enveloping Manifestations,Axe of the Deadgrove,Acidslough Bulwark,93110983,Precious' Ribbon,Tabard of the Lightbringer
Wrathbark Greathelm,Sin Stained Pendant,Shadowghast Pauldrons,Breastplate of Otherworldly Influence,Scarred Bloodbound Girdle,Halkias's Towering Pillars,Muckwallow Stompers,Thunderous Echo Vambraces,Selfless Collector's Gauntlets,Stitchflesh's Misplaced Signet,Ritualist's Treasured Ring,Blood-Spattered Scale,Sinful Gladiator's Insignia of Alacrity,Dealer Xy'exa's Cape,Engorged Worm Smasher,Barricade of the Endless Empire,129327797,Precious' Ribbon,Tabard of Summer Flames
Wing Commander's Helmet,Azure-Venom Choker,Shadowghast Pauldrons,Breastplate of Cautious Calculation,Girdle of the Soulflayer,Legplates of Unholy Frenzy,Errant Crusader's Greaves,Hellhound Cuffs,Distorted Construct's Gauntlets,Signet of the False Accuser,Death God's Signet,Stone Legion Heraldry,Splintered Heart of Al'ar,Cowled Batwing Cloak,Sinsmasher,Builwark of the Stone Legion,134419779,Stylish Black Shirt,Tabard of the Ascended
Plague Handler's Greathelm,Sinful Aspirant's Pendant,Shadowghast Pauldrons,Sinful Gladiator's Plate Chestguard,Sinful Gladiator's Plate Greatbelt,Galvanized Oxxein Legguards,Sinful Aspirant's Plate Warboots,Pit Fighter's Wristguards,Distorted Construct's Gauntlets,Sinful Gladiator's Signet,Stitchflesh's Misplaced Signet,Viscera of Coalesced Hatred,Gluttonous Spike,Dealer Xy'exa's Cape,Sinful Gladiator's Xiphos,Sinful Gladiator's Guard,194382434,,Illustrious Guild Tabard
Plague Handler's Greathelm,Sin Stained Pendant,Vile Butcher's Pauldrons,Rampaging Giant's Chestplate,Fused Bone Greatbelt,Gormshell Greaves,Sinful Gladiator's Plate Warboots,Reality-Shatter Vambraces,Guilewind Stone Talons,Shadowghast Ring,Death God's Signet,Blood-Spattered Scale,Sinful Aspirant's Insignia of Alacrity,Sinful Gladiator's Drape,Engorged Worm Smasher,Sinful Gladiator's Guard,210021985,,Loremaster's Colors
Shadowghast Helm,Charm of Eternal Winter,Unyielding Combatant's Pauldrons,Breastplate of Cautious Calculation,Binding of Warped Desires,Galvanized Oxxein Legguards,Errant Crusader's Greaves,Soldier's Stoneband Wristguards,Fleshfused Crushers,Death God's Signet,Twisted Witherroot Band,Splintered Heart of Al'ar,Sanguine Vintage,Drape of Twisted Loyalties,Sophisticated Bonecracker,Acidslough Bulwark,188759228,,
Shadowghast Helm,Sin Stained Pendant,Pauldrons of Unleashed Pride,Breastplate of Brutal Dissonance,Girdle of the Soulflayer,Sinful Gladiator's Plate Legguards,Warboots of Ruthless Conviction,Vambraces of the Depraved Warden,Guilewind Stone Talons,Hyperlight Band,Stitchflesh's Misplaced Signet,Anima Field Emitter,Blood-Spattered Scale,Sinful Gladiator's Drape,Sophisticated Bonecracker,Sinful Gladiator's Guard,193772441,,Tabard of the Ascended
Wing Commander's Helmet,Sin Stained Pendant,Shadowghast Pauldrons,Sinful Gladiator's Plate Chestplate,Stoic Guardsman's Belt,Halkias's Towering Pillars,Dynamo Doomstompers,Sinful Gladiator's Plate Vambraces,Sinful Gladiator's Plate Handguards,Stitchflesh's Misplaced Signet,Hyperlight Band,Sinful Gladiator's Insignia of Alacrity,Sinful Aspirant's Medallion,Cowled Batwing Cloak,Sinful Gladiator's Xiphos,Encrusted Canopic Lid,95555033,Tailored Officer's Shirt,Renowned Guild Tabard
Wrathbark Greathelm,Sin Stained Pendant,Shadowghast Pauldrons,Breastplate of Otherworldly Influence,Fused Bone Greatbelt,Halkias's Towering Pillars,Muckwallow Stompers,Vambraces of the Depraved Warden,Fleshfused Crushers,Death God's Signet,Arachnid Cipher Ring,Viscera of Coalesced Hatred,Blood-Spattered Scale,Mantle of Manifest Sins,Engorged Worm Smasher,Acidslough Bulwark,153584340,,Tabard of the Lightbringer
Shadowghast Helm,Sinful Gladiator's Necklace,Pauldrons of Unleashed Pride,Abdominal Securing Chestguard,Girdle of the Soulflayer,Sinful Gladiator's Plate Legguards,Sinful Gladiator's Plate Warboots,Vambraces of the Depraved Warden,Colossal Plate Gauntlets,Sinful Gladiator's Ring,Bloodoath Signet,Sinful Aspirant's Insignia of Alacrity,Sinful Gladiator's Insignia of Alacrity,Dealer Xy'exa's Cape,Axe of the Deadgrove,Encrusted Canopic Lid,136676508,,
Sinful Gladiator's Plate Helm,Sin Stained Pendant,Shadowghast Pauldrons,Rampaging Giant's Chestplate,Sinful Gladiator's Plate Greatbelt,Halkias's Towering Pillars,Sinful Gladiator's Plate Warboots,Soldier's Stoneband Wristguards,Colossal Plate Gauntlets,Sinful Gladiator's Ring,Stitchflesh's Misplaced Signet,Blood-Spattered Scale,Sinful Gladiator's Insignia of Alacrity,Cowled Batwing Cloak,Sinful Gladiator's Xiphos,Barricade of the Endless Empire,177514687,Ironforge Doublet,Tabard of the Ascended
Wrathbark Greathelm,Charm of Eternal Winter,Shadowghast Pauldrons,Breastplate of Brutal Dissonance,Stoic Guardsman's Belt,Halkias's Towering Pillars,Errant Crusader's Greaves,Soldier's Stoneband Wristguards,Fogweaver Gauntlets,Death God's Signet,Stitchflesh's Misplaced Signet,Splintered Heart of Al'ar,Blood-Spattered Scale,Cowled Batwing Cloak,Gorestained Cleaver,Acidslough Bulwark,113620817,,
Plague Handler's Greathelm,Sin Stained Pendant,Prankster's Pauldrons,Breastplate of Fatal Contrivances,Waistguard of Expurged Anguish,Shadowghast Greaves,Muckwallow Stompers,Reality-Shatter Vambraces,Guilewind Stone Talons,Bloodoath Signet,Ritualist's Treasured Ring,Decanter of Anima-Charged Winds,Blood-Spattered Scale,Drape of Twisted Loyalties,Barbed-Edge of the Stone Legion,Builwark of the Stone Legion,176201426,,
Plague Handler's Greathelm,Sin Stained Pendant,Shadowghast Pauldrons,Breastplate of Fatal Contrivances,Stoic Guardsman's Belt,Galvanized Oxxein Legguards,Errant Crusader's Greaves,Hellhound Cuffs,Fogweaver Gauntlets,Ring of Perpetual Conflict,Death God's Signet,Sinful Gladiator's Badge of Ferocity,Sinful Gladiator's Insignia of Alacrity,Sinful Gladiator's Drape,Sinsmasher,Encrusted Canopic Lid,118609313,,Tabard of the Ascended
Wrathbark Greathelm,Gaiazelle's Spiked Collar,Shadowghast Pauldrons,Rampaging Giant's Chestplate,Girdle of the Soulflayer,Halkias's Towering Pillars,Sabatons of the Rushing Juggernaut,Vambraces of the Depraved Warden,Fallen Templar's Gauntlets,Death God's Signet,Ritual Bone Band,Bladedancer's Armor Kit,Blood-Spattered Scale,Blighted Margrave's Cloak,Axe of the Deadgrove,Acidslough Bulwark,197832918,,Tabard of the Achiever
Shadowghast Helm,Azure-Venom Choker,Prankster's Pauldrons,Breastplate of Otherworldly Influence,Fused Bone Greatbelt,Legplates of Unholy Frenzy,Dynamo Doomstompers,Pit Fighter's Wristguards,Fogweaver Gauntlets,Stitchflesh's Misplaced Signet,Arachnid Cipher Ring,Blood-Spattered Scale,Overwhelming Power Crystal,Mantle of Manifest Sins,Supercollider,Encrusted Canopic Lid,178520861,Fashionable Undershirt,Tabard of the Ascended
Wrathbark Greathelm,Sinful Gladiator's Necklace,Shadowghast Pauldrons,Sinful Gladiator's Plate Chestguard,Girdle of the Soulflayer,Sinful Gladiator's Plate Legguards,Muckwallow Stompers,Sinful Gladiator's Plate Wristguards,Fleshfused Crushers,Sinful Gladiator's Ring,Stitchflesh's Misplaced Signet,Sinful Aspirant's Badge of Ferocity,Darkmoon Deck: Indomitable,Cowled Batwing Cloak,Axe of the Deadgrove,Acidslough Bulwark,154500117,,
Darkfrost Helmet,Sin Stained Pendant,Shadowghast Pauldrons,Breastplate of Otherworldly Influence,Sinful Gladiator's Plate Greatbelt,Endlessly Gluttonous Greaves,Muckwallow Stompers,Thunderous Echo Vambraces,Colossal Plate Gauntlets,Death God's Signet,Signet of the False Accuser,Splintered Heart of Al'ar,Blood-Spattered Scale,Cowled Batwing Cloak,Sophisticated Bonecracker,Encrusted Canopic Lid,150589968,,
Wing Commander's Helmet,Trailspinner Pendant,Shadowghast Pauldrons,Breastplate of Otherworldly Influence,Waistguard of Expurged Anguish,Legplates of Unholy Frenzy,Stoneguard Attendant's Boots,Thunderous Echo Vambraces,Fallen Templar's Gauntlets,Signet of the False Accuser,Hyperlight Band,Spare Meat Hook,Slimy Consumptive Organ,Crest of the Legionnaire General,Gorestained Cleaver,Encrusted Canopic Lid,77877412,,
Shadowghast Helm,Charm of Eternal Winter,Epaulettes of Overwhelming Force,Rampaging Giant's Chestplate,Stoic Guardsman's Belt,Halkias's Towering Pillars,Stoneguard Attendant's Boots,Reality-Shatter Vambraces,Colossal Plate Gauntlets,Death God's Signet,Hyperlight Band,Splintered Heart of Al'ar,Blood-Spattered Scale,Blighted Margrave's Cloak,Sinful Gladiator's Xiphos,Acidslough Bulwark,188051410,,
Wrathbark Greathelm,Sin Stained Pendant,Shadowghast Pauldrons,Rampaging Giant's Chestplate,Binding of Warped Desires,Gormshell Greaves,Errant Crusader's Greaves,Vambraces of the Depraved Warden,Colossal Plate Gauntlets,Stitchflesh's Misplaced Signet,Hyperlight Band,Stone Legion Heraldry,Anima Field Emitter,Cowled Batwing Cloak,Sophisticated Bonecracker,Barricade of the Endless Empire,180191286,,Renowned Guild Tabard
Darkfrost Helmet,Charm of Eternal Winter,Pauldrons of Unleashed Pride,Abdominal Securing Chestguard,Shadowghast Waistguard,Halkias's Towering Pillars,Stoneguard Attendant's Boots,Soldier's Stoneband Wristguards,Colossal Plate Gauntlets,Sinful Gladiator's Ring,Most Regal Signet of Sire Denathrius,Anima Field Emitter,Slimy Consumptive Organ,Drape of Twisted Loyalties,Sophisticated Bonecracker,Chyrus's Crest of Hope,148814723,,
Wing Commander's Helmet,Sin Stained Pendant,Shadowghast Pauldrons,Breastplate of Cautious Calculation,Scarred Bloodbound Girdle,Halkias's Towering Pillars,Muckwallow Stompers,Pit Fighter's Wristguards,Fleshfused Crushers,Most Regal Signet of Sire Denathrius,Hyperlight Band,Gluttonous Spike,Inscrutable Quantum Device,Cowled Batwing Cloak,Sophisticated Bonecracker,Acidslough Bulwark,166734171,,
Shadowghast Helm,Charm of Eternal Winter,Epaulettes of Overwhelming Force,Abdominal Securing Chestguard,Scarred Bloodbound Girdle,Gormshell Greaves,Errant Crusader's Greaves,Soldier's Stoneband Wristguards,Fallen Templar's Gauntlets,Ardent Sunstar Signet,Stitchflesh's Misplaced Signet,Blood-Spattered Scale,Gluttonous Spike,Decadent Nathrian Shawl,Axe of the Deadgrove,Acidslough Bulwark,226283851,Precious' Ribbon,Tabard of the Lightbringer
Wing Commander's Helmet,Trailspinner Pendant,Unyielding Combatant's Pauldrons,Breastplate of Cautious Calculation,Stoic Guardsman's Belt,Shadowghast Greaves,Sabatons of the Rushing Juggernaut,Soldier's Stoneband Wristguards,Fallen Templar's Gauntlets,Death God's Signet,Signet of the False Accuser,Blood-Spattered Scale,Splintered Heart of Al'ar,Decadent Nathrian Shawl,Sinsmasher,Barricade of the Endless Empire,136938662,,
Wrathbark Greathelm,Sin Stained Pendant,Unyielding Combatant's Pauldrons,Breastplate of Otherworldly Influence,Girdle of the Soulflayer,Gormshell Greaves,Muckwallow Stompers,Vambraces of the Depraved Warden,Colossal Plate Gauntlets,Shadowghast Ring,Ritualist's Treasured Ring,Blood-Spattered Scale,Splintered Heart of Al'ar,Drape of Twisted Loyalties,Engorged Worm Smasher,Barricade of the Endless Empire,193091808,,
Darkfrost Helmet,Sin Stained Pendant,Shadowghast Pauldrons,Abdominal Securing Chestguard,Scarred Bloodbound Girdle,Gormshell Greaves,Warboots of Ruthless Conviction,Reality-Shatter Vambraces,Fleshfused Crushers,Signet of the False Accuser,Stitchflesh's Misplaced Signet,Anima Field Emitter,Slimy Consumptive Organ,Drape of Twisted Loyalties,Sophisticated Bonecracker,Sinful Gladiator's Guard,158006360,Precious' Ribbon,Renowned Guild Tabard
Wing Commander's Helmet,Sin Stained Pendant,Pauldrons of Unleashed Pride,Breastplate of Brutal Dissonance,Shadowghast Waistguard,Gormshell Greaves,Errant Crusader's Greaves,Vambraces of the Depraved Warden,Fleshfused Crushers,Fleshfused Circle,Hyperlight Band,Anima Field Emitter,Blood-Spattered Scale,Drape of Twisted Loyalties,Engorged Worm Smasher,Encrusted Canopic Lid,149922389,Artisan Officer's Shirt,Tabard of the Ascended
Wrathbark Greathelm,Sin Stained Pendant,Unyielding Combatant's Pauldrons,Sinful Gladiator's Plate Chestguard,Shadowghast Waistguard,Halkias's Towering Pillars,Sabatons of the Rushing Juggernaut,Pit Fighter's Wristguards,Fleshfused Crushers,Death God's Signet,Stitchflesh's Misplaced Signet,Blood-Spattered Scale,Splintered Heart of Al'ar,Cloak of Enveloping Manifestations,Axe of the Deadgrove,Acidslough Bulwark,86214439,Artisan Officer's Shirt,Renowned Guild Tabard
Wrathbark Greathelm,Noble's Birthstone Pendant,Shadowghast Pauldrons,Breastplate of Otherworldly Influence,Girdle of the Soulflayer,Halkias's Towering Pillars,Errant Crusader's Greaves,Soldier's Stoneband Wristguards,Hardened Castle Crushers,Hyperlight Band,Stitchflesh's Misplaced Signet,Blood-Spattered Scale,Anima Field Emitter,Cowled Batwing Cloak,Engorged Worm Smasher,Chyrus's Crest of Hope,226400871,,
Darkfrost Helmet,Azure-Venom Choker,Pauldrons of Unleashed Pride,Breastplate of Cautious Calculation,Stoic Guardsman's Belt,Halkias's Towering Pillars,Warboots of Ruthless Conviction,Soldier's Stoneband Wristguards,Fogweaver Gauntlets,Signet of the False Accuser,Shadowghast Ring,Slimy Consumptive Organ,Viscera of Coalesced Hatred,Blighted Margrave's Cloak,Supercollider,Sinful Gladiator's Guard,197735942,,Tabard of the Dark Iron
Wing Commander's Helmet,Sin Stained Pendant,Shadowghast Pauldrons,Breastplate of Fatal Contrivances,Girdle of the Soulflayer,Halkias's Towering Pillars,Errant Crusader's Greaves,Vambraces of the Depraved Warden,Guilewind Stone Talons,Death God's Signet,Stitchflesh's Misplaced Signet,Blood-Spattered Scale,Viscera of Coalesced Hatred,Dealer Xy'exa's Cape,Sophisticated Bonecracker,Encrusted Canopic Lid,78973088,Precious' Ribbon,Stormwind Tabard
Darkfrost Helmet,Gaiazelle's Spiked Collar,Shadowghast Pauldrons,Sinful Gladiator's Plate Chestguard,Girdle of the Soulflayer,Halkias's Towering Pillars,Sinful Gladiator's Plate Warboots,Soldier's Stoneband Wristguards,Colossal Plate Gauntlets,Ardent Sunstar Signet,Stitchflesh's Misplaced Signet,Sinful Aspirant's Medallion,Bladedancer's Armor Kit,Blighted Margrave's Cloak,Axe of the Deadgrove,Encrusted Canopic Lid,166002765,Artisan Officer's Shirt,Renowned Guild Tabard
Wrathbark Greathelm,Sin Stained Pendant,Shadowghast Pauldrons,Breastplate of Otherworldly Influence,Fused Bone Greatbelt,Galvanized Oxxein Legguards,Muckwallow Stompers,Sinful Gladiator's Plate Vambraces,Sinful Gladiator's Plate Handguards,Death God's Signet,Stitchflesh's Misplaced Signet,Gluttonous Spike,Bladedancer's Armor Kit,Sinful Gladiator's Drape,Supercollider,Sinful Gladiator's Guard,148268233,,Tabard of the Dark Iron
Sinful Gladiator's Plate Helm,Sin Stained Pendant,Shadowghast Pauldrons,Breastplate of Brutal Dissonance,Sinful Gladiator's Plate Greatbelt,Legplates of Unholy Frenzy,Errant Crusader's Greaves,Pit Fighter's Wristguards,Sinful Gladiator's Plate Handguards,Stitchflesh's Misplaced Signet,Signet of the False Accuser,Slimy Consumptive Organ,Pulsating Stoneheart,Dealer Xy'exa's Cape,Sinful Gladiator's Xiphos,Barricade of the Endless Empire,136520771,,Renowned Guild Tabard
Shadowghast Helm,Sinful Gladiator's Necklace,Pauldrons of Unleashed Pride,Breastplate of Fatal Contrivances,Stonebark Girdle,Gormshell Greaves,Sinful Gladiator's Plate Warboots,Pit Fighter's Wristguards,Fleshfused Crushers,Ritual Bone Band,Ritual Commander's Ring,Gluttonous Spike,Decanter of Anima-Charged Winds,Shroud of the Penitent,Sinful Gladiator's Hacker,Barricade of the Endless Empire,195803253,,
Wrathbark Greathelm,Charm of Eternal Winter,Prankster's Pauldrons,Rampaging Giant's Chestplate,Stoic Guardsman's Belt,Shadowghast Greaves,Stoneguard Attendant's Boots,Hellhound Cuffs,Distorted Construct's Gauntlets,Signet of the False Accuser,Stitchflesh's Misplaced Signet,Blood-Spattered Scale,Splintered Heart of Al'ar,Sinful Gladiator's Greatcloak,Axe of the Deadgrove,Sinful Gladiator's Guard,174223715,,Tabard of the Zandalari
Darkfrost Helmet,Charm of Eternal Winter,Shadowghast Pauldrons,Breastplate of Otherworldly Influence,Scarred Bloodbound Girdle,Halkias's Towering Pillars,Sabatons of the Rushing Juggernaut,Vambraces of the Depraved Warden,Colossal Plate Gauntlets,Stitchflesh's Misplaced Signet,Death God's Signet,Blood-Spattered Scale,Splintered Heart of Al'ar,Dealer Xy'exa's Cape,Axe of the Deadgrove,Acidslough Bulwark,96119911,,
Wing Commander's Helmet,Sin Stained Pendant,Unyielding Combatant's Pauldrons,Breastplate of Cautious Calculation,Waistguard of Expurged Anguish,Halkias's Towering Pillars,Stoneguard Attendant's Boots,Pit Fighter's Wristguards,Colossal Plate Gauntlets,Shadowghast Ring,Death God's Signet,Mjolnir Runestone,Darkmoon Deck: Indomitable,Cowled Batwing Cloak,Gorestained Cleaver,Chyrus's Crest of Hope,191855645,,
Wrathbark Greathelm,Trailspinner Pendant,Pauldrons of Unleashed Pride,Abdominal Securing Chestguard,Fused Bone Greatbelt,Gormshell Greaves,Stoneguard Attendant's Boots,Thunderous Echo Vambraces,Fleshfused Crushers,Signet of the False Accuser,Shadowghast Ring,Viscera of Coalesced Hatred,Decanter of Anima-Charged Winds,Blighted Margrave's Cloak,Engorged Worm Smasher,Acidslough Bulwark,158586260,Fashionable Undershirt,Guild Tabard
Wrathbark Greathelm,Charm of Eternal Winter,Shadowghast Pauldrons,Breastplate of Brutal Dissonance,Binding of Warped Desires,Endlessly Gluttonous Greaves,Stoneguard Attendant's Boots,Hellhound Cuffs,Distorted Construct's Gauntlets,Ritualist's Treasured Ring,Death God's Signet,Inscrutable Quantum Device,Splintered Heart of Al'ar,Blighted Margrave's Cloak,Sinsmasher,Elysian Sentinel's Aegis,145420670,Precious' Ribbon,Tabard of the Lightbringer
Shadowghast Helm,Sin Stained Pendant,Prankster's Pauldrons,Breastplate of Brutal Dissonance,Girdle of the Soulflayer,Halkias's Towering Pillars,Errant Crusader's Greaves,Vambraces of the Depraved Warden,Guilewind Stone Talons,Signet of the False Accuser,Ring of Perpetual Conflict,Anima Field Emitter,Blood-Spattered Scale,Blighted Margrave's Cloak,Gorestained Cleaver,Sinful Gladiator's Guard,214836177,,
Wrathbark Greathelm,Sin Stained Pendant,Shadowghast Pauldrons,Breastplate of Otherworldly Influence,Girdle of the Soulflayer,Legplates of Unholy Frenzy,Errant Crusader's Greaves,Thunderous Echo Vambraces,Fleshfused Crushers,Signet of the False Accuser,Hyperlight Band,Inscrutable Quantum Device,Decanter of Anima-Charged Winds,Cloak of Enveloping Manifestations,Sophisticated Bonecracker,Encrusted Canopic Lid,174509571,,
Wing Commander's Helmet,Sinful Gladiator's Necklace,Sinful Gladiator's Plate Pauldrons,Abdominal Securing Chestguard,Shadowghast Waistguard,Halkias's Towering Pillars,Muckwallow Stompers,Thunderous Echo Vambraces,Sinful Gladiator's Plate Handguards,Stitchflesh's Misplaced Signet,Ritualist's Treasured Ring,Blood-Spattered Scale,Splintered Heart of Al'ar,Drape of Twisted Loyalties,Engorged Worm Smasher,Sinful Gladiator's Guard,69296778,Precious' Ribbon,
Darkfrost Helmet,Sin Stained Pendant,Shadowghast Pauldrons,Breastplate of Fatal Contrivances,Waistguard of Expurged Anguish,Galvanized Oxxein Legguards,Errant Crusader's Greaves,Shoulderblade Vambraces,Sinful Gladiator's Plate Handguards,Signet of the False Accuser,Stitchflesh's Misplaced Signet,Sanguine Vintage,Decanter of Anima-Charged Winds,Crest of the Legionnaire General,Sinsmasher,Barricade of the Endless Empire,171490413,,Tabard of Brute Force
Diadem of Imperious Desire,Sinful Gladiator's Necklace,Shadowghast Pauldrons,Breastplate of Otherworldly Influence,Girdle of the Soulflayer,Halkias's Towering Pillars,Sinful Gladiator's Plate Warboots,Thunderous Echo Vambraces,Fallen Templar's Gauntlets,Stitchflesh's Misplaced Signet,Ritual Bone Band,Blood-Spattered Scale,Sinful Aspirant's Insignia of Alacrity,Drape of Twisted Loyalties,Sinful Gladiator's Xiphos,Acidslough Bulwark,154941449,White Swashbuckler's Shirt,Tabard of the Ascended
Selfless Collector's GreatHelm,Charm of Eternal Winter,Unyielding Combatant's Pauldrons,Breastplate of Fatal Contrivances,Binding of Warped Desires,Shadowghast Greaves,Errant Crusader's Greaves,Hellhound Cuffs,Colossal Plate Gauntlets,Ritual Bone Band,Death God's Signet,Sanguine Vintage,Gluttonous Spike,Mantle of Manifest Sins,Sacred Sparrer's Edge,Elysian Sentinel's Aegis,156035532,,Tabard of the Ascended
Shadowghast Helm,Sin Stained Pendant,Prankster's Pauldrons,Breastplate of Otherworldly Influence,Girdle of the Soulflayer,Halkias's Towering Pillars,Errant Crusader's Greaves,Reality-Shatter Vambraces,Fallen Templar's Gauntlets,Hyperlight Band,Ritual Bone Band,Splintered Heart of Al'ar,Blood-Spattered Scale,Blighted Margrave's Cloak,Axe of the Deadgrove,Sinful Gladiator's Guard,144130261,,Tabard of Summer Flames
Darkfrost Helmet,Charm of Eternal Winter,Shadowghast Pauldrons,Sinful Gladiator's Plate Chestguard,Fused Bone Greatbelt,Galvanized Oxxein Legguards,Sinful Gladiator's Plate Warboots,Soldier's Stoneband Wristguards,Fallen Templar's Gauntlets,Most Regal Signet of Sire Denathrius,Signet of the False Accuser,Sinful Gladiator's Insignia of Alacrity,Blood-Spattered Scale,Decadent Nathrian Shawl,Supercollider,Sinful Gladiator's Redoubt,174241461,,Illustrious Guild Tabard
Wing Commander's Helmet,Sin Stained Pendant,Shadowghast Pauldrons,Abdominal Securing Chestguard,Waistguard of Expurged Anguish,Halkias's Towering Pillars,Errant Crusader's Greaves,Soldier's Stoneband Wristguards,Fallen Templar's Gauntlets,Stitchflesh's Misplaced Signet,Death God's Signet,Gluttonous Spike,Blood-Spattered Scale,Drape of Twisted Loyalties,Engorged Worm Smasher,Acidslough Bulwark,174970275,Precious' Ribbon,Tabard of the Lightbringer
Sinful Gladiator's Plate Helm,Charm of Eternal Winter,Sinful Gladiator's Plate Pauldrons,Sinful Gladiator's Plate Chestguard,Sinful Gladiator's Plate Girdle,Shadowghast Greaves,Warboots of Ruthless Conviction,Hellhound Cuffs,Fleshfused Crushers,Stitchflesh's Misplaced Signet,Ritualist's Treasured Ring,Sanguine Vintage,Blood-Spattered Scale,Crest of the Legionnaire General,Engorged Worm Smasher,Acidslough Bulwark,165126289,Lucky Shirt,Ironforge Tabard
Wrathbark Greathelm,Trailspinner Pendant,Shadowghast Pauldrons,Breastplate of Otherworldly Influence,Girdle of the Soulflayer,Legplates of Unholy Frenzy,Warboots of Ruthless Conviction,Soldier's Stoneband Wristguards,Distorted Construct's Gauntlets,Ritual Bone Band,Signet of the False Accuser,Slimy Consumptive Organ,Blood-Spattered Scale,Dealer Xy'exa's Cape,Axe of the Deadgrove,Encrusted Canopic Lid,186395929,,Rustbolt Resistance Tabard
Wing Commander's Helmet,Sin Stained Pendant,Shadowghast Pauldrons,Breastplate of Otherworldly Influence,Stonebark Girdle,Legplates of Unholy Frenzy,Errant Crusader's Greaves,Soldier's Stoneband Wristguards,Distorted Construct's Gauntlets,Most Regal Signet of Sire Denathrius,Arachnid Cipher Ring,Blood-Spattered Scale,Stone Legion Heraldry,Crest of the Legionnaire General,Sophisticated Bonecracker,Acidslough Bulwark,132401526,Undisputed Champion's Shirt,Tabard of the Explorer
Darkfrost Helmet,Sin Stained Pendant,Shadowghast Pauldrons,Breastplate of Cautious Calculation,Stoic Guardsman's Belt,Halkias's Towering Pillars,Errant Crusader's Greaves,Thunderous Echo Vambraces,Fleshfused Crushers,Ritual Bone Band,Stitchflesh's Misplaced Signet,Phial of Putrefaction,Anima Field Emitter,Cowled Batwing Cloak,Engorged Worm Smasher,Elysian Sentinel's Aegis,243412402,,Tabard of the Ascended
Shadowghast Helm,Sinful Gladiator's Necklace,Unyielding Combatant's Pauldrons,Breastplate of Brutal Dissonance,Sinful Gladiator's Plate Greatbelt,Legplates of Unholy Frenzy,Muckwallow Stompers,Sinful Gladiator's Plate Vambraces,Distorted Construct's Gauntlets,Sinful Gladiator's Ring,Signet of the False Accuser,Overwhelming Power Crystal,Sinful Gladiator's Medallion,Cowled Batwing Cloak,Sinsmasher,Acidslough Bulwark,152789283,Artisan Officer's Shirt,Renowned Guild Tabard
Diadem of Imperious Desire,Charm of Eternal Winter,Shadowghast Pauldrons,Sinful Gladiator's Plate Chestguard,Binding of Warped Desires,Gormshell Greaves,Muckwallow Stompers,Soldier's Stoneband Wristguards,Hardened Castle Crushers,Most Regal Signet of Sire Denathrius,Hyperlight Band,Splintered Heart of Al'ar,Anima Field Emitter,Decadent Nathrian Shawl,Sophisticated Bonecracker,Encrusted Canopic Lid,175023052,,Stormwind Tabard
Sinful Gladiator's Plate Helm,Sinful Gladiator's Amulet,Pauldrons of Unleashed Pride,Sinful Gladiator's Plate Chestplate,Shadowghast Waistguard,Halkias's Towering Pillars,Sinful Gladiator's Plate Warboots,Vambraces of the Depraved Warden,Sinful Gladiator's Plate Gauntlets,Hyperlight Band,Ritual Bone Band,Blood-Spattered Scale,Slimy Consumptive Organ,Crest of the Legionnaire General,Axe of the Deadgrove,Chyrus's Crest of Hope,158366847,,Renowned Guild Tabard
Wrathbark Greathelm,Muckformed Chain Choker,Shadowghast Pauldrons,Breastplate of Otherworldly Influence,Scarred Bloodbound Girdle,Halkias's Towering Pillars,Stoneguard Attendant's Boots,Thunderous Echo Vambraces,Colossal Plate Gauntlets,Death God's Signet,Most Regal Signet of Sire Denathrius,Anima Field Emitter,Blood-Spattered Scale,Crest of the Legionnaire General,Axe of the Deadgrove,Chyrus's Crest of Hope,115463739,Precious' Ribbon,Tabard of the Lightbringer
Shadowghast Helm,Sinful Gladiator's Necklace,Pauldrons of Unleashed Pride,Breastplate of Otherworldly Influence,Girdle of the Soulflayer,Halkias's Towering Pillars,Muckwallow Stompers,Hellhound Cuffs,Guilewind Stone Talons,Stitchflesh's Misplaced Signet,Sinful Gladiator's Ring,Slimy Consumptive Organ,Blood-Spattered Scale,Cowled Batwing Cloak,Sinful Gladiator's Xiphos,Barricade of the Endless Empire,190776907,Common White Shirt,Tabard of the Lightbringer
Wing Commander's Helmet,Charm of Eternal Winter,Unyielding Combatant's Pauldrons,Breastplate of Otherworldly Influence,Fused Bone Greatbelt,Galvanized Oxxein Legguards,Muckwallow Stompers,Pit Fighter's Wristguards,Colossal Plate Gauntlets,Hyperlight Band,Shadowghast Ring,Blood-Spattered Scale,Splintered Heart of Al'ar,Blighted Margrave's Cloak,Sophisticated Bonecracker,Chyrus's Crest of Hope,192498688,,Renowned Guild Tabard
Wrathbark Greathelm,Sinful Gladiator's Necklace,Sinful Gladiator's Plate Pauldrons,Abdominal Securing Chestguard,Fused Bone Greatbelt,Gormshell Greaves,Errant Crusader's Greaves,Pit Fighter's Wristguards,Fogweaver Gauntlets,Signet of the False Accuser,Shadowghast Ring,Pulsating Stoneheart,Splintered Heart of Al'ar,Cowled Batwing Cloak,Sinful Gladiator's Xiphos,Sinful Gladiator's Guard,118696238,,Tabard of the Ascended
Shadowghast Helm,Charm of Eternal Winter,Unyielding Combatant's Pauldrons,Breastplate of Cautious Calculation,Binding of Warped Desires,Legplates of Unholy Frenzy,Dynamo Doomstompers,Soldier's Stoneband Wristguards,Fogweaver Gauntlets,Entwined Gorger Tendril,Arachnid Cipher Ring,Decanter of Anima-Charged Winds,Inscrutable Quantum Device,Crest of the Legionnaire General,Sophisticated Bonecracker,Barricade of the Endless Empire,79887137,Stylish Red Shirt,
Shadowghast Helm,Sin Stained Pendant,Sinful Gladiator's Plate Pauldrons,Breastplate of Otherworldly Influence,Binding of Warped Desires,Sinful Gladiator's Plate Legguards,Muckwallow Stompers,Vambraces of the Depraved Warden,Distorted Construct's Gauntlets,Band of the Risen Bonelord,Stitchflesh's Misplaced Signet,Anima Field Emitter,Blood-Spattered Scale,Blighted Margrave's Cloak,Engorged Worm Smasher,Acidslough Bulwark,245739784,Green Workman's Shirt,Tabard of the Lightbringer
Darkfrost Helmet,Trailspinner Pendant,Shadowghast Pauldrons,Breastplate of Brutal Dissonance,Scarred Bloodbound Girdle,Galvanized Oxxein Legguards,Warboots of Ruthless Conviction,Hellhound Cuffs,Fallen Templar's Gauntlets,Band of the Risen Bonelord,Ritual Commander's Ring,Blood-Spattered Scale,Anima Field Emitter,Cowled Batwing Cloak,Axe of the Deadgrove,Encrusted Canopic Lid,142525234,Precious' Ribbon,Tabard of the Lightbringer
Darkfrost Helmet,Noble's Birthstone Pendant,Shadowghast Pauldrons,Breastplate of Cautious Calculation,Stoic Guardsman's Belt,Legplates of Unholy Frenzy,Muckwallow Stompers,Reality-Shatter Vambraces,Colossal Plate Gauntlets,Stitchflesh's Misplaced Signet,Ritualist's Treasured Ring,Blood-Spattered Scale,Overwhelming Power Crystal,Cowled Batwing Cloak,Axe of the Deadgrove,Encrusted Canopic Lid,112613598,,Renowned Guild Tabard
Sinful Gladiator's Plate Helm,Sinful Gladiator's Necklace,Shadowghast Pauldrons,Breastplate of Otherworldly Influence,Girdle of the Soulflayer,Gormshell Greaves,Sinful Gladiator's Plate Warboots,Vambraces of the Depraved Warden,Sinful Gladiator's Plate Handguards,Sinful Gladiator's Ring,Signet of the False Accuser,Blood-Spattered Scale,Sinful Aspirant's Insignia of Alacrity,Drape of Twisted Loyalties,Gorestained Cleaver,Sinful Gladiator's Guard,146437861,Threads of Tirion,Tushui Tabard
Shadowghast Helm,Sinful Gladiator's Necklace,Pauldrons of Unleashed Pride,Breastplate of Otherworldly Influence,Scarred Bloodbound Girdle,Legplates of Unholy Frenzy,Dynamo Doomstompers,Hellhound Cuffs,Fleshfused Crushers,Death God's Signet,Stitchflesh's Misplaced Signet,Anima Field Emitter,Decanter of Anima-Charged Winds,Blighted Margrave's Cloak,Axe of the Deadgrove,Acidslough Bulwark,170582851,Wound Dressing,Tabard of the Ascended
Sinful Gladiator's Plate Helmet,Charm of Eternal Winter,Sinful Gladiator's Plate Pauldrons,Sinful Gladiator's Plate Chestguard,Sinful Gladiator's Plate Girdle,Ceremonial Parade Legguards,Shadowghast Sabatons,Sinful Gladiator's Plate Vambraces,Colossal Plate Gauntlets,Signet of the False Accuser,Sinful Gladiator's Band,Skulker's Wing,Viscera of Coalesced Hatred,Cowled Batwing Cloak,Sinsmasher,Sinful Gladiator's Redoubt,161435980,,Tabard of the Explorer
Wing Commander's Helmet,Charm of Eternal Winter,Unyielding Combatant's Pauldrons,Abdominal Securing Chestguard,Girdle of the Soulflayer,Shadowghast Greaves,Stoneguard Attendant's Boots,Thunderous Echo Vambraces,Fleshfused Crushers,Ardent Sunstar Signet,Ritualist's Treasured Ring,Anima Field Emitter,Stone Legion Heraldry,Cowled Batwing Cloak,Engorged Worm Smasher,Stonewrought Gargoyles Barrier,224662276,Precious' Ribbon,
Wrathbark Greathelm,Charm of Eternal Winter,Epaulettes of Overwhelming Force,Breastplate of Otherworldly Influence,Shadowghast Waistguard,Halkias's Towering Pillars,Muckwallow Stompers,Thunderous Echo Vambraces,Fogweaver Gauntlets,Stitchflesh's Misplaced Signet,Signet of the False Accuser,Splintered Heart of Al'ar,Stone Legion Heraldry,Cowled Batwing Cloak,Barbed-Edge of the Stone Legion,Stonewrought Gargoyles Barrier,173705901,Irradiated Undercoat,Darkspear Tabard
Wrathbark Greathelm,Sinful Gladiator's Necklace,Vile Butcher's Pauldrons,Breastplate of Fatal Contrivances,Shadowghast Waistguard,Halkias's Towering Pillars,Warboots of Ruthless Conviction,Sinful Gladiator's Plate Vambraces,Fleshfused Crushers,Sinful Gladiator's Signet,Ardent Sunstar Signet,Blood-Spattered Scale,Inscrutable Quantum Device,Mantle of Manifest Sins,Axe of the Deadgrove,Sinful Gladiator's Guard,63211228,,
